2026-08-24 13:14:45 DEBUG    [SA_03] TEST DEBUG
2026-08-24 13:14:45 INFO     [SA_03] TEST INFO
2026-08-24 13:14:45 WARNING  [SA_03] TEST WARNING
2026-08-24 13:14:45 ERROR    [SA_03] TEST ERROR
2026-08-24 13:17:52 DEBUG    [SA_03] Slider: factor_pause_before_translation = 2.18
2026-08-24 13:17:53 DEBUG    [SA_03] Slider: factor_pause_before_translation = 1.4866666666666668
2026-08-24 13:17:55 DEBUG    [SA_03] Slider: voice_speed = 0.8638888888888887
2026-08-24 13:17:56 DEBUG    [SA_03] Slider: pause_between_sentences = 4711.111111111111
2026-08-24 13:21:31 DEBUG    [SA_03] Slider: factor_pause_before_translation = 1.9200000000000002
2026-08-24 13:21:33 DEBUG    [SA_03] Slider: pause_between_sentences = 2133.3333333333335
2026-08-24 13:21:34 DEBUG    [SA_03] Slider: voice_speed = 0.47277777777777774
2026-08-24 13:21:35 DEBUG    [SA_03] Slider: factor_pause_before_translation = 2.4616666666666664
2026-08-24 13:21:36 DEBUG    [SA_03] Slider: voice_speed = 0.9066666666666665
2026-08-24 13:24:10 INFO     [SA_03] Start Application
2026-08-24 13:25:25 INFO     [SA_03] Start Application
2026-08-24 13:25:28 INFO     [SA_03] Finsh Application
2026-08-24 13:25:51 INFO     [SA_03] Start Application
2026-08-24 13:25:54 DEBUG    [SA_03] Slider: voice_speed = 0.656111111111111
2026-08-24 13:25:56 DEBUG    [SA_03] Slider: factor_pause_before_translation = 1.985
2026-08-24 13:26:00 DEBUG    [SA_03] Slider: pause_between_sentences = 7155.555555555556
2026-08-24 13:26:00 DEBUG    [SA_03] Slider: pause_between_sentences = 3555.555555555555
2026-08-24 13:26:03 DEBUG    [SA_03] Slider: pause_between_sentences = 5777.777777777777
2026-08-24 13:26:05 INFO     [SA_03] Finsh Application
2026-08-24 13:42:27 INFO     [SA_03] Start Application
2026-08-24 13:46:44 INFO     [SA_03] Start Application
2026-08-24 13:48:37 INFO     [SA_03] Start Application
2026-08-24 13:48:37 DEBUG    [SA_03] INITIAL ITEM: phrase_code = en phrase_locale = en-GB phrase_voice = en-GB-RyanNeural
2026-08-24 13:48:37 DEBUG    [SA_03] INITIAL SOURCE: language = en locale = en-GB voice = 
2026-08-24 13:48:40 DEBUG    [SA_03] Button: settings
2026-08-24 13:48:40 DEBUG    [SA_03] INITIAL ITEM: phrase_code = en phrase_locale = en-GB phrase_voice = en-GB-RyanNeural
2026-08-24 13:48:40 DEBUG    [SA_03] INITIAL SOURCE: language = en locale = en-GB voice = 
2026-08-24 13:48:40 DEBUG    [SA_03] Target language: en
2026-08-24 13:48:41 DEBUG    [SA_03] Target locale: en-US
2026-08-24 13:48:55 INFO     [SA_03] Detected language: en
2026-08-24 13:48:55 DEBUG    [SA_03] Source locale: en-GB
2026-08-24 13:49:06 INFO     [SA_03] Detected language: en
2026-08-24 13:49:06 DEBUG    [SA_03] Generate language check: source = en detected = en
2026-08-24 13:49:06 DEBUG    [SA_03] Source language matches.
2026-08-24 13:49:11 INFO     [SA_03] 
2026-08-24 13:49:11 INFO     [SA_03] ==============
2026-08-24 13:49:11 INFO     [SA_03] PLAN GENERATED
2026-08-24 13:49:11 INFO     [SA_03] ==============
2026-08-24 13:49:11 INFO     [SA_03] Items: 7
2026-08-24 13:49:11 INFO     [SA_03] --------------
2026-08-24 13:49:11 INFO     [SA_03] 1 PowerShell Commands | pause: 500 | repeat: 1
2026-08-24 13:49:11 INFO     [SA_03] 2 PowerShell is a robust command-line tool, scripting language, and automation platform. | pause: 1962 | repeat: 1
2026-08-24 13:49:11 INFO     [SA_03] 3 It helps sysadmins automate recurring tasks so they can spend more time where it matters. | pause: 1978 | repeat: 1
2026-08-24 13:49:11 INFO     [SA_03] 4 Here at PDQ, we love PowerShell. | pause: 1224 | repeat: 1
2026-08-24 13:49:11 INFO     [SA_03] 5 (We even host a podcast). | pause: 1050 | repeat: 1
2026-08-24 13:49:11 INFO     [SA_03] 6 To help our users save time and their own sanity, we've compiled a gallery of PowerShell commands. | pause: 2236 | repeat: 1
2026-08-24 13:49:11 INFO     [SA_03] 7 Aren't we sweet? | pause: 872 | repeat: 1
2026-08-24 13:49:11 INFO     [SA_03] ==============================
2026-08-24 13:49:11 INFO     [SA_03] 
2026-08-24 13:49:17 INFO     [SA_03] Finsh Application
2026-08-24 13:56:35 INFO     [SA_03] Start Application
2026-08-24 13:56:35 DEBUG    [SA_03] INITIAL ITEM: phrase_code = en phrase_locale = en-GB phrase_voice = en-GB-LibbyNeural
2026-08-24 13:56:35 DEBUG    [SA_03] INITIAL SOURCE: language = en locale = en-GB voice = 
2026-08-24 13:56:39 DEBUG    [SA_03] Button: settings
2026-08-24 13:56:39 DEBUG    [SA_03] INITIAL ITEM: phrase_code = en phrase_locale = en-GB phrase_voice = en-GB-LibbyNeural
2026-08-24 13:56:39 DEBUG    [SA_03] INITIAL SOURCE: language = en locale = en-GB voice = 
2026-08-24 13:56:40 DEBUG    [SA_03] Target language: en
2026-08-24 13:56:40 DEBUG    [SA_03] Target locale: en-US
2026-08-24 13:56:49 INFO     [SA_03] Detected language: ru
2026-08-24 13:56:49 DEBUG    [SA_03] Source locale: ru-RU
2026-08-24 13:56:52 DEBUG    [SA_03] Locale: ru-RU Language: ru
2026-08-24 13:56:54 DEBUG    [SA_03] Voice: ru-RU-SvetlanaNeural
2026-08-24 13:57:06 DEBUG    [SA_03] Target language: lt
2026-08-24 13:57:06 DEBUG    [SA_03] Target locale: lt-LT
2026-08-24 13:57:10 DEBUG    [SA_03] Target voice: lt-LT-OnaNeural
2026-08-24 13:57:25 ERROR    [SA_03] Checking source language before generation...
2026-08-24 13:57:27 INFO     [SA_03] Detected language: ru
2026-08-24 13:57:27 DEBUG    [SA_03] Generate language check: source = ru detected = ru
2026-08-24 13:57:27 DEBUG    [SA_03] Source language matches.
2026-08-24 13:57:27 INFO     [SA_03] Generator: ShadowingGenerator
2026-08-24 13:57:27 INFO     [SA_03] Generating plan...
2026-08-24 13:57:32 INFO     [SA_03] 
2026-08-24 13:57:32 INFO     [SA_03] ==============
2026-08-24 13:57:32 INFO     [SA_03] PLAN GENERATED
2026-08-24 13:57:32 INFO     [SA_03] ==============
2026-08-24 13:57:32 INFO     [SA_03] Items: 4
2026-08-24 13:57:32 INFO     [SA_03] --------------
2026-08-24 13:57:32 INFO     [SA_03] 1 Сегодня хорошая погода. | pause: 2658 | repeat: 1
2026-08-24 13:57:32 INFO     [SA_03] 2 Я решил пойти прогуляться. | pause: 2916 | repeat: 1
2026-08-24 13:57:32 INFO     [SA_03] 3 По дороге я встретил старого друга. | pause: 3450 | repeat: 1
2026-08-24 13:57:32 INFO     [SA_03] 4 Мы немного поговорили и пошли дальше. | pause: 3462 | repeat: 1
2026-08-24 13:57:32 INFO     [SA_03] ==============================
2026-08-24 13:57:32 INFO     [SA_03] 
2026-08-24 13:57:38 DEBUG    [SA_03] Button: play
2026-08-24 13:58:21 DEBUG    [SA_03] Button: settings
2026-08-24 13:58:21 DEBUG    [SA_03] INITIAL ITEM: phrase_code = ru phrase_locale = ru-RU phrase_voice = ru-RU-SvetlanaNeural
2026-08-24 13:58:21 DEBUG    [SA_03] INITIAL SOURCE: language = ru locale = ru-RU voice = 
2026-08-24 13:58:21 DEBUG    [SA_03] Target language: en
2026-08-24 13:58:21 DEBUG    [SA_03] Target locale: en-US
2026-08-24 13:58:32 DEBUG    [SA_03] Target language: it
2026-08-24 13:58:33 DEBUG    [SA_03] Target locale: it-IT
2026-08-24 13:58:41 ERROR    [SA_03] Checking source language before generation...
2026-08-24 13:58:43 INFO     [SA_03] Detected language: ru
2026-08-24 13:58:43 DEBUG    [SA_03] Generate language check: source = ru detected = ru
2026-08-24 13:58:43 DEBUG    [SA_03] Source language matches.
2026-08-24 13:58:43 INFO     [SA_03] Generator: ShadowingGenerator
2026-08-24 13:58:43 INFO     [SA_03] Generating plan...
2026-08-24 13:58:46 INFO     [SA_03] 
2026-08-24 13:58:46 INFO     [SA_03] ==============
2026-08-24 13:58:46 INFO     [SA_03] PLAN GENERATED
2026-08-24 13:58:46 INFO     [SA_03] ==============
2026-08-24 13:58:46 INFO     [SA_03] Items: 4
2026-08-24 13:58:46 INFO     [SA_03] --------------
2026-08-24 13:58:46 INFO     [SA_03] 1 Сегодня хорошая погода. | pause: 886 | repeat: 1
2026-08-24 13:58:46 INFO     [SA_03] 2 Я решил пойти прогуляться. | pause: 972 | repeat: 1
2026-08-24 13:58:46 INFO     [SA_03] 3 По дороге я встретил старого друга. | pause: 1150 | repeat: 1
2026-08-24 13:58:46 INFO     [SA_03] 4 Мы немного поговорили и пошли дальше. | pause: 1154 | repeat: 1
2026-08-24 13:58:46 INFO     [SA_03] ==============================
2026-08-24 13:58:46 INFO     [SA_03] 
2026-08-24 13:58:51 DEBUG    [SA_03] Button: play
2026-08-24 13:59:40 DEBUG    [SA_03] Button: settings
2026-08-24 13:59:40 DEBUG    [SA_03] INITIAL ITEM: phrase_code = ru phrase_locale = ru-RU phrase_voice = ru-RU-SvetlanaNeural
2026-08-24 13:59:40 DEBUG    [SA_03] INITIAL SOURCE: language = ru locale = ru-RU voice = 
2026-08-24 13:59:40 DEBUG    [SA_03] Target language: en
2026-08-24 13:59:40 DEBUG    [SA_03] Target locale: en-US
2026-08-24 14:00:00 DEBUG    [SA_03] Target language: fr
2026-08-24 14:00:00 DEBUG    [SA_03] Target locale: fr-BE
2026-08-24 14:00:04 DEBUG    [SA_03] Target locale: fr-FR
2026-08-24 14:00:09 DEBUG    [SA_03] Target voice: fr-FR-DeniseNeural
2026-08-24 14:00:10 ERROR    [SA_03] Checking source language before generation...
2026-08-24 14:00:12 INFO     [SA_03] Detected language: ru
2026-08-24 14:00:12 DEBUG    [SA_03] Generate language check: source = ru detected = ru
2026-08-24 14:00:12 DEBUG    [SA_03] Source language matches.
2026-08-24 14:00:12 INFO     [SA_03] Generator: ShadowingGenerator
2026-08-24 14:00:12 INFO     [SA_03] Generating plan...
2026-08-24 14:00:16 INFO     [SA_03] 
2026-08-24 14:00:16 INFO     [SA_03] ==============
2026-08-24 14:00:16 INFO     [SA_03] PLAN GENERATED
2026-08-24 14:00:16 INFO     [SA_03] ==============
2026-08-24 14:00:16 INFO     [SA_03] Items: 4
2026-08-24 14:00:16 INFO     [SA_03] --------------
2026-08-24 14:00:16 INFO     [SA_03] 1 Сегодня хорошая погода. | pause: 886 | repeat: 1
2026-08-24 14:00:16 INFO     [SA_03] 2 Я решил пойти прогуляться. | pause: 972 | repeat: 1
2026-08-24 14:00:16 INFO     [SA_03] 3 По дороге я встретил старого друга. | pause: 1150 | repeat: 1
2026-08-24 14:00:16 INFO     [SA_03] 4 Мы немного поговорили и пошли дальше. | pause: 1154 | repeat: 1
2026-08-24 14:00:16 INFO     [SA_03] ==============================
2026-08-24 14:00:16 INFO     [SA_03] 
2026-08-24 14:00:21 DEBUG    [SA_03] Button: play
2026-08-24 14:01:21 INFO     [SA_03] Finsh Application
2026-08-24 14:10:43 INFO     [SA_03] Start Application
2026-08-24 14:10:44 DEBUG    [SA_03] INITIAL ITEM: phrase_code = ru phrase_locale = ru-RU phrase_voice = ru-RU-SvetlanaNeural
2026-08-24 14:10:44 DEBUG    [SA_03] INITIAL SOURCE: language = ru locale = ru-RU voice = 
2026-08-24 14:10:47 DEBUG    [SA_03] Button: play
2026-08-24 14:10:47 DEBUG    [SA_03] PREPARE_ITEM #0
2026-08-24 14:10:47 DEBUG    [SA_03] ACTION: {'action': 'SHOW', 'target': 'top', 'content': 'phrase_text'}
2026-08-24 14:10:47 DEBUG    [SA_03] ACTION: {'action': 'PLAY', 'source': 'phrase_text'}
2026-08-24 14:10:47 DEBUG    [SA_03] TEXT PLAY
2026-08-24 14:10:49 DEBUG    [SA_03] TEXT_END
2026-08-24 14:10:50 DEBUG    [SA_03] ACTION: {'action': 'WAIT', 'source': 'pause_before_translation'}
2026-08-24 14:10:50 DEBUG    [SA_03] Checkbox: randomize = True
2026-08-24 14:10:50 DEBUG    [SA_03] PAUSE_END
2026-08-24 14:10:50 DEBUG    [SA_03] ACTION: {'action': 'SHOW', 'target': 'bottom', 'content': 'translate_text'}
2026-08-24 14:10:50 DEBUG    [SA_03] ACTION: {'action': 'PLAY', 'source': 'translate_text'}
2026-08-24 14:10:50 DEBUG    [SA_03] TRANSLATION PLAY
2026-08-24 14:10:53 DEBUG    [SA_03] TRANSLATION_END
2026-08-24 14:10:53 DEBUG    [SA_03] ACTION: {'action': 'WAIT', 'source': 'pause_between_sentences'}
2026-08-24 14:10:55 DEBUG    [SA_03] PAUSE_END
2026-08-24 14:10:55 DEBUG    [SA_03] ACTION: {'action': 'HIDE', 'target': 'top'}
2026-08-24 14:10:55 DEBUG    [SA_03] ACTION: {'action': 'HIDE', 'target': 'bottom'}
2026-08-24 14:10:55 INFO     [SA_03] SCENARIO FINISHED
2026-08-24 14:10:55 DEBUG    [SA_03] FINISH_ITEM: repeat 1/1
2026-08-24 14:10:55 DEBUG    [SA_03] RANDOMIZE: next random item
2026-08-24 14:10:55 DEBUG    [SA_03] PREPARE_ITEM #0
2026-08-24 14:10:55 DEBUG    [SA_03] ACTION: {'action': 'SHOW', 'target': 'top', 'content': 'phrase_text'}
2026-08-24 14:10:55 DEBUG    [SA_03] ACTION: {'action': 'PLAY', 'source': 'phrase_text'}
2026-08-24 14:10:55 DEBUG    [SA_03] TEXT PLAY
2026-08-24 14:10:56 DEBUG    [SA_03] Checkbox: loop = True
2026-08-24 14:10:57 DEBUG    [SA_03] Checkbox: randomize = False
2026-08-24 14:10:58 DEBUG    [SA_03] TEXT_END
2026-08-24 14:10:58 DEBUG    [SA_03] ACTION: {'action': 'WAIT', 'source': 'pause_before_translation'}
2026-08-24 14:10:59 DEBUG    [SA_03] PAUSE_END
2026-08-24 14:10:59 DEBUG    [SA_03] ACTION: {'action': 'SHOW', 'target': 'bottom', 'content': 'translate_text'}
2026-08-24 14:10:59 DEBUG    [SA_03] ACTION: {'action': 'PLAY', 'source': 'translate_text'}
2026-08-24 14:10:59 DEBUG    [SA_03] TRANSLATION PLAY
2026-08-24 14:11:01 DEBUG    [SA_03] TRANSLATION_END
2026-08-24 14:11:01 DEBUG    [SA_03] ACTION: {'action': 'WAIT', 'source': 'pause_between_sentences'}
2026-08-24 14:11:03 DEBUG    [SA_03] PAUSE_END
2026-08-24 14:11:03 DEBUG    [SA_03] ACTION: {'action': 'HIDE', 'target': 'top'}
2026-08-24 14:11:03 DEBUG    [SA_03] ACTION: {'action': 'HIDE', 'target': 'bottom'}
2026-08-24 14:11:03 INFO     [SA_03] SCENARIO FINISHED
2026-08-24 14:11:03 DEBUG    [SA_03] LOOP: repeat current item
2026-08-24 14:11:03 DEBUG    [SA_03] ACTION: {'action': 'SHOW', 'target': 'top', 'content': 'phrase_text'}
2026-08-24 14:11:03 DEBUG    [SA_03] ACTION: {'action': 'PLAY', 'source': 'phrase_text'}
2026-08-24 14:11:03 DEBUG    [SA_03] TEXT PLAY
2026-08-24 14:11:06 DEBUG    [SA_03] TEXT_END
2026-08-24 14:11:06 DEBUG    [SA_03] ACTION: {'action': 'WAIT', 'source': 'pause_before_translation'}
2026-08-24 14:11:07 DEBUG    [SA_03] PAUSE_END
2026-08-24 14:11:07 DEBUG    [SA_03] ACTION: {'action': 'SHOW', 'target': 'bottom', 'content': 'translate_text'}
2026-08-24 14:11:07 DEBUG    [SA_03] ACTION: {'action': 'PLAY', 'source': 'translate_text'}
2026-08-24 14:11:07 DEBUG    [SA_03] TRANSLATION PLAY
2026-08-24 14:11:07 DEBUG    [SA_03] Checkbox: loop = False
2026-08-24 14:11:09 DEBUG    [SA_03] TRANSLATION_END
2026-08-24 14:11:09 DEBUG    [SA_03] ACTION: {'action': 'WAIT', 'source': 'pause_between_sentences'}
2026-08-24 14:11:11 DEBUG    [SA_03] PAUSE_END
2026-08-24 14:11:11 DEBUG    [SA_03] ACTION: {'action': 'HIDE', 'target': 'top'}
2026-08-24 14:11:11 DEBUG    [SA_03] ACTION: {'action': 'HIDE', 'target': 'bottom'}
2026-08-24 14:11:11 INFO     [SA_03] SCENARIO FINISHED
2026-08-24 14:11:11 DEBUG    [SA_03] FINISH_ITEM: repeat 1/1
2026-08-24 14:11:11 DEBUG    [SA_03] PREPARE_ITEM #1
2026-08-24 14:11:11 DEBUG    [SA_03] ACTION: {'action': 'SHOW', 'target': 'top', 'content': 'phrase_text'}
2026-08-24 14:11:11 DEBUG    [SA_03] ACTION: {'action': 'PLAY', 'source': 'phrase_text'}
2026-08-24 14:11:11 DEBUG    [SA_03] TEXT PLAY
2026-08-24 14:11:14 DEBUG    [SA_03] Checkbox: randomize = True
2026-08-24 14:11:14 DEBUG    [SA_03] TEXT_END
2026-08-24 14:11:14 DEBUG    [SA_03] ACTION: {'action': 'WAIT', 'source': 'pause_before_translation'}
2026-08-24 14:11:15 DEBUG    [SA_03] PAUSE_END
2026-08-24 14:11:15 DEBUG    [SA_03] ACTION: {'action': 'SHOW', 'target': 'bottom', 'content': 'translate_text'}
2026-08-24 14:11:15 DEBUG    [SA_03] ACTION: {'action': 'PLAY', 'source': 'translate_text'}
2026-08-24 14:11:15 DEBUG    [SA_03] TRANSLATION PLAY
2026-08-24 14:11:18 DEBUG    [SA_03] TRANSLATION_END
2026-08-24 14:11:18 DEBUG    [SA_03] ACTION: {'action': 'WAIT', 'source': 'pause_between_sentences'}
2026-08-24 14:11:20 DEBUG    [SA_03] PAUSE_END
2026-08-24 14:11:20 DEBUG    [SA_03] ACTION: {'action': 'HIDE', 'target': 'top'}
2026-08-24 14:11:20 DEBUG    [SA_03] ACTION: {'action': 'HIDE', 'target': 'bottom'}
2026-08-24 14:11:20 INFO     [SA_03] SCENARIO FINISHED
2026-08-24 14:11:20 DEBUG    [SA_03] FINISH_ITEM: repeat 1/1
2026-08-24 14:11:20 DEBUG    [SA_03] RANDOMIZE: next random item
2026-08-24 14:11:20 DEBUG    [SA_03] PREPARE_ITEM #1
2026-08-24 14:11:20 DEBUG    [SA_03] ACTION: {'action': 'SHOW', 'target': 'top', 'content': 'phrase_text'}
2026-08-24 14:11:20 DEBUG    [SA_03] ACTION: {'action': 'PLAY', 'source': 'phrase_text'}
2026-08-24 14:11:20 DEBUG    [SA_03] TEXT PLAY
2026-08-24 14:11:23 DEBUG    [SA_03] TEXT_END
2026-08-24 14:11:23 DEBUG    [SA_03] ACTION: {'action': 'WAIT', 'source': 'pause_before_translation'}
2026-08-24 14:11:24 DEBUG    [SA_03] PAUSE_END
2026-08-24 14:11:24 DEBUG    [SA_03] ACTION: {'action': 'SHOW', 'target': 'bottom', 'content': 'translate_text'}
2026-08-24 14:11:24 DEBUG    [SA_03] ACTION: {'action': 'PLAY', 'source': 'translate_text'}
2026-08-24 14:11:24 DEBUG    [SA_03] TRANSLATION PLAY
2026-08-24 14:11:26 DEBUG    [SA_03] TRANSLATION_END
2026-08-24 14:11:26 DEBUG    [SA_03] ACTION: {'action': 'WAIT', 'source': 'pause_between_sentences'}
2026-08-24 14:11:28 DEBUG    [SA_03] PAUSE_END
2026-08-24 14:11:28 DEBUG    [SA_03] ACTION: {'action': 'HIDE', 'target': 'top'}
2026-08-24 14:11:28 DEBUG    [SA_03] ACTION: {'action': 'HIDE', 'target': 'bottom'}
2026-08-24 14:11:28 INFO     [SA_03] SCENARIO FINISHED
2026-08-24 14:11:28 DEBUG    [SA_03] FINISH_ITEM: repeat 1/1
2026-08-24 14:11:28 DEBUG    [SA_03] RANDOMIZE: next random item
2026-08-24 14:11:28 DEBUG    [SA_03] PREPARE_ITEM #0
2026-08-24 14:11:28 DEBUG    [SA_03] ACTION: {'action': 'SHOW', 'target': 'top', 'content': 'phrase_text'}
2026-08-24 14:11:28 DEBUG    [SA_03] ACTION: {'action': 'PLAY', 'source': 'phrase_text'}
2026-08-24 14:11:28 DEBUG    [SA_03] TEXT PLAY
2026-08-24 14:11:31 DEBUG    [SA_03] TEXT_END
2026-08-24 14:11:31 DEBUG    [SA_03] ACTION: {'action': 'WAIT', 'source': 'pause_before_translation'}
2026-08-24 14:11:32 DEBUG    [SA_03] PAUSE_END
2026-08-24 14:11:32 DEBUG    [SA_03] ACTION: {'action': 'SHOW', 'target': 'bottom', 'content': 'translate_text'}
2026-08-24 14:11:32 DEBUG    [SA_03] ACTION: {'action': 'PLAY', 'source': 'translate_text'}
2026-08-24 14:11:32 DEBUG    [SA_03] TRANSLATION PLAY
2026-08-24 14:11:34 DEBUG    [SA_03] TRANSLATION_END
2026-08-24 14:11:34 DEBUG    [SA_03] ACTION: {'action': 'WAIT', 'source': 'pause_between_sentences'}
2026-08-24 14:11:36 DEBUG    [SA_03] PAUSE_END
2026-08-24 14:11:36 DEBUG    [SA_03] ACTION: {'action': 'HIDE', 'target': 'top'}
2026-08-24 14:11:36 DEBUG    [SA_03] ACTION: {'action': 'HIDE', 'target': 'bottom'}
2026-08-24 14:11:36 INFO     [SA_03] SCENARIO FINISHED
2026-08-24 14:11:36 DEBUG    [SA_03] FINISH_ITEM: repeat 1/1
2026-08-24 14:11:36 DEBUG    [SA_03] RANDOMIZE: next random item
2026-08-24 14:11:36 DEBUG    [SA_03] PREPARE_ITEM #1
2026-08-24 14:11:36 DEBUG    [SA_03] ACTION: {'action': 'SHOW', 'target': 'top', 'content': 'phrase_text'}
2026-08-24 14:11:36 DEBUG    [SA_03] ACTION: {'action': 'PLAY', 'source': 'phrase_text'}
2026-08-24 14:11:36 DEBUG    [SA_03] TEXT PLAY
2026-08-24 14:11:39 DEBUG    [SA_03] Button: pause
2026-08-24 14:11:42 DEBUG    [SA_03] Button: next
2026-08-24 14:11:43 DEBUG    [SA_03] Button: last
2026-08-24 14:11:45 DEBUG    [SA_03] Button: first
2026-08-24 14:11:46 DEBUG    [SA_03] Button: stop
2026-08-24 14:11:47 DEBUG    [SA_03] Button: play
2026-08-24 14:11:47 DEBUG    [SA_03] PREPARE_ITEM #0
2026-08-24 14:11:47 DEBUG    [SA_03] ACTION: {'action': 'SHOW', 'target': 'top', 'content': 'phrase_text'}
2026-08-24 14:11:47 DEBUG    [SA_03] ACTION: {'action': 'PLAY', 'source': 'phrase_text'}
2026-08-24 14:11:47 DEBUG    [SA_03] TEXT PLAY
2026-08-24 14:11:48 DEBUG    [SA_03] Button: play
2026-08-24 14:11:48 DEBUG    [SA_03] PREPARE_ITEM #0
2026-08-24 14:11:48 DEBUG    [SA_03] ACTION: {'action': 'SHOW', 'target': 'top', 'content': 'phrase_text'}
2026-08-24 14:11:48 DEBUG    [SA_03] ACTION: {'action': 'PLAY', 'source': 'phrase_text'}
2026-08-24 14:11:48 DEBUG    [SA_03] TEXT PLAY
2026-08-24 14:11:50 DEBUG    [SA_03] TEXT_END
2026-08-24 14:11:50 DEBUG    [SA_03] ACTION: {'action': 'WAIT', 'source': 'pause_before_translation'}
2026-08-24 14:11:50 INFO     [SA_03] Finsh Application
2026-08-24 14:14:44 INFO     [SA_03] Start Application
2026-08-24 14:14:45 DEBUG    [SA_03] INITIAL ITEM: phrase_code = ru phrase_locale = ru-RU phrase_voice = ru-RU-SvetlanaNeural
2026-08-24 14:14:45 DEBUG    [SA_03] INITIAL SOURCE: language = ru locale = ru-RU voice = 
2026-08-24 14:14:46 DEBUG    [SA_03] Button: play
2026-08-24 14:14:46 DEBUG    [SA_03] PREPARE_ITEM #0
2026-08-24 14:14:46 DEBUG    [SA_03] ACTION: {'action': 'SHOW', 'target': 'top', 'content': 'phrase_text'}
2026-08-24 14:14:46 DEBUG    [SA_03] ACTION: {'action': 'PLAY', 'source': 'phrase_text'}
2026-08-24 14:14:46 DEBUG    [SA_03] AudioProvider: CACHE HIT
2026-08-24 14:14:46 DEBUG    [SA_03] TEXT PLAY
2026-08-24 14:14:49 DEBUG    [SA_03] TEXT_END
2026-08-24 14:14:49 DEBUG    [SA_03] ACTION: {'action': 'WAIT', 'source': 'pause_before_translation'}
2026-08-24 14:14:50 DEBUG    [SA_03] PAUSE_END
2026-08-24 14:14:50 DEBUG    [SA_03] ACTION: {'action': 'SHOW', 'target': 'bottom', 'content': 'translate_text'}
2026-08-24 14:14:50 DEBUG    [SA_03] ACTION: {'action': 'PLAY', 'source': 'translate_text'}
2026-08-24 14:14:50 DEBUG    [SA_03] AudioProvider: CACHE HIT
2026-08-24 14:14:50 DEBUG    [SA_03] TRANSLATION PLAY
2026-08-24 14:14:52 DEBUG    [SA_03] TRANSLATION_END
2026-08-24 14:14:52 DEBUG    [SA_03] ACTION: {'action': 'WAIT', 'source': 'pause_between_sentences'}
2026-08-24 14:14:54 DEBUG    [SA_03] PAUSE_END
2026-08-24 14:14:54 DEBUG    [SA_03] ACTION: {'action': 'HIDE', 'target': 'top'}
2026-08-24 14:14:54 DEBUG    [SA_03] ACTION: {'action': 'HIDE', 'target': 'bottom'}
2026-08-24 14:14:54 INFO     [SA_03] SCENARIO FINISHED
2026-08-24 14:14:54 DEBUG    [SA_03] FINISH_ITEM: repeat 1/1
2026-08-24 14:14:54 DEBUG    [SA_03] PREPARE_ITEM #1
2026-08-24 14:14:54 DEBUG    [SA_03] ACTION: {'action': 'SHOW', 'target': 'top', 'content': 'phrase_text'}
2026-08-24 14:14:54 DEBUG    [SA_03] ACTION: {'action': 'PLAY', 'source': 'phrase_text'}
2026-08-24 14:14:54 DEBUG    [SA_03] AudioProvider: CACHE HIT
2026-08-24 14:14:54 DEBUG    [SA_03] TEXT PLAY
2026-08-24 14:14:57 DEBUG    [SA_03] TEXT_END
2026-08-24 14:14:57 DEBUG    [SA_03] ACTION: {'action': 'WAIT', 'source': 'pause_before_translation'}
2026-08-24 14:14:58 DEBUG    [SA_03] Slider: factor_pause_before_translation = 1.985
2026-08-24 14:14:58 DEBUG    [SA_03] PAUSE_END
2026-08-24 14:14:58 DEBUG    [SA_03] ACTION: {'action': 'SHOW', 'target': 'bottom', 'content': 'translate_text'}
2026-08-24 14:14:58 DEBUG    [SA_03] ACTION: {'action': 'PLAY', 'source': 'translate_text'}
2026-08-24 14:14:58 DEBUG    [SA_03] AudioProvider: CACHE HIT
2026-08-24 14:14:58 DEBUG    [SA_03] TRANSLATION PLAY
2026-08-24 14:14:59 DEBUG    [SA_03] Slider: voice_speed = 0.8333333333333331
2026-08-24 14:15:01 DEBUG    [SA_03] TRANSLATION_END
2026-08-24 14:15:01 DEBUG    [SA_03] ACTION: {'action': 'WAIT', 'source': 'pause_between_sentences'}
2026-08-24 14:15:01 DEBUG    [SA_03] Slider: pause_between_sentences = 4844.444444444444
2026-08-24 14:15:03 DEBUG    [SA_03] PAUSE_END
2026-08-24 14:15:03 DEBUG    [SA_03] ACTION: {'action': 'HIDE', 'target': 'top'}
2026-08-24 14:15:03 DEBUG    [SA_03] ACTION: {'action': 'HIDE', 'target': 'bottom'}
2026-08-24 14:15:03 INFO     [SA_03] SCENARIO FINISHED
2026-08-24 14:15:03 DEBUG    [SA_03] FINISH_ITEM: repeat 1/1
2026-08-24 14:15:03 DEBUG    [SA_03] PREPARE_ITEM #2
2026-08-24 14:15:03 DEBUG    [SA_03] ACTION: {'action': 'SHOW', 'target': 'top', 'content': 'phrase_text'}
2026-08-24 14:15:03 DEBUG    [SA_03] ACTION: {'action': 'PLAY', 'source': 'phrase_text'}
2026-08-24 14:15:03 DEBUG    [SA_03] AudioProvider: CACHE MISS
2026-08-24 14:15:04 INFO     [SA_03] Finsh Application
2026-08-24 14:21:45 INFO     [SA_03] Start Application
2026-08-24 14:21:45 DEBUG    [SA_03] INITIAL ITEM: phrase_code = ru phrase_locale = ru-RU phrase_voice = ru-RU-SvetlanaNeural
2026-08-24 14:21:45 DEBUG    [SA_03] INITIAL SOURCE: language = ru locale = ru-RU voice = 
2026-08-24 14:21:51 DEBUG    [SA_03] Slider: voice_speed = 0.6255555555555555
2026-08-24 14:21:52 DEBUG    [SA_03] Checkbox: randomize = True
2026-08-24 14:21:53 DEBUG    [SA_03] Checkbox: loop = True
2026-08-24 14:21:53 DEBUG    [SA_03] Checkbox: randomize = False
2026-08-24 14:21:54 DEBUG    [SA_03] Button: prev
2026-08-24 14:21:54 DEBUG    [SA_03] Button: first
2026-08-24 14:21:55 DEBUG    [SA_03] Button: play
2026-08-24 14:21:55 DEBUG    [SA_03] PREPARE_ITEM #0
2026-08-24 14:21:55 DEBUG    [SA_03] ACTION: {'action': 'SHOW', 'target': 'top', 'content': 'phrase_text'}
2026-08-24 14:21:55 DEBUG    [SA_03] ACTION: {'action': 'PLAY', 'source': 'phrase_text'}
2026-08-24 14:21:55 DEBUG    [SA_03] AudioProvider: CACHE MISS
2026-08-24 14:21:55 DEBUG    [SA_03] Button: pause
2026-08-24 14:21:56 DEBUG    [SA_03] Button: next
2026-08-24 14:21:57 DEBUG    [SA_03] Button: last
2026-08-24 14:21:59 DEBUG    [SA_03] Button: quit
2026-08-24 14:22:02 DEBUG    [SA_03] Button: settings
2026-08-24 14:22:02 DEBUG    [SA_03] INITIAL ITEM: phrase_code = ru phrase_locale = ru-RU phrase_voice = ru-RU-SvetlanaNeural
2026-08-24 14:22:02 DEBUG    [SA_03] INITIAL SOURCE: language = ru locale = ru-RU voice = 
2026-08-24 14:22:02 DEBUG    [SA_03] Target language: en
2026-08-24 14:22:02 DEBUG    [SA_03] Target locale: en-US
2026-08-24 14:22:13 INFO     [SA_03] Detected language: ru
2026-08-24 14:22:13 DEBUG    [SA_03] Source locale: ru-RU
2026-08-24 14:22:19 DEBUG    [SA_03] Scenario: reading
2026-08-24 14:22:21 ERROR    [SA_03] Checking source language before generation...
2026-08-24 14:22:23 INFO     [SA_03] Detected language: ru
2026-08-24 14:22:23 DEBUG    [SA_03] Generate language check: source = ru detected = ru
2026-08-24 14:22:23 DEBUG    [SA_03] Source language matches.
2026-08-24 14:22:23 ERROR    [SA_03] Unsupported generator scenario: reading
2026-08-24 14:23:05 DEBUG    [SA_03] Button: settings
2026-08-24 14:23:05 DEBUG    [SA_03] INITIAL ITEM: phrase_code = ru phrase_locale = ru-RU phrase_voice = ru-RU-SvetlanaNeural
2026-08-24 14:23:05 DEBUG    [SA_03] INITIAL SOURCE: language = ru locale = ru-RU voice = 
2026-08-24 14:23:05 DEBUG    [SA_03] Target language: en
2026-08-24 14:23:05 DEBUG    [SA_03] Target locale: en-US
2026-08-24 14:23:07 ERROR    [SA_03] Checking source language before generation...
2026-08-24 14:23:09 INFO     [SA_03] Detected language: ru
2026-08-24 14:23:09 DEBUG    [SA_03] Generate language check: source = ru detected = ru
2026-08-24 14:23:09 DEBUG    [SA_03] Source language matches.
2026-08-24 14:23:09 ERROR    [SA_03] Unsupported generator scenario: reading
2026-08-24 14:23:24 DEBUG    [SA_03] Button: settings
2026-08-24 14:23:24 DEBUG    [SA_03] INITIAL ITEM: phrase_code = ru phrase_locale = ru-RU phrase_voice = ru-RU-SvetlanaNeural
2026-08-24 14:23:24 DEBUG    [SA_03] INITIAL SOURCE: language = ru locale = ru-RU voice = 
2026-08-24 14:23:25 DEBUG    [SA_03] Target language: en
2026-08-24 14:23:25 DEBUG    [SA_03] Target locale: en-US
2026-08-24 14:23:30 INFO     [SA_03] Detected language: en
2026-08-24 14:23:30 DEBUG    [SA_03] Source locale: en-AU
2026-08-24 14:23:31 ERROR    [SA_03] Checking source language before generation...
2026-08-24 14:23:33 INFO     [SA_03] Detected language: en
2026-08-24 14:23:33 DEBUG    [SA_03] Generate language check: source = en detected = en
2026-08-24 14:23:33 DEBUG    [SA_03] Source language matches.
2026-08-24 14:23:33 ERROR    [SA_03] Unsupported generator scenario: reading
2026-08-24 14:24:05 INFO     [SA_03] Finsh Application
2026-08-24 14:24:43 INFO     [SA_03] Start Application
2026-08-24 14:24:44 DEBUG    [SA_03] INITIAL ITEM: phrase_code = ru phrase_locale = ru-RU phrase_voice = ru-RU-SvetlanaNeural
2026-08-24 14:24:44 DEBUG    [SA_03] INITIAL SOURCE: language = ru locale = ru-RU voice = 
2026-08-24 14:24:46 DEBUG    [SA_03] Button: settings
2026-08-24 14:24:46 DEBUG    [SA_03] INITIAL ITEM: phrase_code = ru phrase_locale = ru-RU phrase_voice = ru-RU-SvetlanaNeural
2026-08-24 14:24:46 DEBUG    [SA_03] INITIAL SOURCE: language = ru locale = ru-RU voice = 
2026-08-24 14:24:46 DEBUG    [SA_03] Target language: en
2026-08-24 14:24:47 DEBUG    [SA_03] Target locale: en-US
2026-08-24 14:24:48 ERROR    [SA_03] Checking source language before generation...
2026-08-24 14:24:50 INFO     [SA_03] Detected language: en
2026-08-24 14:24:50 DEBUG    [SA_03] Generate language check: source = ru detected = en
2026-08-24 14:24:55 DEBUG    [SA_03] Source locale: en-AU
2026-08-24 14:25:02 INFO     [SA_03] Detected language: en
2026-08-24 14:25:02 DEBUG    [SA_03] Source locale: en-AU
2026-08-24 14:25:05 ERROR    [SA_03] Checking source language before generation...
2026-08-24 14:25:08 INFO     [SA_03] Detected language: en
2026-08-24 14:25:08 DEBUG    [SA_03] Generate language check: source = en detected = en
2026-08-24 14:25:08 DEBUG    [SA_03] Source language matches.
2026-08-24 14:25:08 ERROR    [SA_03] Unsupported generator scenario: reading
2026-08-24 14:25:32 DEBUG    [SA_03] Button: settings
2026-08-24 14:25:32 DEBUG    [SA_03] INITIAL ITEM: phrase_code = ru phrase_locale = ru-RU phrase_voice = ru-RU-SvetlanaNeural
2026-08-24 14:25:32 DEBUG    [SA_03] INITIAL SOURCE: language = ru locale = ru-RU voice = 
2026-08-24 14:25:32 DEBUG    [SA_03] Target language: en
2026-08-24 14:25:32 DEBUG    [SA_03] Target locale: en-US
2026-08-24 14:25:33 ERROR    [SA_03] Checking source language before generation...
2026-08-24 14:25:35 INFO     [SA_03] Detected language: en
2026-08-24 14:25:35 DEBUG    [SA_03] Generate language check: source = ru detected = en
2026-08-24 14:25:39 DEBUG    [SA_03] Source locale: en-AU
2026-08-24 14:25:55 INFO     [SA_03] Finsh Application
2026-08-30 13:36:46 INFO     [SA_03] Start Application
2026-08-30 13:36:46 DEBUG    [SA_03] INITIAL ITEM: phrase_code = pl phrase_locale = pl-PL phrase_voice = pl-PL-MarekNeural
2026-08-30 13:36:46 DEBUG    [SA_03] INITIAL SOURCE: language = pl locale = pl-PL voice = 
2026-08-30 13:36:51 DEBUG    [SA_03] Button: play
2026-08-30 13:36:51 DEBUG    [SA_03] PREPARE_ITEM #0
2026-08-30 13:36:51 DEBUG    [SA_03] ACTION: {'action': 'SHOW', 'target': 'top', 'content': 'phrase_text'}
2026-08-30 13:36:51 DEBUG    [SA_03] ACTION: {'action': 'PLAY', 'source': 'phrase_text'}
2026-08-30 13:36:51 DEBUG    [SA_03] AudioProvider: CACHE HIT
2026-08-30 13:36:51 DEBUG    [SA_03] TEXT PLAY
2026-08-30 13:36:54 DEBUG    [SA_03] TEXT_END
2026-08-30 13:36:54 DEBUG    [SA_03] ACTION: {'action': 'WAIT', 'source': 'pause_before_translation'}
2026-08-30 13:36:59 DEBUG    [SA_03] PAUSE_END
2026-08-30 13:36:59 DEBUG    [SA_03] ACTION: {'action': 'SHOW', 'target': 'bottom', 'content': 'translate_text'}
2026-08-30 13:36:59 DEBUG    [SA_03] ACTION: {'action': 'PLAY', 'source': 'translate_text'}
2026-08-30 13:36:59 DEBUG    [SA_03] AudioProvider: CACHE HIT
2026-08-30 13:36:59 DEBUG    [SA_03] TRANSLATION PLAY
2026-08-30 13:37:03 DEBUG    [SA_03] TRANSLATION_END
2026-08-30 13:37:03 DEBUG    [SA_03] ACTION: {'action': 'WAIT', 'source': 'pause_between_sentences'}
2026-08-30 13:37:05 DEBUG    [SA_03] PAUSE_END
2026-08-30 13:37:05 DEBUG    [SA_03] ACTION: {'action': 'HIDE', 'target': 'top'}
2026-08-30 13:37:05 DEBUG    [SA_03] ACTION: {'action': 'HIDE', 'target': 'bottom'}
2026-08-30 13:37:05 INFO     [SA_03] SCENARIO FINISHED
2026-08-30 13:37:06 DEBUG    [SA_03] FINISH_ITEM: repeat 1/1
2026-08-30 13:37:06 DEBUG    [SA_03] PREPARE_ITEM #1
2026-08-30 13:37:06 DEBUG    [SA_03] ACTION: {'action': 'SHOW', 'target': 'top', 'content': 'phrase_text'}
2026-08-30 13:37:06 DEBUG    [SA_03] ACTION: {'action': 'PLAY', 'source': 'phrase_text'}
2026-08-30 13:37:06 DEBUG    [SA_03] AudioProvider: CACHE HIT
2026-08-30 13:37:06 DEBUG    [SA_03] TEXT PLAY
2026-08-30 13:37:08 DEBUG    [SA_03] TEXT_END
2026-08-30 13:37:08 DEBUG    [SA_03] ACTION: {'action': 'WAIT', 'source': 'pause_before_translation'}
2026-08-30 13:37:12 DEBUG    [SA_03] PAUSE_END
2026-08-30 13:37:12 DEBUG    [SA_03] ACTION: {'action': 'SHOW', 'target': 'bottom', 'content': 'translate_text'}
2026-08-30 13:37:12 DEBUG    [SA_03] ACTION: {'action': 'PLAY', 'source': 'translate_text'}
2026-08-30 13:37:12 DEBUG    [SA_03] AudioProvider: CACHE HIT
2026-08-30 13:37:12 DEBUG    [SA_03] TRANSLATION PLAY
2026-08-30 13:37:15 DEBUG    [SA_03] TRANSLATION_END
2026-08-30 13:37:15 DEBUG    [SA_03] ACTION: {'action': 'WAIT', 'source': 'pause_between_sentences'}
2026-08-30 13:37:17 DEBUG    [SA_03] PAUSE_END
2026-08-30 13:37:17 DEBUG    [SA_03] ACTION: {'action': 'HIDE', 'target': 'top'}
2026-08-30 13:37:17 DEBUG    [SA_03] ACTION: {'action': 'HIDE', 'target': 'bottom'}
2026-08-30 13:37:17 INFO     [SA_03] SCENARIO FINISHED
2026-08-30 13:37:17 DEBUG    [SA_03] FINISH_ITEM: repeat 1/1
2026-08-30 13:37:17 DEBUG    [SA_03] PREPARE_ITEM #2
2026-08-30 13:37:17 DEBUG    [SA_03] ACTION: {'action': 'SHOW', 'target': 'top', 'content': 'phrase_text'}
2026-08-30 13:37:17 DEBUG    [SA_03] ACTION: {'action': 'PLAY', 'source': 'phrase_text'}
2026-08-30 13:37:17 DEBUG    [SA_03] AudioProvider: CACHE HIT
2026-08-30 13:37:17 DEBUG    [SA_03] TEXT PLAY
2026-08-30 13:37:20 DEBUG    [SA_03] TEXT_END
2026-08-30 13:37:20 DEBUG    [SA_03] ACTION: {'action': 'WAIT', 'source': 'pause_before_translation'}
2026-08-30 13:37:25 DEBUG    [SA_03] PAUSE_END
2026-08-30 13:37:25 DEBUG    [SA_03] ACTION: {'action': 'SHOW', 'target': 'bottom', 'content': 'translate_text'}
2026-08-30 13:37:25 DEBUG    [SA_03] ACTION: {'action': 'PLAY', 'source': 'translate_text'}
2026-08-30 13:37:25 DEBUG    [SA_03] AudioProvider: CACHE HIT
2026-08-30 13:37:26 DEBUG    [SA_03] TRANSLATION PLAY
2026-08-30 13:37:29 DEBUG    [SA_03] TRANSLATION_END
2026-08-30 13:37:29 DEBUG    [SA_03] ACTION: {'action': 'WAIT', 'source': 'pause_between_sentences'}
2026-08-30 13:37:31 DEBUG    [SA_03] PAUSE_END
2026-08-30 13:37:31 DEBUG    [SA_03] ACTION: {'action': 'HIDE', 'target': 'top'}
2026-08-30 13:37:31 DEBUG    [SA_03] ACTION: {'action': 'HIDE', 'target': 'bottom'}
2026-08-30 13:37:31 INFO     [SA_03] SCENARIO FINISHED
2026-08-30 13:37:31 DEBUG    [SA_03] FINISH_ITEM: repeat 1/1
2026-08-30 13:37:31 DEBUG    [SA_03] PREPARE_ITEM #3
2026-08-30 13:37:31 DEBUG    [SA_03] ACTION: {'action': 'SHOW', 'target': 'top', 'content': 'phrase_text'}
2026-08-30 13:37:32 DEBUG    [SA_03] ACTION: {'action': 'PLAY', 'source': 'phrase_text'}
2026-08-30 13:37:32 DEBUG    [SA_03] AudioProvider: CACHE HIT
2026-08-30 13:37:32 DEBUG    [SA_03] TEXT PLAY
2026-08-30 13:37:36 DEBUG    [SA_03] TEXT_END
2026-08-30 13:37:36 DEBUG    [SA_03] ACTION: {'action': 'WAIT', 'source': 'pause_before_translation'}
2026-08-30 13:37:41 DEBUG    [SA_03] PAUSE_END
2026-08-30 13:37:41 DEBUG    [SA_03] ACTION: {'action': 'SHOW', 'target': 'bottom', 'content': 'translate_text'}
2026-08-30 13:37:41 DEBUG    [SA_03] ACTION: {'action': 'PLAY', 'source': 'translate_text'}
2026-08-30 13:37:41 DEBUG    [SA_03] AudioProvider: CACHE HIT
2026-08-30 13:37:41 DEBUG    [SA_03] TRANSLATION PLAY
2026-08-30 13:37:47 DEBUG    [SA_03] TRANSLATION_END
2026-08-30 13:37:47 DEBUG    [SA_03] ACTION: {'action': 'WAIT', 'source': 'pause_between_sentences'}
2026-08-30 13:37:49 DEBUG    [SA_03] PAUSE_END
2026-08-30 13:37:49 DEBUG    [SA_03] ACTION: {'action': 'HIDE', 'target': 'top'}
2026-08-30 13:37:49 DEBUG    [SA_03] ACTION: {'action': 'HIDE', 'target': 'bottom'}
2026-08-30 13:37:49 INFO     [SA_03] SCENARIO FINISHED
2026-08-30 13:37:49 DEBUG    [SA_03] FINISH_ITEM: repeat 1/1
2026-08-30 13:37:49 DEBUG    [SA_03] PREPARE_ITEM #4
2026-08-30 13:37:49 DEBUG    [SA_03] ACTION: {'action': 'SHOW', 'target': 'top', 'content': 'phrase_text'}
2026-08-30 13:37:49 DEBUG    [SA_03] ACTION: {'action': 'PLAY', 'source': 'phrase_text'}
2026-08-30 13:37:49 DEBUG    [SA_03] AudioProvider: CACHE HIT
2026-08-30 13:37:49 DEBUG    [SA_03] TEXT PLAY
2026-08-30 13:37:52 DEBUG    [SA_03] TEXT_END
2026-08-30 13:37:52 DEBUG    [SA_03] ACTION: {'action': 'WAIT', 'source': 'pause_before_translation'}
2026-08-30 13:37:57 DEBUG    [SA_03] PAUSE_END
2026-08-30 13:37:57 DEBUG    [SA_03] ACTION: {'action': 'SHOW', 'target': 'bottom', 'content': 'translate_text'}
2026-08-30 13:37:57 DEBUG    [SA_03] ACTION: {'action': 'PLAY', 'source': 'translate_text'}
2026-08-30 13:37:57 DEBUG    [SA_03] AudioProvider: CACHE HIT
2026-08-30 13:37:57 DEBUG    [SA_03] TRANSLATION PLAY
2026-08-30 13:38:01 DEBUG    [SA_03] TRANSLATION_END
2026-08-30 13:38:01 DEBUG    [SA_03] ACTION: {'action': 'WAIT', 'source': 'pause_between_sentences'}
2026-08-30 13:38:03 DEBUG    [SA_03] PAUSE_END
2026-08-30 13:38:03 DEBUG    [SA_03] ACTION: {'action': 'HIDE', 'target': 'top'}
2026-08-30 13:38:03 DEBUG    [SA_03] ACTION: {'action': 'HIDE', 'target': 'bottom'}
2026-08-30 13:38:03 INFO     [SA_03] SCENARIO FINISHED
2026-08-30 13:38:03 DEBUG    [SA_03] FINISH_ITEM: repeat 1/1
2026-08-30 13:38:03 DEBUG    [SA_03] PREPARE_ITEM #5
2026-08-30 13:38:03 DEBUG    [SA_03] ACTION: {'action': 'SHOW', 'target': 'top', 'content': 'phrase_text'}
2026-08-30 13:38:03 DEBUG    [SA_03] ACTION: {'action': 'PLAY', 'source': 'phrase_text'}
2026-08-30 13:38:03 DEBUG    [SA_03] AudioProvider: CACHE HIT
2026-08-30 13:38:03 DEBUG    [SA_03] TEXT PLAY
2026-08-30 13:38:06 DEBUG    [SA_03] TEXT_END
2026-08-30 13:38:06 DEBUG    [SA_03] ACTION: {'action': 'WAIT', 'source': 'pause_before_translation'}
2026-08-30 13:38:09 DEBUG    [SA_03] Button: next
2026-08-30 13:38:09 DEBUG    [SA_03] PREPARE_ITEM #6
2026-08-30 13:38:09 DEBUG    [SA_03] ACTION: {'action': 'SHOW', 'target': 'top', 'content': 'phrase_text'}
2026-08-30 13:38:09 DEBUG    [SA_03] ACTION: {'action': 'PLAY', 'source': 'phrase_text'}
2026-08-30 13:38:09 DEBUG    [SA_03] AudioProvider: CACHE HIT
2026-08-30 13:38:09 DEBUG    [SA_03] TEXT PLAY
2026-08-30 13:38:09 DEBUG    [SA_03] Button: next
2026-08-30 13:38:09 DEBUG    [SA_03] PREPARE_ITEM #7
2026-08-30 13:38:09 DEBUG    [SA_03] ACTION: {'action': 'SHOW', 'target': 'top', 'content': 'phrase_text'}
2026-08-30 13:38:09 DEBUG    [SA_03] ACTION: {'action': 'PLAY', 'source': 'phrase_text'}
2026-08-30 13:38:09 DEBUG    [SA_03] AudioProvider: CACHE HIT
2026-08-30 13:38:09 DEBUG    [SA_03] TEXT PLAY
2026-08-30 13:38:09 DEBUG    [SA_03] Button: next
2026-08-30 13:38:09 DEBUG    [SA_03] PREPARE_ITEM #8
2026-08-30 13:38:09 DEBUG    [SA_03] ACTION: {'action': 'SHOW', 'target': 'top', 'content': 'phrase_text'}
2026-08-30 13:38:09 DEBUG    [SA_03] ACTION: {'action': 'PLAY', 'source': 'phrase_text'}
2026-08-30 13:38:09 DEBUG    [SA_03] AudioProvider: CACHE HIT
2026-08-30 13:38:09 DEBUG    [SA_03] TEXT PLAY
2026-08-30 13:38:09 DEBUG    [SA_03] Button: next
2026-08-30 13:38:09 DEBUG    [SA_03] PREPARE_ITEM #9
2026-08-30 13:38:09 DEBUG    [SA_03] ACTION: {'action': 'SHOW', 'target': 'top', 'content': 'phrase_text'}
2026-08-30 13:38:09 DEBUG    [SA_03] ACTION: {'action': 'PLAY', 'source': 'phrase_text'}
2026-08-30 13:38:09 DEBUG    [SA_03] AudioProvider: CACHE HIT
2026-08-30 13:38:09 DEBUG    [SA_03] TEXT PLAY
2026-08-30 13:38:10 DEBUG    [SA_03] Button: next
2026-08-30 13:38:10 DEBUG    [SA_03] PREPARE_ITEM #10
2026-08-30 13:38:10 DEBUG    [SA_03] ACTION: {'action': 'SHOW', 'target': 'top', 'content': 'phrase_text'}
2026-08-30 13:38:10 DEBUG    [SA_03] ACTION: {'action': 'PLAY', 'source': 'phrase_text'}
2026-08-30 13:38:10 DEBUG    [SA_03] AudioProvider: CACHE MISS
2026-08-30 13:38:10 DEBUG    [SA_03] Button: next
2026-08-30 13:38:10 DEBUG    [SA_03] PREPARE_ITEM #11
2026-08-30 13:38:10 DEBUG    [SA_03] ACTION: {'action': 'SHOW', 'target': 'top', 'content': 'phrase_text'}
2026-08-30 13:38:10 DEBUG    [SA_03] ACTION: {'action': 'PLAY', 'source': 'phrase_text'}
2026-08-30 13:38:10 DEBUG    [SA_03] AudioProvider: CACHE MISS
2026-08-30 13:38:10 DEBUG    [SA_03] Button: next
2026-08-30 13:38:10 DEBUG    [SA_03] PREPARE_ITEM #12
2026-08-30 13:38:10 DEBUG    [SA_03] ACTION: {'action': 'SHOW', 'target': 'top', 'content': 'phrase_text'}
2026-08-30 13:38:10 DEBUG    [SA_03] ACTION: {'action': 'PLAY', 'source': 'phrase_text'}
2026-08-30 13:38:10 DEBUG    [SA_03] AudioProvider: CACHE MISS
2026-08-30 13:38:11 DEBUG    [SA_03] Button: next
2026-08-30 13:38:11 DEBUG    [SA_03] PREPARE_ITEM #13
2026-08-30 13:38:11 DEBUG    [SA_03] ACTION: {'action': 'SHOW', 'target': 'top', 'content': 'phrase_text'}
2026-08-30 13:38:11 DEBUG    [SA_03] ACTION: {'action': 'PLAY', 'source': 'phrase_text'}
2026-08-30 13:38:11 DEBUG    [SA_03] AudioProvider: CACHE MISS
2026-08-30 13:38:11 DEBUG    [SA_03] Button: next
2026-08-30 13:38:11 DEBUG    [SA_03] PREPARE_ITEM #14
2026-08-30 13:38:11 DEBUG    [SA_03] ACTION: {'action': 'SHOW', 'target': 'top', 'content': 'phrase_text'}
2026-08-30 13:38:11 DEBUG    [SA_03] ACTION: {'action': 'PLAY', 'source': 'phrase_text'}
2026-08-30 13:38:11 DEBUG    [SA_03] AudioProvider: CACHE MISS
2026-08-30 13:38:11 DEBUG    [SA_03] Button: next
2026-08-30 13:38:11 DEBUG    [SA_03] PREPARE_ITEM #15
2026-08-30 13:38:11 DEBUG    [SA_03] ACTION: {'action': 'SHOW', 'target': 'top', 'content': 'phrase_text'}
2026-08-30 13:38:11 DEBUG    [SA_03] ACTION: {'action': 'PLAY', 'source': 'phrase_text'}
2026-08-30 13:38:11 DEBUG    [SA_03] AudioProvider: CACHE MISS
2026-08-30 13:38:12 DEBUG    [SA_03] Button: next
2026-08-30 13:38:12 DEBUG    [SA_03] PREPARE_ITEM #15
2026-08-30 13:38:12 DEBUG    [SA_03] ACTION: {'action': 'SHOW', 'target': 'top', 'content': 'phrase_text'}
2026-08-30 13:38:12 DEBUG    [SA_03] ACTION: {'action': 'PLAY', 'source': 'phrase_text'}
2026-08-30 13:38:12 DEBUG    [SA_03] AudioProvider: CACHE MISS
2026-08-30 13:38:13 DEBUG    [SA_03] TEXT PLAY
2026-08-30 13:38:17 DEBUG    [SA_03] TEXT_END
2026-08-30 13:38:17 DEBUG    [SA_03] ACTION: {'action': 'WAIT', 'source': 'pause_before_translation'}
2026-08-30 13:38:22 DEBUG    [SA_03] PAUSE_END
2026-08-30 13:38:22 DEBUG    [SA_03] ACTION: {'action': 'SHOW', 'target': 'bottom', 'content': 'translate_text'}
2026-08-30 13:38:22 DEBUG    [SA_03] ACTION: {'action': 'PLAY', 'source': 'translate_text'}
2026-08-30 13:38:22 DEBUG    [SA_03] AudioProvider: CACHE MISS
2026-08-30 13:38:24 DEBUG    [SA_03] TRANSLATION PLAY
2026-08-30 13:38:30 DEBUG    [SA_03] TRANSLATION_END
2026-08-30 13:38:30 DEBUG    [SA_03] ACTION: {'action': 'WAIT', 'source': 'pause_between_sentences'}
2026-08-30 13:38:32 DEBUG    [SA_03] PAUSE_END
2026-08-30 13:38:32 DEBUG    [SA_03] ACTION: {'action': 'HIDE', 'target': 'top'}
2026-08-30 13:38:32 DEBUG    [SA_03] ACTION: {'action': 'HIDE', 'target': 'bottom'}
2026-08-30 13:38:32 INFO     [SA_03] SCENARIO FINISHED
2026-08-30 13:38:32 DEBUG    [SA_03] FINISH_ITEM: repeat 1/1
2026-08-30 13:38:32 DEBUG    [SA_03] PLAYBACK_FINISHED
2026-08-30 13:38:38 INFO     [SA_03] Finsh Application
2026-08-30 17:28:35 INFO     [SA_03] Start Application
2026-08-30 17:28:35 DEBUG    [SA_03] INITIAL ITEM: phrase_code = pl phrase_locale = pl-PL phrase_voice = pl-PL-MarekNeural
2026-08-30 17:28:35 DEBUG    [SA_03] INITIAL SOURCE: language = pl locale = pl-PL voice = 
2026-08-30 17:28:38 DEBUG    [SA_03] Button: db
2026-08-30 17:28:38 WARNING  [SA_03] Session has no user_id
2026-08-30 17:28:47 DEBUG    [SA_03] Button: play
2026-08-30 17:28:47 DEBUG    [SA_03] PREPARE_ITEM #0
2026-08-30 17:28:47 DEBUG    [SA_03] ACTION: {'action': 'SHOW', 'target': 'top', 'content': 'phrase_text'}
2026-08-30 17:28:47 DEBUG    [SA_03] ACTION: {'action': 'PLAY', 'source': 'phrase_text'}
2026-08-30 17:28:47 DEBUG    [SA_03] AudioProvider: CACHE HIT
2026-08-30 17:28:47 DEBUG    [SA_03] TEXT PLAY
2026-08-30 17:28:51 DEBUG    [SA_03] TEXT_END
2026-08-30 17:28:51 DEBUG    [SA_03] ACTION: {'action': 'WAIT', 'source': 'pause_before_translation'}
2026-08-30 17:28:52 DEBUG    [SA_03] Button: pause
2026-08-30 17:28:54 DEBUG    [SA_03] Button: db
2026-08-30 17:28:54 WARNING  [SA_03] Session has no user_id
2026-08-30 17:31:00 INFO     [SA_03] Finsh Application
2026-08-30 19:06:50 INFO     [SA_03] Start Application
2026-08-30 19:06:50 DEBUG    [SA_03] INITIAL ITEM: phrase_code = pl phrase_locale = pl-PL phrase_voice = pl-PL-MarekNeural
2026-08-30 19:06:50 DEBUG    [SA_03] INITIAL SOURCE: language = pl locale = pl-PL voice = 
2026-08-30 19:06:53 DEBUG    [SA_03] Button: db
2026-08-30 19:06:54 INFO     [SA_03] Database sets loaded: 15
2026-08-30 19:06:54 DEBUG    [SA_03] Selected set: English B2 001
2026-08-30 19:07:03 DEBUG    [SA_03] Button: play
2026-08-30 19:07:03 DEBUG    [SA_03] PREPARE_ITEM #0
2026-08-30 19:07:03 DEBUG    [SA_03] ACTION: {'action': 'SHOW', 'target': 'top', 'content': 'phrase_text'}
2026-08-30 19:07:03 DEBUG    [SA_03] ACTION: {'action': 'PLAY', 'source': 'phrase_text'}
2026-08-30 19:07:03 DEBUG    [SA_03] AudioProvider: CACHE HIT
2026-08-30 19:07:03 DEBUG    [SA_03] TEXT PLAY
2026-08-30 19:07:06 DEBUG    [SA_03] Button: pause
2026-08-30 19:07:09 INFO     [SA_03] Finsh Application
2026-08-31 09:44:32 INFO     [SA_03] Start Application
2026-08-31 09:44:32 DEBUG    [SA_03] INITIAL ITEM: phrase_code = pl phrase_locale = pl-PL phrase_voice = pl-PL-MarekNeural
2026-08-31 09:44:32 DEBUG    [SA_03] INITIAL SOURCE: language = pl locale = pl-PL voice = 
2026-08-31 09:44:33 DEBUG    [SA_03] Button: db
2026-08-31 09:44:34 INFO     [SA_03] Database sets loaded: 15
2026-08-31 09:44:34 DEBUG    [SA_03] Selected set: English B2 001
2026-08-31 09:49:54 INFO     [SA_03] Finsh Application
2026-08-31 09:49:58 INFO     [SA_03] Start Application
2026-08-31 09:49:59 DEBUG    [SA_03] INITIAL ITEM: phrase_code = pl phrase_locale = pl-PL phrase_voice = pl-PL-MarekNeural
2026-08-31 09:49:59 DEBUG    [SA_03] INITIAL SOURCE: language = pl locale = pl-PL voice = 
2026-08-31 09:50:00 DEBUG    [SA_03] Button: db
2026-08-31 09:50:01 INFO     [SA_03] Database sets loaded: 15
2026-08-31 09:50:01 DEBUG    [SA_03] Selected set: English B2 001
2026-08-31 09:50:06 INFO     [SA_03] Finsh Application
2026-08-31 09:50:21 INFO     [SA_03] Start Application
2026-08-31 09:50:21 DEBUG    [SA_03] INITIAL ITEM: phrase_code = pl phrase_locale = pl-PL phrase_voice = pl-PL-MarekNeural
2026-08-31 09:50:21 DEBUG    [SA_03] INITIAL SOURCE: language = pl locale = pl-PL voice = 
2026-08-31 09:50:22 DEBUG    [SA_03] Button: db
2026-08-31 09:50:23 INFO     [SA_03] Database sets loaded: 15
2026-08-31 09:50:23 DEBUG    [SA_03] Selected set: English B2 001
2026-08-31 09:50:25 DEBUG    [SA_03] Button: register
2026-08-31 09:50:26 DEBUG    [SA_03] Button: register
2026-08-31 09:50:26 DEBUG    [SA_03] Button: register
2026-08-31 09:50:27 DEBUG    [SA_03] Button: register
2026-08-31 09:50:36 DEBUG    [SA_03] Button: login
2026-08-31 09:50:37 DEBUG    [SA_03] Button: login
2026-08-31 09:50:40 INFO     [SA_03] Finsh Application
2026-08-31 09:57:38 INFO     [SA_03] Start Application
2026-08-31 09:57:38 DEBUG    [SA_03] INITIAL ITEM: phrase_code = pl phrase_locale = pl-PL phrase_voice = pl-PL-MarekNeural
2026-08-31 09:57:38 DEBUG    [SA_03] INITIAL SOURCE: language = pl locale = pl-PL voice = 
2026-08-31 09:57:39 DEBUG    [SA_03] Button: db
2026-08-31 09:57:40 INFO     [SA_03] Database sets loaded: 15
2026-08-31 09:57:40 DEBUG    [SA_03] Selected set: English B2 001
2026-08-31 09:58:16 INFO     [SA_03] Finsh Application
2026-08-31 10:03:55 INFO     [SA_03] Start Application
2026-08-31 10:03:55 DEBUG    [SA_03] INITIAL ITEM: phrase_code = pl phrase_locale = pl-PL phrase_voice = pl-PL-MarekNeural
2026-08-31 10:03:55 DEBUG    [SA_03] INITIAL SOURCE: language = pl locale = pl-PL voice = 
2026-08-31 10:03:56 DEBUG    [SA_03] Button: db
2026-08-31 10:03:58 INFO     [SA_03] Database sets loaded: 15
2026-08-31 10:03:58 DEBUG    [SA_03] Selected set: English B2 001
2026-08-31 10:04:09 DEBUG    [SA_03] Button: register
2026-08-31 10:04:10 DEBUG    [SA_03] Button: register
2026-08-31 10:04:12 DEBUG    [SA_03] Button: register
2026-08-31 10:04:16 INFO     [SA_03] Finsh Application
2026-08-31 10:06:40 INFO     [SA_03] Start Application
2026-08-31 10:06:41 DEBUG    [SA_03] INITIAL ITEM: phrase_code = pl phrase_locale = pl-PL phrase_voice = pl-PL-MarekNeural
2026-08-31 10:06:41 DEBUG    [SA_03] INITIAL SOURCE: language = pl locale = pl-PL voice = 
2026-08-31 10:06:42 DEBUG    [SA_03] Button: db
2026-08-31 10:06:43 INFO     [SA_03] Database sets loaded: 15
2026-08-31 10:06:43 DEBUG    [SA_03] Selected set: English B2 001
2026-08-31 10:06:44 DEBUG    [SA_03] Button: register
2026-08-31 10:06:45 DEBUG    [SA_03] Button: register
2026-08-31 10:06:45 DEBUG    [SA_03] Button: register
2026-08-31 10:06:46 DEBUG    [SA_03] Button: register
2026-08-31 10:09:23 INFO     [SA_03] Finsh Application
2026-08-31 10:09:27 INFO     [SA_03] Start Application
2026-08-31 10:09:27 DEBUG    [SA_03] INITIAL ITEM: phrase_code = pl phrase_locale = pl-PL phrase_voice = pl-PL-MarekNeural
2026-08-31 10:09:27 DEBUG    [SA_03] INITIAL SOURCE: language = pl locale = pl-PL voice = 
2026-08-31 10:09:29 DEBUG    [SA_03] Button: db
2026-08-31 10:09:30 INFO     [SA_03] Database sets loaded: 15
2026-08-31 10:09:30 DEBUG    [SA_03] Selected set: English B2 001
2026-08-31 10:09:32 DEBUG    [SA_03] Button: register
2026-08-31 10:09:37 INFO     [SA_03] Finsh Application
2026-08-31 10:10:14 INFO     [SA_03] Start Application
2026-08-31 10:10:14 DEBUG    [SA_03] INITIAL ITEM: phrase_code = pl phrase_locale = pl-PL phrase_voice = pl-PL-MarekNeural
2026-08-31 10:10:14 DEBUG    [SA_03] INITIAL SOURCE: language = pl locale = pl-PL voice = 
2026-08-31 10:10:15 DEBUG    [SA_03] Button: db
2026-08-31 10:10:16 INFO     [SA_03] Database sets loaded: 15
2026-08-31 10:10:16 DEBUG    [SA_03] Selected set: English B2 001
2026-08-31 10:10:17 DEBUG    [SA_03] Button: register
2026-08-31 10:10:20 DEBUG    [SA_03] Button: register
2026-08-31 10:10:21 DEBUG    [SA_03] Button: register
2026-08-31 10:10:22 DEBUG    [SA_03] Button: register
2026-08-31 10:10:24 DEBUG    [SA_03] Button: register
2026-08-31 10:10:26 DEBUG    [SA_03] Button: register
2026-08-31 10:10:38 INFO     [SA_03] Finsh Application
2026-08-31 10:23:59 INFO     [SA_03] Start Application
2026-08-31 10:23:59 DEBUG    [SA_03] INITIAL ITEM: phrase_code = pl phrase_locale = pl-PL phrase_voice = pl-PL-MarekNeural
2026-08-31 10:23:59 DEBUG    [SA_03] INITIAL SOURCE: language = pl locale = pl-PL voice = 
2026-08-31 10:31:27 INFO     [SA_03] Start Application
2026-08-31 10:31:27 DEBUG    [SA_03] INITIAL ITEM: phrase_code = pl phrase_locale = pl-PL phrase_voice = pl-PL-MarekNeural
2026-08-31 10:31:27 DEBUG    [SA_03] INITIAL SOURCE: language = pl locale = pl-PL voice = 
2026-08-31 10:31:30 DEBUG    [SA_03] Button: db
2026-08-31 10:31:31 INFO     [SA_03] Database sets loaded: 15
2026-08-31 10:31:31 DEBUG    [SA_03] Selected set: English B2 001
2026-08-31 10:31:33 DEBUG    [SA_03] Button: login
2026-08-31 10:31:44 DEBUG    [SA_03] Button: register
2026-08-31 10:31:46 DEBUG    [SA_03] Button: login
2026-08-31 10:31:47 DEBUG    [SA_03] Button: register
2026-08-31 10:31:48 DEBUG    [SA_03] Button: login
2026-08-31 10:31:51 DEBUG    [SA_03] Button: register
2026-08-31 10:31:53 DEBUG    [SA_03] Button: login
2026-08-31 10:32:10 DEBUG    [SA_03] Button: db
2026-08-31 10:32:11 INFO     [SA_03] Database sets loaded: 15
2026-08-31 10:32:11 DEBUG    [SA_03] Selected set: English B2 001
2026-08-31 10:33:43 INFO     [SA_03] Finsh Application
2026-08-31 10:36:42 INFO     [SA_03] Start Application
2026-08-31 10:36:42 DEBUG    [SA_03] INITIAL ITEM: phrase_code = pl phrase_locale = pl-PL phrase_voice = pl-PL-MarekNeural
2026-08-31 10:36:42 DEBUG    [SA_03] INITIAL SOURCE: language = pl locale = pl-PL voice = 
2026-08-31 10:36:44 DEBUG    [SA_03] Button: db
2026-08-31 10:36:45 INFO     [SA_03] Database sets loaded: 15
2026-08-31 10:36:45 DEBUG    [SA_03] Selected set: English B2 001
2026-08-31 10:36:46 DEBUG    [SA_03] Button: login
2026-08-31 10:36:51 DEBUG    [SA_03] Button: register
2026-08-31 10:36:56 INFO     [SA_03] Finsh Application
2026-08-31 10:39:55 INFO     [SA_03] Start Application
2026-08-31 10:39:55 DEBUG    [SA_03] INITIAL ITEM: phrase_code = pl phrase_locale = pl-PL phrase_voice = pl-PL-MarekNeural
2026-08-31 10:39:55 DEBUG    [SA_03] INITIAL SOURCE: language = pl locale = pl-PL voice = 
2026-08-31 10:39:56 DEBUG    [SA_03] Button: db
2026-08-31 10:39:57 INFO     [SA_03] Database sets loaded: 15
2026-08-31 10:39:57 DEBUG    [SA_03] Selected set: English B2 001
2026-08-31 10:39:58 DEBUG    [SA_03] Button: login
2026-08-31 10:40:10 DEBUG    [SA_03] Button: db
2026-08-31 10:40:11 INFO     [SA_03] Database sets loaded: 15
2026-08-31 10:40:11 DEBUG    [SA_03] Selected set: English B2 001
2026-08-31 10:40:11 DEBUG    [SA_03] Button: register
2026-08-31 10:40:13 DEBUG    [SA_03] Button: login
2026-08-31 10:40:14 DEBUG    [SA_03] Button: register
2026-08-31 10:40:15 DEBUG    [SA_03] Button: login
2026-08-31 10:40:16 DEBUG    [SA_03] Button: register
2026-08-31 10:40:17 DEBUG    [SA_03] Button: login
2026-08-31 10:40:19 DEBUG    [SA_03] Button: register
2026-08-31 10:40:24 DEBUG    [SA_03] Button: login
2026-08-31 10:40:26 DEBUG    [SA_03] Button: register
2026-08-31 10:40:27 DEBUG    [SA_03] Button: login
2026-08-31 10:40:28 DEBUG    [SA_03] Button: register
2026-08-31 10:40:29 DEBUG    [SA_03] Button: login
2026-08-31 10:40:30 DEBUG    [SA_03] Button: register
2026-08-31 10:40:31 DEBUG    [SA_03] Button: login
2026-08-31 10:40:32 DEBUG    [SA_03] Button: register
2026-08-31 10:40:33 DEBUG    [SA_03] Button: login
2026-08-31 10:41:14 INFO     [SA_03] Finsh Application
2026-08-31 10:41:57 INFO     [SA_03] Start Application
2026-08-31 10:41:58 DEBUG    [SA_03] INITIAL ITEM: phrase_code = pl phrase_locale = pl-PL phrase_voice = pl-PL-MarekNeural
2026-08-31 10:41:58 DEBUG    [SA_03] INITIAL SOURCE: language = pl locale = pl-PL voice = 
2026-08-31 10:41:59 DEBUG    [SA_03] Button: db
2026-08-31 10:42:00 INFO     [SA_03] Database sets loaded: 15
2026-08-31 10:42:00 DEBUG    [SA_03] Selected set: English B2 001
2026-08-31 10:42:01 DEBUG    [SA_03] Button: login
2026-08-31 10:42:05 DEBUG    [SA_03] Button: register
2026-08-31 10:42:08 DEBUG    [SA_03] Button: login
2026-08-31 10:42:17 DEBUG    [SA_03] Button: register
2026-08-31 10:42:19 DEBUG    [SA_03] Button: login
2026-08-31 10:42:52 INFO     [SA_03] Finsh Application
2026-08-31 10:42:55 INFO     [SA_03] Start Application
2026-08-31 10:42:55 DEBUG    [SA_03] INITIAL ITEM: phrase_code = pl phrase_locale = pl-PL phrase_voice = pl-PL-MarekNeural
2026-08-31 10:42:55 DEBUG    [SA_03] INITIAL SOURCE: language = pl locale = pl-PL voice = 
2026-08-31 10:42:57 DEBUG    [SA_03] Button: db
2026-08-31 10:42:58 INFO     [SA_03] Database sets loaded: 15
2026-08-31 10:42:58 DEBUG    [SA_03] Selected set: English B2 001
2026-08-31 10:42:59 DEBUG    [SA_03] Button: login
2026-08-31 10:43:01 DEBUG    [SA_03] Button: register
2026-08-31 10:43:13 INFO     [SA_03] Finsh Application
2026-08-31 10:44:13 INFO     [SA_03] Start Application
2026-08-31 10:44:13 DEBUG    [SA_03] INITIAL ITEM: phrase_code = pl phrase_locale = pl-PL phrase_voice = pl-PL-MarekNeural
2026-08-31 10:44:13 DEBUG    [SA_03] INITIAL SOURCE: language = pl locale = pl-PL voice = 
2026-08-31 10:44:15 DEBUG    [SA_03] Button: db
2026-08-31 10:44:15 INFO     [SA_03] Database sets loaded: 15
2026-08-31 10:44:15 DEBUG    [SA_03] Selected set: English B2 001
2026-08-31 10:44:16 DEBUG    [SA_03] Button: login
2026-08-31 10:44:18 DEBUG    [SA_03] Button: register
2026-08-31 10:44:28 DEBUG    [SA_03] Button: settoexcel
2026-08-31 10:44:32 DEBUG    [SA_03] Button: db
2026-08-31 10:44:33 INFO     [SA_03] Database sets loaded: 15
2026-08-31 10:44:33 DEBUG    [SA_03] Selected set: English B2 001
2026-08-31 10:44:35 DEBUG    [SA_03] Button: login
2026-08-31 10:45:03 INFO     [SA_03] Finsh Application
2026-08-31 10:45:07 INFO     [SA_03] Start Application
2026-08-31 10:45:07 DEBUG    [SA_03] INITIAL ITEM: phrase_code = pl phrase_locale = pl-PL phrase_voice = pl-PL-MarekNeural
2026-08-31 10:45:07 DEBUG    [SA_03] INITIAL SOURCE: language = pl locale = pl-PL voice = 
2026-08-31 10:45:09 DEBUG    [SA_03] Button: db
2026-08-31 10:45:10 INFO     [SA_03] Database sets loaded: 15
2026-08-31 10:45:10 DEBUG    [SA_03] Selected set: English B2 001
2026-08-31 10:45:10 DEBUG    [SA_03] Button: login
2026-08-31 10:45:16 DEBUG    [SA_03] Button: register
2026-08-31 10:45:19 DEBUG    [SA_03] Button: login
2026-08-31 10:45:20 DEBUG    [SA_03] Button: register
2026-08-31 10:45:22 DEBUG    [SA_03] Button: login
2026-08-31 10:45:23 DEBUG    [SA_03] Button: register
2026-08-31 10:45:24 DEBUG    [SA_03] Button: login
2026-08-31 10:45:25 DEBUG    [SA_03] Button: register
2026-08-31 10:45:26 DEBUG    [SA_03] Button: login
2026-08-31 10:45:27 DEBUG    [SA_03] Button: register
2026-08-31 10:45:29 DEBUG    [SA_03] Button: login
2026-08-31 10:45:40 DEBUG    [SA_03] Button: register
2026-08-31 10:45:55 DEBUG    [SA_03] Button: login
2026-08-31 10:46:01 DEBUG    [SA_03] Button: register
2026-08-31 10:46:21 INFO     [SA_03] Finsh Application
2026-08-31 10:46:32 INFO     [SA_03] Start Application
2026-08-31 10:46:33 DEBUG    [SA_03] INITIAL ITEM: phrase_code = pl phrase_locale = pl-PL phrase_voice = pl-PL-MarekNeural
2026-08-31 10:46:33 DEBUG    [SA_03] INITIAL SOURCE: language = pl locale = pl-PL voice = 
2026-08-31 10:46:34 DEBUG    [SA_03] Button: db
2026-08-31 10:46:35 INFO     [SA_03] Database sets loaded: 15
2026-08-31 10:46:35 DEBUG    [SA_03] Selected set: English B2 001
2026-08-31 10:46:36 DEBUG    [SA_03] Button: login
2026-08-31 10:46:37 DEBUG    [SA_03] Button: register
2026-08-31 10:46:39 DEBUG    [SA_03] Button: login
2026-08-31 10:46:40 DEBUG    [SA_03] Button: register
2026-08-31 10:49:24 INFO     [SA_03] Finsh Application
2026-08-31 10:51:20 INFO     [SA_03] Start Application
2026-08-31 10:51:21 DEBUG    [SA_03] INITIAL ITEM: phrase_code = pl phrase_locale = pl-PL phrase_voice = pl-PL-MarekNeural
2026-08-31 10:51:21 DEBUG    [SA_03] INITIAL SOURCE: language = pl locale = pl-PL voice = 
2026-08-31 10:51:22 DEBUG    [SA_03] Button: db
2026-08-31 10:51:23 INFO     [SA_03] Database sets loaded: 15
2026-08-31 10:51:23 DEBUG    [SA_03] Selected set: English B2 001
2026-08-31 10:51:25 DEBUG    [SA_03] Button: login
2026-08-31 10:52:07 INFO     [SA_03] Finsh Application
2026-08-31 10:56:14 INFO     [SA_03] Start Application
2026-08-31 10:56:14 DEBUG    [SA_03] INITIAL ITEM: phrase_code = pl phrase_locale = pl-PL phrase_voice = pl-PL-MarekNeural
2026-08-31 10:56:14 DEBUG    [SA_03] INITIAL SOURCE: language = pl locale = pl-PL voice = 
2026-08-31 10:56:15 DEBUG    [SA_03] Button: db
2026-08-31 10:56:17 INFO     [SA_03] Database sets loaded: 15
2026-08-31 10:56:17 DEBUG    [SA_03] Selected set: English B2 001
2026-08-31 10:56:18 DEBUG    [SA_03] Button: login
2026-08-31 10:56:22 DEBUG    [SA_03] Button: register
2026-08-31 10:56:27 INFO     [SA_03] Finsh Application
2026-08-31 10:56:41 INFO     [SA_03] Start Application
2026-08-31 10:56:41 DEBUG    [SA_03] INITIAL ITEM: phrase_code = pl phrase_locale = pl-PL phrase_voice = pl-PL-MarekNeural
2026-08-31 10:56:41 DEBUG    [SA_03] INITIAL SOURCE: language = pl locale = pl-PL voice = 
2026-08-31 10:56:42 DEBUG    [SA_03] Button: db
2026-08-31 10:56:43 INFO     [SA_03] Database sets loaded: 15
2026-08-31 10:56:43 DEBUG    [SA_03] Selected set: English B2 001
2026-08-31 10:56:45 DEBUG    [SA_03] Button: login
2026-08-31 10:57:05 DEBUG    [SA_03] Button: register
2026-08-31 11:00:29 DEBUG    [SA_03] Button: login
2026-08-31 11:00:43 INFO     [SA_03] Finsh Application
2026-08-31 11:02:41 INFO     [SA_03] Start Application
2026-08-31 11:02:41 DEBUG    [SA_03] INITIAL ITEM: phrase_code = pl phrase_locale = pl-PL phrase_voice = pl-PL-MarekNeural
2026-08-31 11:02:41 DEBUG    [SA_03] INITIAL SOURCE: language = pl locale = pl-PL voice = 
2026-08-31 11:02:42 DEBUG    [SA_03] Button: db
2026-08-31 11:02:43 INFO     [SA_03] Database sets loaded: 15
2026-08-31 11:02:43 DEBUG    [SA_03] Selected set: English B2 001
2026-08-31 11:02:44 DEBUG    [SA_03] Button: login
2026-08-31 11:02:58 INFO     [SA_03] Finsh Application
2026-08-31 11:05:50 INFO     [SA_03] Start Application
2026-08-31 11:05:51 DEBUG    [SA_03] INITIAL ITEM: phrase_code = pl phrase_locale = pl-PL phrase_voice = pl-PL-MarekNeural
2026-08-31 11:05:51 DEBUG    [SA_03] INITIAL SOURCE: language = pl locale = pl-PL voice = 
2026-08-31 11:05:53 DEBUG    [SA_03] Button: db
2026-08-31 11:05:54 INFO     [SA_03] Database sets loaded: 15
2026-08-31 11:05:54 DEBUG    [SA_03] Selected set: English B2 001
2026-08-31 11:05:55 DEBUG    [SA_03] Button: login
2026-08-31 11:06:21 DEBUG    [SA_03] Button: register
2026-08-31 11:06:32 DEBUG    [SA_03] Button: login
2026-08-31 11:07:09 DEBUG    [SA_03] Button: register
2026-08-31 11:08:19 INFO     [SA_03] Finsh Application
2026-08-31 11:09:01 INFO     [SA_03] Start Application
2026-08-31 11:09:01 DEBUG    [SA_03] INITIAL ITEM: phrase_code = pl phrase_locale = pl-PL phrase_voice = pl-PL-MarekNeural
2026-08-31 11:09:01 DEBUG    [SA_03] INITIAL SOURCE: language = pl locale = pl-PL voice = 
2026-08-31 11:09:03 DEBUG    [SA_03] Button: db
2026-08-31 11:09:04 INFO     [SA_03] Database sets loaded: 15
2026-08-31 11:09:04 DEBUG    [SA_03] Selected set: English B2 001
2026-08-31 11:09:05 DEBUG    [SA_03] Button: login
2026-08-31 11:09:19 DEBUG    [SA_03] Button: register
2026-08-31 11:12:29 INFO     [SA_03] Finsh Application
2026-08-31 11:17:53 INFO     [SA_03] Start Application
2026-08-31 11:17:53 DEBUG    [SA_03] INITIAL ITEM: phrase_code = pl phrase_locale = pl-PL phrase_voice = pl-PL-MarekNeural
2026-08-31 11:17:53 DEBUG    [SA_03] INITIAL SOURCE: language = pl locale = pl-PL voice = 
2026-08-31 11:17:54 DEBUG    [SA_03] Button: db
2026-08-31 11:17:56 INFO     [SA_03] Database sets loaded: 15
2026-08-31 11:17:56 DEBUG    [SA_03] Selected set: English B2 001
2026-08-31 11:17:58 DEBUG    [SA_03] Button: login
2026-08-31 11:18:26 DEBUG    [SA_03] Button: login
2026-08-31 11:20:47 DEBUG    [SA_03] Button: db
2026-08-31 11:20:48 INFO     [SA_03] Database sets loaded: 15
2026-08-31 11:20:48 DEBUG    [SA_03] Selected set: English B2 001
2026-08-31 11:20:49 DEBUG    [SA_03] Button: register
2026-08-31 11:24:32 DEBUG    [SA_03] Button: db
2026-08-31 11:24:33 INFO     [SA_03] Database sets loaded: 15
2026-08-31 11:24:33 DEBUG    [SA_03] Selected set: English B2 001
2026-08-31 11:26:33 INFO     [SA_03] Finsh Application
2026-08-31 11:34:34 INFO     [SA_03] Start Application
2026-08-31 11:34:34 DEBUG    [SA_03] INITIAL ITEM: phrase_code = pl phrase_locale = pl-PL phrase_voice = pl-PL-MarekNeural
2026-08-31 11:34:34 DEBUG    [SA_03] INITIAL SOURCE: language = pl locale = pl-PL voice = 
2026-08-31 11:34:38 DEBUG    [SA_03] Button: db
2026-08-31 11:34:39 INFO     [SA_03] Database sets loaded: 15
2026-08-31 11:34:39 DEBUG    [SA_03] Selected set: English B2 001
2026-08-31 11:34:42 DEBUG    [SA_03] Button: login
2026-08-31 11:35:05 DEBUG    [SA_03] Button: db
2026-08-31 11:35:06 INFO     [SA_03] Database sets loaded: 0
2026-08-31 11:35:34 DEBUG    [SA_03] Button: settings
2026-08-31 11:35:34 DEBUG    [SA_03] INITIAL ITEM: phrase_code = pl phrase_locale = pl-PL phrase_voice = pl-PL-MarekNeural
2026-08-31 11:35:34 DEBUG    [SA_03] INITIAL SOURCE: language = pl locale = pl-PL voice = 
2026-08-31 11:35:34 DEBUG    [SA_03] Target language: en
2026-08-31 11:35:35 DEBUG    [SA_03] Target locale: en-US
2026-08-31 11:35:41 DEBUG    [SA_03] Button: db
2026-08-31 11:35:42 INFO     [SA_03] Database sets loaded: 0
2026-08-31 11:35:47 DEBUG    [SA_03] Button: login
2026-08-31 11:36:01 DEBUG    [SA_03] Button: db
2026-08-31 11:36:01 INFO     [SA_03] Database sets loaded: 15
2026-08-31 11:36:01 DEBUG    [SA_03] Selected set: English B2 001
2026-08-31 11:36:40 DEBUG    [SA_03] Button: login
2026-08-31 11:36:59 DEBUG    [SA_03] Button: db
2026-08-31 11:37:00 INFO     [SA_03] Database sets loaded: 0
2026-08-31 11:37:17 DEBUG    [SA_03] Button: settodb
2026-08-31 11:37:18 INFO     [SA_03] Session saved to database: {'set_id': 24}
2026-08-31 11:37:19 INFO     [SA_03] Database sets loaded: 1
2026-08-31 11:37:19 DEBUG    [SA_03] Selected set: Shadowing
2026-08-31 11:37:49 DEBUG    [SA_03] Button: dbtoset
2026-08-31 11:37:50 INFO     [SA_03] Set loaded into session: 24
2026-08-31 11:38:55 DEBUG    [SA_03] Button: login
2026-08-31 11:39:54 DEBUG    [SA_03] Button: login
2026-08-31 11:45:46 INFO     [SA_03] Finsh Application
2026-08-31 11:46:10 INFO     [SA_03] Start Application
2026-08-31 11:46:10 DEBUG    [SA_03] INITIAL ITEM: phrase_code = pl phrase_locale = pl-PL phrase_voice = pl-PL-MarekNeural
2026-08-31 11:46:10 DEBUG    [SA_03] INITIAL SOURCE: language = pl locale = pl-PL voice = 
2026-08-31 11:46:12 DEBUG    [SA_03] Button: db
2026-08-31 11:46:13 INFO     [SA_03] Database sets loaded: 1
2026-08-31 11:46:13 DEBUG    [SA_03] Selected set: Shadowing
2026-08-31 11:46:19 DEBUG    [SA_03] Button: login
2026-08-31 11:46:40 INFO     [SA_03] Finsh Application
2026-08-31 11:46:54 INFO     [SA_03] Start Application
2026-08-31 11:46:54 DEBUG    [SA_03] INITIAL ITEM: phrase_code = pl phrase_locale = pl-PL phrase_voice = pl-PL-MarekNeural
2026-08-31 11:46:54 DEBUG    [SA_03] INITIAL SOURCE: language = pl locale = pl-PL voice = 
2026-08-31 11:46:56 DEBUG    [SA_03] Button: db
2026-08-31 11:46:57 INFO     [SA_03] Database sets loaded: 1
2026-08-31 11:46:57 DEBUG    [SA_03] Selected set: Shadowing
2026-08-31 11:47:01 DEBUG    [SA_03] Button: login
2026-08-31 11:47:11 INFO     [SA_03] Database sets loaded: 15
2026-08-31 11:47:11 DEBUG    [SA_03] Selected set: English B2 001
2026-08-31 11:47:17 DEBUG    [SA_03] Button: login
2026-08-31 11:47:26 INFO     [SA_03] Database sets loaded: 1
2026-08-31 11:47:26 DEBUG    [SA_03] Selected set: Shadowing
2026-08-31 11:47:46 INFO     [SA_03] Database sets loaded: 1
2026-08-31 11:47:46 DEBUG    [SA_03] Selected set: Shadowing
2026-08-31 11:48:05 INFO     [SA_03] Database sets loaded: 15
2026-08-31 11:48:05 DEBUG    [SA_03] Selected set: English B2 001
2026-08-31 11:48:18 DEBUG    [SA_03] Selected set: Polisн  B2 001
2026-08-31 11:48:28 DEBUG    [SA_03] Button: dbtoset
2026-08-31 11:48:29 INFO     [SA_03] Set loaded into session: 2
2026-08-31 11:50:06 DEBUG    [SA_03] Button: play
2026-08-31 11:50:06 DEBUG    [SA_03] PREPARE_ITEM #0
2026-08-31 11:50:06 DEBUG    [SA_03] ACTION: {'action': 'SHOW', 'target': 'top', 'content': 'phrase_text'}
2026-08-31 11:50:06 DEBUG    [SA_03] ACTION: {'action': 'PLAY', 'source': 'phrase_text'}
2026-08-31 11:50:06 DEBUG    [SA_03] AudioProvider: CACHE HIT
2026-08-31 11:50:06 DEBUG    [SA_03] TEXT PLAY
2026-08-31 11:50:08 DEBUG    [SA_03] TEXT_END
2026-08-31 11:50:08 DEBUG    [SA_03] ACTION: {'action': 'WAIT', 'source': 'pause_before_translation'}
2026-08-31 11:50:10 DEBUG    [SA_03] PAUSE_END
2026-08-31 11:50:10 DEBUG    [SA_03] ACTION: {'action': 'SHOW', 'target': 'bottom', 'content': 'translate_text'}
2026-08-31 11:50:10 DEBUG    [SA_03] ACTION: {'action': 'PLAY', 'source': 'translate_text'}
2026-08-31 11:50:10 DEBUG    [SA_03] AudioProvider: CACHE HIT
2026-08-31 11:50:10 DEBUG    [SA_03] TRANSLATION PLAY
2026-08-31 11:50:14 DEBUG    [SA_03] TRANSLATION_END
2026-08-31 11:50:14 DEBUG    [SA_03] ACTION: {'action': 'WAIT', 'source': 'pause_between_sentences'}
2026-08-31 11:50:16 DEBUG    [SA_03] PAUSE_END
2026-08-31 11:50:16 DEBUG    [SA_03] ACTION: {'action': 'HIDE', 'target': 'top'}
2026-08-31 11:50:16 DEBUG    [SA_03] ACTION: {'action': 'HIDE', 'target': 'bottom'}
2026-08-31 11:50:16 INFO     [SA_03] SCENARIO FINISHED
2026-08-31 11:50:16 DEBUG    [SA_03] FINISH_ITEM: repeat 1/1
2026-08-31 11:50:16 DEBUG    [SA_03] PREPARE_ITEM #1
2026-08-31 11:50:16 DEBUG    [SA_03] ACTION: {'action': 'SHOW', 'target': 'top', 'content': 'phrase_text'}
2026-08-31 11:50:16 DEBUG    [SA_03] ACTION: {'action': 'PLAY', 'source': 'phrase_text'}
2026-08-31 11:50:16 DEBUG    [SA_03] AudioProvider: CACHE HIT
2026-08-31 11:50:16 DEBUG    [SA_03] TEXT PLAY
2026-08-31 11:50:21 DEBUG    [SA_03] TEXT_END
2026-08-31 11:50:21 DEBUG    [SA_03] ACTION: {'action': 'WAIT', 'source': 'pause_before_translation'}
2026-08-31 11:50:24 DEBUG    [SA_03] PAUSE_END
2026-08-31 11:50:24 DEBUG    [SA_03] ACTION: {'action': 'SHOW', 'target': 'bottom', 'content': 'translate_text'}
2026-08-31 11:50:24 DEBUG    [SA_03] ACTION: {'action': 'PLAY', 'source': 'translate_text'}
2026-08-31 11:50:24 DEBUG    [SA_03] AudioProvider: CACHE HIT
2026-08-31 11:50:24 DEBUG    [SA_03] TRANSLATION PLAY
2026-08-31 11:50:30 DEBUG    [SA_03] TRANSLATION_END
2026-08-31 11:50:30 DEBUG    [SA_03] ACTION: {'action': 'WAIT', 'source': 'pause_between_sentences'}
2026-08-31 11:50:32 DEBUG    [SA_03] PAUSE_END
2026-08-31 11:50:32 DEBUG    [SA_03] ACTION: {'action': 'HIDE', 'target': 'top'}
2026-08-31 11:50:32 DEBUG    [SA_03] ACTION: {'action': 'HIDE', 'target': 'bottom'}
2026-08-31 11:50:32 INFO     [SA_03] SCENARIO FINISHED
2026-08-31 11:50:32 DEBUG    [SA_03] FINISH_ITEM: repeat 1/1
2026-08-31 11:50:32 DEBUG    [SA_03] PREPARE_ITEM #2
2026-08-31 11:50:32 DEBUG    [SA_03] ACTION: {'action': 'SHOW', 'target': 'top', 'content': 'phrase_text'}
2026-08-31 11:50:32 DEBUG    [SA_03] ACTION: {'action': 'PLAY', 'source': 'phrase_text'}
2026-08-31 11:50:32 DEBUG    [SA_03] AudioProvider: CACHE HIT
2026-08-31 11:50:32 DEBUG    [SA_03] TEXT PLAY
2026-08-31 11:50:36 DEBUG    [SA_03] TEXT_END
2026-08-31 11:50:36 DEBUG    [SA_03] ACTION: {'action': 'WAIT', 'source': 'pause_before_translation'}
2026-08-31 11:50:38 DEBUG    [SA_03] PAUSE_END
2026-08-31 11:50:38 DEBUG    [SA_03] ACTION: {'action': 'SHOW', 'target': 'bottom', 'content': 'translate_text'}
2026-08-31 11:50:38 DEBUG    [SA_03] ACTION: {'action': 'PLAY', 'source': 'translate_text'}
2026-08-31 11:50:38 DEBUG    [SA_03] AudioProvider: CACHE HIT
2026-08-31 11:50:38 DEBUG    [SA_03] TRANSLATION PLAY
2026-08-31 11:50:43 DEBUG    [SA_03] TRANSLATION_END
2026-08-31 11:50:43 DEBUG    [SA_03] ACTION: {'action': 'WAIT', 'source': 'pause_between_sentences'}
2026-08-31 11:50:45 DEBUG    [SA_03] PAUSE_END
2026-08-31 11:50:45 DEBUG    [SA_03] ACTION: {'action': 'HIDE', 'target': 'top'}
2026-08-31 11:50:45 DEBUG    [SA_03] ACTION: {'action': 'HIDE', 'target': 'bottom'}
2026-08-31 11:50:45 INFO     [SA_03] SCENARIO FINISHED
2026-08-31 11:50:45 DEBUG    [SA_03] FINISH_ITEM: repeat 1/1
2026-08-31 11:50:45 DEBUG    [SA_03] PREPARE_ITEM #3
2026-08-31 11:50:45 DEBUG    [SA_03] ACTION: {'action': 'SHOW', 'target': 'top', 'content': 'phrase_text'}
2026-08-31 11:50:45 DEBUG    [SA_03] ACTION: {'action': 'PLAY', 'source': 'phrase_text'}
2026-08-31 11:50:45 DEBUG    [SA_03] AudioProvider: CACHE HIT
2026-08-31 11:50:45 DEBUG    [SA_03] TEXT PLAY
2026-08-31 11:50:45 DEBUG    [SA_03] Button: settings
2026-08-31 11:50:45 DEBUG    [SA_03] INITIAL ITEM: phrase_code = pl phrase_locale = pl-PL phrase_voice = pl-PL-MarekNeural
2026-08-31 11:50:45 DEBUG    [SA_03] INITIAL SOURCE: language = pl locale = pl-PL voice = 
2026-08-31 11:50:45 DEBUG    [SA_03] Target language: en
2026-08-31 11:50:45 DEBUG    [SA_03] Target locale: en-US
2026-08-31 11:50:50 DEBUG    [SA_03] TEXT_END
2026-08-31 11:50:50 DEBUG    [SA_03] ACTION: {'action': 'WAIT', 'source': 'pause_before_translation'}
2026-08-31 11:50:53 DEBUG    [SA_03] Button: db
2026-08-31 11:50:54 DEBUG    [SA_03] PAUSE_END
2026-08-31 11:50:54 DEBUG    [SA_03] ACTION: {'action': 'SHOW', 'target': 'bottom', 'content': 'translate_text'}
2026-08-31 11:50:54 DEBUG    [SA_03] ACTION: {'action': 'PLAY', 'source': 'translate_text'}
2026-08-31 11:50:54 DEBUG    [SA_03] AudioProvider: CACHE HIT
2026-08-31 11:50:54 DEBUG    [SA_03] TRANSLATION PLAY
2026-08-31 11:50:54 INFO     [SA_03] Database sets loaded: 15
2026-08-31 11:50:54 DEBUG    [SA_03] Selected set: English B2 001
2026-08-31 11:50:58 DEBUG    [SA_03] Button: login
2026-08-31 11:51:00 DEBUG    [SA_03] TRANSLATION_END
2026-08-31 11:51:00 DEBUG    [SA_03] ACTION: {'action': 'WAIT', 'source': 'pause_between_sentences'}
2026-08-31 11:51:02 DEBUG    [SA_03] PAUSE_END
2026-08-31 11:51:02 DEBUG    [SA_03] ACTION: {'action': 'HIDE', 'target': 'top'}
2026-08-31 11:51:02 DEBUG    [SA_03] ACTION: {'action': 'HIDE', 'target': 'bottom'}
2026-08-31 11:51:02 INFO     [SA_03] SCENARIO FINISHED
2026-08-31 11:51:02 DEBUG    [SA_03] FINISH_ITEM: repeat 1/1
2026-08-31 11:51:02 DEBUG    [SA_03] PREPARE_ITEM #4
2026-08-31 11:51:02 DEBUG    [SA_03] ACTION: {'action': 'SHOW', 'target': 'top', 'content': 'phrase_text'}
2026-08-31 11:51:02 DEBUG    [SA_03] ACTION: {'action': 'PLAY', 'source': 'phrase_text'}
2026-08-31 11:51:02 DEBUG    [SA_03] AudioProvider: CACHE HIT
2026-08-31 11:51:02 DEBUG    [SA_03] TEXT PLAY
2026-08-31 11:51:04 DEBUG    [SA_03] TEXT_END
2026-08-31 11:51:04 DEBUG    [SA_03] ACTION: {'action': 'WAIT', 'source': 'pause_before_translation'}
2026-08-31 11:51:06 DEBUG    [SA_03] PAUSE_END
2026-08-31 11:51:06 DEBUG    [SA_03] ACTION: {'action': 'SHOW', 'target': 'bottom', 'content': 'translate_text'}
2026-08-31 11:51:06 DEBUG    [SA_03] ACTION: {'action': 'PLAY', 'source': 'translate_text'}
2026-08-31 11:51:06 DEBUG    [SA_03] AudioProvider: CACHE HIT
2026-08-31 11:51:06 DEBUG    [SA_03] TRANSLATION PLAY
2026-08-31 11:51:10 DEBUG    [SA_03] TRANSLATION_END
2026-08-31 11:51:10 DEBUG    [SA_03] ACTION: {'action': 'WAIT', 'source': 'pause_between_sentences'}
2026-08-31 11:51:12 DEBUG    [SA_03] PAUSE_END
2026-08-31 11:51:12 DEBUG    [SA_03] ACTION: {'action': 'HIDE', 'target': 'top'}
2026-08-31 11:51:12 DEBUG    [SA_03] ACTION: {'action': 'HIDE', 'target': 'bottom'}
2026-08-31 11:51:12 INFO     [SA_03] SCENARIO FINISHED
2026-08-31 11:51:12 DEBUG    [SA_03] FINISH_ITEM: repeat 1/1
2026-08-31 11:51:12 DEBUG    [SA_03] PREPARE_ITEM #5
2026-08-31 11:51:12 DEBUG    [SA_03] ACTION: {'action': 'SHOW', 'target': 'top', 'content': 'phrase_text'}
2026-08-31 11:51:12 DEBUG    [SA_03] ACTION: {'action': 'PLAY', 'source': 'phrase_text'}
2026-08-31 11:51:12 DEBUG    [SA_03] AudioProvider: CACHE HIT
2026-08-31 11:51:12 DEBUG    [SA_03] TEXT PLAY
2026-08-31 11:51:16 DEBUG    [SA_03] TEXT_END
2026-08-31 11:51:16 DEBUG    [SA_03] ACTION: {'action': 'WAIT', 'source': 'pause_before_translation'}
2026-08-31 11:51:19 DEBUG    [SA_03] PAUSE_END
2026-08-31 11:51:19 DEBUG    [SA_03] ACTION: {'action': 'SHOW', 'target': 'bottom', 'content': 'translate_text'}
2026-08-31 11:51:19 DEBUG    [SA_03] ACTION: {'action': 'PLAY', 'source': 'translate_text'}
2026-08-31 11:51:19 DEBUG    [SA_03] AudioProvider: CACHE HIT
2026-08-31 11:51:19 DEBUG    [SA_03] TRANSLATION PLAY
2026-08-31 11:51:24 DEBUG    [SA_03] TRANSLATION_END
2026-08-31 11:51:24 DEBUG    [SA_03] ACTION: {'action': 'WAIT', 'source': 'pause_between_sentences'}
2026-08-31 11:51:26 DEBUG    [SA_03] PAUSE_END
2026-08-31 11:51:26 DEBUG    [SA_03] ACTION: {'action': 'HIDE', 'target': 'top'}
2026-08-31 11:51:26 DEBUG    [SA_03] ACTION: {'action': 'HIDE', 'target': 'bottom'}
2026-08-31 11:51:26 INFO     [SA_03] SCENARIO FINISHED
2026-08-31 11:51:26 DEBUG    [SA_03] FINISH_ITEM: repeat 1/1
2026-08-31 11:51:26 DEBUG    [SA_03] PREPARE_ITEM #6
2026-08-31 11:51:26 DEBUG    [SA_03] ACTION: {'action': 'SHOW', 'target': 'top', 'content': 'phrase_text'}
2026-08-31 11:51:26 DEBUG    [SA_03] ACTION: {'action': 'PLAY', 'source': 'phrase_text'}
2026-08-31 11:51:26 DEBUG    [SA_03] AudioProvider: CACHE HIT
2026-08-31 11:51:26 DEBUG    [SA_03] TEXT PLAY
2026-08-31 11:51:30 DEBUG    [SA_03] TEXT_END
2026-08-31 11:51:30 DEBUG    [SA_03] ACTION: {'action': 'WAIT', 'source': 'pause_before_translation'}
2026-08-31 11:51:32 DEBUG    [SA_03] PAUSE_END
2026-08-31 11:51:32 DEBUG    [SA_03] ACTION: {'action': 'SHOW', 'target': 'bottom', 'content': 'translate_text'}
2026-08-31 11:51:32 DEBUG    [SA_03] ACTION: {'action': 'PLAY', 'source': 'translate_text'}
2026-08-31 11:51:32 DEBUG    [SA_03] AudioProvider: CACHE HIT
2026-08-31 11:51:32 DEBUG    [SA_03] TRANSLATION PLAY
2026-08-31 11:51:35 DEBUG    [SA_03] TRANSLATION_END
2026-08-31 11:51:35 DEBUG    [SA_03] ACTION: {'action': 'WAIT', 'source': 'pause_between_sentences'}
2026-08-31 11:51:37 DEBUG    [SA_03] PAUSE_END
2026-08-31 11:51:37 DEBUG    [SA_03] ACTION: {'action': 'HIDE', 'target': 'top'}
2026-08-31 11:51:37 DEBUG    [SA_03] ACTION: {'action': 'HIDE', 'target': 'bottom'}
2026-08-31 11:51:37 INFO     [SA_03] SCENARIO FINISHED
2026-08-31 11:51:37 DEBUG    [SA_03] FINISH_ITEM: repeat 1/1
2026-08-31 11:51:37 DEBUG    [SA_03] PREPARE_ITEM #7
2026-08-31 11:51:37 DEBUG    [SA_03] ACTION: {'action': 'SHOW', 'target': 'top', 'content': 'phrase_text'}
2026-08-31 11:51:37 DEBUG    [SA_03] ACTION: {'action': 'PLAY', 'source': 'phrase_text'}
2026-08-31 11:51:37 DEBUG    [SA_03] AudioProvider: CACHE HIT
2026-08-31 11:51:37 DEBUG    [SA_03] TEXT PLAY
2026-08-31 11:51:43 DEBUG    [SA_03] TEXT_END
2026-08-31 11:51:43 DEBUG    [SA_03] ACTION: {'action': 'WAIT', 'source': 'pause_before_translation'}
2026-08-31 11:51:46 DEBUG    [SA_03] PAUSE_END
2026-08-31 11:51:46 DEBUG    [SA_03] ACTION: {'action': 'SHOW', 'target': 'bottom', 'content': 'translate_text'}
2026-08-31 11:51:46 DEBUG    [SA_03] ACTION: {'action': 'PLAY', 'source': 'translate_text'}
2026-08-31 11:51:46 DEBUG    [SA_03] AudioProvider: CACHE HIT
2026-08-31 11:51:46 DEBUG    [SA_03] TRANSLATION PLAY
2026-08-31 11:51:52 DEBUG    [SA_03] TRANSLATION_END
2026-08-31 11:51:52 DEBUG    [SA_03] ACTION: {'action': 'WAIT', 'source': 'pause_between_sentences'}
2026-08-31 11:51:54 DEBUG    [SA_03] PAUSE_END
2026-08-31 11:51:54 DEBUG    [SA_03] ACTION: {'action': 'HIDE', 'target': 'top'}
2026-08-31 11:51:54 DEBUG    [SA_03] ACTION: {'action': 'HIDE', 'target': 'bottom'}
2026-08-31 11:51:54 INFO     [SA_03] SCENARIO FINISHED
2026-08-31 11:51:54 DEBUG    [SA_03] FINISH_ITEM: repeat 1/1
2026-08-31 11:51:54 DEBUG    [SA_03] PREPARE_ITEM #8
2026-08-31 11:51:54 DEBUG    [SA_03] ACTION: {'action': 'SHOW', 'target': 'top', 'content': 'phrase_text'}
2026-08-31 11:51:54 DEBUG    [SA_03] ACTION: {'action': 'PLAY', 'source': 'phrase_text'}
2026-08-31 11:51:54 DEBUG    [SA_03] AudioProvider: CACHE HIT
2026-08-31 11:51:54 DEBUG    [SA_03] TEXT PLAY
2026-08-31 11:51:57 DEBUG    [SA_03] TEXT_END
2026-08-31 11:51:57 DEBUG    [SA_03] ACTION: {'action': 'WAIT', 'source': 'pause_before_translation'}
2026-08-31 11:51:59 DEBUG    [SA_03] PAUSE_END
2026-08-31 11:51:59 DEBUG    [SA_03] ACTION: {'action': 'SHOW', 'target': 'bottom', 'content': 'translate_text'}
2026-08-31 11:51:59 DEBUG    [SA_03] ACTION: {'action': 'PLAY', 'source': 'translate_text'}
2026-08-31 11:51:59 DEBUG    [SA_03] AudioProvider: CACHE HIT
2026-08-31 11:51:59 DEBUG    [SA_03] TRANSLATION PLAY
2026-08-31 11:52:03 DEBUG    [SA_03] TRANSLATION_END
2026-08-31 11:52:03 DEBUG    [SA_03] ACTION: {'action': 'WAIT', 'source': 'pause_between_sentences'}
2026-08-31 11:52:04 INFO     [SA_03] Database sets loaded: 0
2026-08-31 11:52:05 DEBUG    [SA_03] PAUSE_END
2026-08-31 11:52:05 DEBUG    [SA_03] ACTION: {'action': 'HIDE', 'target': 'top'}
2026-08-31 11:52:05 DEBUG    [SA_03] ACTION: {'action': 'HIDE', 'target': 'bottom'}
2026-08-31 11:52:05 INFO     [SA_03] SCENARIO FINISHED
2026-08-31 11:52:05 DEBUG    [SA_03] FINISH_ITEM: repeat 1/1
2026-08-31 11:52:05 DEBUG    [SA_03] PREPARE_ITEM #9
2026-08-31 11:52:05 DEBUG    [SA_03] ACTION: {'action': 'SHOW', 'target': 'top', 'content': 'phrase_text'}
2026-08-31 11:52:05 DEBUG    [SA_03] ACTION: {'action': 'PLAY', 'source': 'phrase_text'}
2026-08-31 11:52:05 DEBUG    [SA_03] AudioProvider: CACHE HIT
2026-08-31 11:52:05 DEBUG    [SA_03] TEXT PLAY
2026-08-31 11:52:10 DEBUG    [SA_03] TEXT_END
2026-08-31 11:52:10 DEBUG    [SA_03] ACTION: {'action': 'WAIT', 'source': 'pause_before_translation'}
2026-08-31 11:52:13 DEBUG    [SA_03] PAUSE_END
2026-08-31 11:52:13 DEBUG    [SA_03] ACTION: {'action': 'SHOW', 'target': 'bottom', 'content': 'translate_text'}
2026-08-31 11:52:13 DEBUG    [SA_03] ACTION: {'action': 'PLAY', 'source': 'translate_text'}
2026-08-31 11:52:13 DEBUG    [SA_03] AudioProvider: CACHE HIT
2026-08-31 11:52:13 DEBUG    [SA_03] TRANSLATION PLAY
2026-08-31 11:52:15 DEBUG    [SA_03] Button: settings
2026-08-31 11:52:15 DEBUG    [SA_03] INITIAL ITEM: phrase_code = pl phrase_locale = pl-PL phrase_voice = pl-PL-MarekNeural
2026-08-31 11:52:15 DEBUG    [SA_03] INITIAL SOURCE: language = pl locale = pl-PL voice = 
2026-08-31 11:52:16 DEBUG    [SA_03] Target language: en
2026-08-31 11:52:16 DEBUG    [SA_03] Target locale: en-US
2026-08-31 11:52:20 DEBUG    [SA_03] TRANSLATION_END
2026-08-31 11:52:20 DEBUG    [SA_03] ACTION: {'action': 'WAIT', 'source': 'pause_between_sentences'}
2026-08-31 11:52:22 DEBUG    [SA_03] PAUSE_END
2026-08-31 11:52:22 DEBUG    [SA_03] ACTION: {'action': 'HIDE', 'target': 'top'}
2026-08-31 11:52:22 DEBUG    [SA_03] ACTION: {'action': 'HIDE', 'target': 'bottom'}
2026-08-31 11:52:22 INFO     [SA_03] SCENARIO FINISHED
2026-08-31 11:52:22 DEBUG    [SA_03] FINISH_ITEM: repeat 1/1
2026-08-31 11:52:22 DEBUG    [SA_03] PREPARE_ITEM #10
2026-08-31 11:52:22 DEBUG    [SA_03] ACTION: {'action': 'SHOW', 'target': 'top', 'content': 'phrase_text'}
2026-08-31 11:52:22 DEBUG    [SA_03] ACTION: {'action': 'PLAY', 'source': 'phrase_text'}
2026-08-31 11:52:22 DEBUG    [SA_03] AudioProvider: CACHE HIT
2026-08-31 11:52:22 DEBUG    [SA_03] TEXT PLAY
2026-08-31 11:52:25 DEBUG    [SA_03] TEXT_END
2026-08-31 11:52:25 DEBUG    [SA_03] ACTION: {'action': 'WAIT', 'source': 'pause_before_translation'}
2026-08-31 11:52:27 DEBUG    [SA_03] PAUSE_END
2026-08-31 11:52:27 DEBUG    [SA_03] ACTION: {'action': 'SHOW', 'target': 'bottom', 'content': 'translate_text'}
2026-08-31 11:52:27 DEBUG    [SA_03] ACTION: {'action': 'PLAY', 'source': 'translate_text'}
2026-08-31 11:52:27 DEBUG    [SA_03] AudioProvider: CACHE HIT
2026-08-31 11:52:27 DEBUG    [SA_03] TRANSLATION PLAY
2026-08-31 11:52:31 DEBUG    [SA_03] TRANSLATION_END
2026-08-31 11:52:31 DEBUG    [SA_03] ACTION: {'action': 'WAIT', 'source': 'pause_between_sentences'}
2026-08-31 11:52:33 DEBUG    [SA_03] PAUSE_END
2026-08-31 11:52:33 DEBUG    [SA_03] ACTION: {'action': 'HIDE', 'target': 'top'}
2026-08-31 11:52:33 DEBUG    [SA_03] ACTION: {'action': 'HIDE', 'target': 'bottom'}
2026-08-31 11:52:33 INFO     [SA_03] SCENARIO FINISHED
2026-08-31 11:52:33 DEBUG    [SA_03] FINISH_ITEM: repeat 1/1
2026-08-31 11:52:33 DEBUG    [SA_03] PREPARE_ITEM #11
2026-08-31 11:52:33 DEBUG    [SA_03] ACTION: {'action': 'SHOW', 'target': 'top', 'content': 'phrase_text'}
2026-08-31 11:52:33 DEBUG    [SA_03] ACTION: {'action': 'PLAY', 'source': 'phrase_text'}
2026-08-31 11:52:33 DEBUG    [SA_03] AudioProvider: CACHE HIT
2026-08-31 11:52:33 DEBUG    [SA_03] TEXT PLAY
2026-08-31 11:52:37 DEBUG    [SA_03] TEXT_END
2026-08-31 11:52:37 DEBUG    [SA_03] ACTION: {'action': 'WAIT', 'source': 'pause_before_translation'}
2026-08-31 11:52:40 DEBUG    [SA_03] Button: pause
2026-08-31 11:52:41 DEBUG    [SA_03] Button: settings
2026-08-31 11:52:41 DEBUG    [SA_03] INITIAL ITEM: phrase_code = pl phrase_locale = pl-PL phrase_voice = pl-PL-MarekNeural
2026-08-31 11:52:41 DEBUG    [SA_03] INITIAL SOURCE: language = pl locale = pl-PL voice = 
2026-08-31 11:52:41 DEBUG    [SA_03] Target language: en
2026-08-31 11:52:41 DEBUG    [SA_03] Target locale: en-US
2026-08-31 11:52:45 DEBUG    [SA_03] Button: db
2026-08-31 11:52:46 INFO     [SA_03] Database sets loaded: 0
2026-08-31 11:55:15 DEBUG    [SA_03] Button: settings
2026-08-31 11:55:15 DEBUG    [SA_03] INITIAL ITEM: phrase_code = pl phrase_locale = pl-PL phrase_voice = pl-PL-MarekNeural
2026-08-31 11:55:15 DEBUG    [SA_03] INITIAL SOURCE: language = pl locale = pl-PL voice = 
2026-08-31 11:55:15 DEBUG    [SA_03] Target language: en
2026-08-31 11:55:16 DEBUG    [SA_03] Target locale: en-US
2026-08-31 11:55:26 ERROR    [SA_03] Checking source language before generation...
2026-08-31 11:55:31 INFO     [SA_03] Detected language: fr
2026-08-31 11:55:31 DEBUG    [SA_03] Generate language check: source = pl detected = fr
2026-08-31 11:55:32 DEBUG    [SA_03] Source locale: fr-BE
2026-08-31 11:55:37 DEBUG    [SA_03] Voice: fr-BE-GerardNeural
2026-08-31 11:55:42 DEBUG    [SA_03] Locale: fr-FR Language: fr
2026-08-31 11:55:47 DEBUG    [SA_03] Voice: fr-FR-RemyMultilingualNeural
2026-08-31 11:55:55 DEBUG    [SA_03] Voice: fr-FR-RemyMultilingualNeural
2026-08-31 11:56:05 DEBUG    [SA_03] Target language: ru
2026-08-31 11:56:05 DEBUG    [SA_03] Target locale: ru-RU
2026-08-31 11:56:10 DEBUG    [SA_03] Target voice: ru-RU-SvetlanaNeural
2026-08-31 11:56:19 ERROR    [SA_03] Checking source language before generation...
2026-08-31 11:56:20 INFO     [SA_03] Detected language: fr
2026-08-31 11:56:20 DEBUG    [SA_03] Generate language check: source = fr detected = fr
2026-08-31 11:56:20 DEBUG    [SA_03] Source language matches.
2026-08-31 11:56:20 INFO     [SA_03] Generator: ShadowingGenerator
2026-08-31 11:56:20 INFO     [SA_03] Generating plan...
2026-08-31 11:56:54 INFO     [SA_03] 
2026-08-31 11:56:54 INFO     [SA_03] ==============
2026-08-31 11:56:54 INFO     [SA_03] PLAN GENERATED
2026-08-31 11:56:54 INFO     [SA_03] ==============
2026-08-31 11:56:54 INFO     [SA_03] Items: 24
2026-08-31 11:56:54 INFO     [SA_03] --------------
2026-08-31 11:56:54 INFO     [SA_03] 1 Le Petit Chaperon rouge. | pause: 2904 | repeat: 1
2026-08-31 11:56:54 INFO     [SA_03] 2 Красная шапочка | pause: 1470 | repeat: 1
2026-08-31 11:56:54 INFO     [SA_03] 3 Il était une fois une petite fille. | pause: 3690 | repeat: 1
2026-08-31 11:56:54 INFO     [SA_03] 4 Sa mère a fait pour elle un beau chaperon rouge. | pause: 4488 | repeat: 1
2026-08-31 11:56:54 INFO     [SA_03] 5 Elle le portait toujours et on a commencé à l'appeler Le Petit Chaperon rouge. | pause: 5000 | repeat: 1
2026-08-31 11:56:54 INFO     [SA_03] 6 Sa grand-mère vivait dans un autre village. | pause: 4188 | repeat: 1
2026-08-31 11:56:54 INFO     [SA_03] 7 Et un jour, Le Petit Chaperon rouge est allée la voir. | pause: 5000 | repeat: 1
2026-08-31 11:56:54 INFO     [SA_03] 8 Elle devait traverser la forêt. | pause: 3186 | repeat: 1
2026-08-31 11:56:54 INFO     [SA_03] 9 Dans la forêt elle a rencontré un loup. | pause: 3954 | repeat: 1
2026-08-31 11:56:54 INFO     [SA_03] 10 Le loup a décidé de ruser. | pause: 3396 | repeat: 1
2026-08-31 11:56:54 INFO     [SA_03] 11 Il a demandé: «Où vas-tu, ma petite?» | pause: 4632 | repeat: 1
2026-08-31 11:56:54 INFO     [SA_03] 12 La petite fille ne savait pas qu'il est dangereux de parler avec des inconnus et elle a répondu: «Je vais chez ma grand-mère.» | pause: 5000 | repeat: 1
2026-08-31 11:56:54 INFO     [SA_03] 13 «Où habite-t-elle?» | pause: 3294 | repeat: 1
2026-08-31 11:56:54 INFO     [SA_03] 14 «Tout près du moulin, monsieur le Loup.» | pause: 3960 | repeat: 1
2026-08-31 11:56:54 INFO     [SA_03] 15 «Pourquoi donc as-tu pris ce chemin-ci? | pause: 4374 | repeat: 1
2026-08-31 11:56:54 INFO     [SA_03] 16 Il est si long!» | pause: 2856 | repeat: 1
2026-08-31 11:56:54 INFO     [SA_03] 17 «Mais je prends toujours ce chemin-ci». | pause: 3924 | repeat: 1
2026-08-31 11:56:54 INFO     [SA_03] 18 «Hé bien, — a dit le loup, — je vais par ce chemin-là, et toi par ce chemin-ci. | pause: 5000 | repeat: 1
2026-08-31 11:56:54 INFO     [SA_03] 19 Nous verrons qui viendra plus tôt chez ta grand-mère.» | pause: 4734 | repeat: 1
2026-08-31 11:56:54 INFO     [SA_03] 20 Le loup s'est mis à courire de toute sa force par le chemin plus court, et la fille est allée par le chemin plus long. | pause: 5000 | repeat: 1
2026-08-31 11:56:54 INFO     [SA_03] 21 Le loup, bien sûr, est arrivé le premier. | pause: 4446 | repeat: 1
2026-08-31 11:56:54 INFO     [SA_03] 22 Il a frappé à la porte. | pause: 3378 | repeat: 1
2026-08-31 11:56:54 INFO     [SA_03] 23 «Qui est là? — a demandé la grand-mère.» | pause: 5000 | repeat: 1
2026-08-31 11:56:54 INFO     [SA_03] 24 «C'est votre petite — fille, — a répondu le loup adoussissant sa voix.» | pause: 5000 | repeat: 1
2026-08-31 11:56:54 INFO     [SA_03] ==============================
2026-08-31 11:56:54 INFO     [SA_03] 
2026-08-31 11:57:03 DEBUG    [SA_03] Button: play
2026-08-31 11:57:03 DEBUG    [SA_03] PREPARE_ITEM #0
2026-08-31 11:57:03 DEBUG    [SA_03] ACTION: {'action': 'SHOW', 'target': 'top', 'content': 'phrase_text'}
2026-08-31 11:57:03 DEBUG    [SA_03] ACTION: {'action': 'PLAY', 'source': 'phrase_text'}
2026-08-31 11:57:03 DEBUG    [SA_03] AudioProvider: CACHE MISS
2026-08-31 11:57:04 DEBUG    [SA_03] TEXT PLAY
2026-08-31 11:57:06 DEBUG    [SA_03] TEXT_END
2026-08-31 11:57:06 DEBUG    [SA_03] ACTION: {'action': 'WAIT', 'source': 'pause_before_translation'}
2026-08-31 11:57:09 DEBUG    [SA_03] PAUSE_END
2026-08-31 11:57:09 DEBUG    [SA_03] ACTION: {'action': 'SHOW', 'target': 'bottom', 'content': 'translate_text'}
2026-08-31 11:57:09 DEBUG    [SA_03] ACTION: {'action': 'PLAY', 'source': 'translate_text'}
2026-08-31 11:57:09 DEBUG    [SA_03] AudioProvider: CACHE MISS
2026-08-31 11:57:10 DEBUG    [SA_03] TRANSLATION PLAY
2026-08-31 11:57:12 DEBUG    [SA_03] TRANSLATION_END
2026-08-31 11:57:12 DEBUG    [SA_03] ACTION: {'action': 'WAIT', 'source': 'pause_between_sentences'}
2026-08-31 11:57:14 DEBUG    [SA_03] PAUSE_END
2026-08-31 11:57:14 DEBUG    [SA_03] ACTION: {'action': 'HIDE', 'target': 'top'}
2026-08-31 11:57:14 DEBUG    [SA_03] ACTION: {'action': 'HIDE', 'target': 'bottom'}
2026-08-31 11:57:15 INFO     [SA_03] SCENARIO FINISHED
2026-08-31 11:57:15 DEBUG    [SA_03] FINISH_ITEM: repeat 1/1
2026-08-31 11:57:15 DEBUG    [SA_03] PREPARE_ITEM #1
2026-08-31 11:57:15 DEBUG    [SA_03] ACTION: {'action': 'SHOW', 'target': 'top', 'content': 'phrase_text'}
2026-08-31 11:57:15 DEBUG    [SA_03] ACTION: {'action': 'PLAY', 'source': 'phrase_text'}
2026-08-31 11:57:15 DEBUG    [SA_03] AudioProvider: CACHE MISS
2026-08-31 11:57:16 DEBUG    [SA_03] TEXT PLAY
2026-08-31 11:57:18 DEBUG    [SA_03] TEXT_END
2026-08-31 11:57:18 DEBUG    [SA_03] ACTION: {'action': 'WAIT', 'source': 'pause_before_translation'}
2026-08-31 11:57:19 DEBUG    [SA_03] PAUSE_END
2026-08-31 11:57:19 DEBUG    [SA_03] ACTION: {'action': 'SHOW', 'target': 'bottom', 'content': 'translate_text'}
2026-08-31 11:57:19 DEBUG    [SA_03] ACTION: {'action': 'PLAY', 'source': 'translate_text'}
2026-08-31 11:57:19 DEBUG    [SA_03] AudioProvider: CACHE MISS
2026-08-31 11:57:20 DEBUG    [SA_03] TRANSLATION PLAY
2026-08-31 11:57:23 DEBUG    [SA_03] TRANSLATION_END
2026-08-31 11:57:23 DEBUG    [SA_03] ACTION: {'action': 'WAIT', 'source': 'pause_between_sentences'}
2026-08-31 11:57:25 DEBUG    [SA_03] PAUSE_END
2026-08-31 11:57:25 DEBUG    [SA_03] ACTION: {'action': 'HIDE', 'target': 'top'}
2026-08-31 11:57:25 DEBUG    [SA_03] ACTION: {'action': 'HIDE', 'target': 'bottom'}
2026-08-31 11:57:25 INFO     [SA_03] SCENARIO FINISHED
2026-08-31 11:57:25 DEBUG    [SA_03] FINISH_ITEM: repeat 1/1
2026-08-31 11:57:25 DEBUG    [SA_03] PREPARE_ITEM #2
2026-08-31 11:57:25 DEBUG    [SA_03] ACTION: {'action': 'SHOW', 'target': 'top', 'content': 'phrase_text'}
2026-08-31 11:57:25 DEBUG    [SA_03] ACTION: {'action': 'PLAY', 'source': 'phrase_text'}
2026-08-31 11:57:25 DEBUG    [SA_03] AudioProvider: CACHE MISS
2026-08-31 11:57:27 DEBUG    [SA_03] TEXT PLAY
2026-08-31 11:57:29 DEBUG    [SA_03] TEXT_END
2026-08-31 11:57:29 DEBUG    [SA_03] ACTION: {'action': 'WAIT', 'source': 'pause_before_translation'}
2026-08-31 11:57:33 DEBUG    [SA_03] PAUSE_END
2026-08-31 11:57:33 DEBUG    [SA_03] ACTION: {'action': 'SHOW', 'target': 'bottom', 'content': 'translate_text'}
2026-08-31 11:57:33 DEBUG    [SA_03] ACTION: {'action': 'PLAY', 'source': 'translate_text'}
2026-08-31 11:57:33 DEBUG    [SA_03] AudioProvider: CACHE MISS
2026-08-31 11:57:35 DEBUG    [SA_03] TRANSLATION PLAY
2026-08-31 11:57:38 DEBUG    [SA_03] TRANSLATION_END
2026-08-31 11:57:38 DEBUG    [SA_03] ACTION: {'action': 'WAIT', 'source': 'pause_between_sentences'}
2026-08-31 11:57:40 DEBUG    [SA_03] PAUSE_END
2026-08-31 11:57:40 DEBUG    [SA_03] ACTION: {'action': 'HIDE', 'target': 'top'}
2026-08-31 11:57:40 DEBUG    [SA_03] ACTION: {'action': 'HIDE', 'target': 'bottom'}
2026-08-31 11:57:40 INFO     [SA_03] SCENARIO FINISHED
2026-08-31 11:57:40 DEBUG    [SA_03] FINISH_ITEM: repeat 1/1
2026-08-31 11:57:40 DEBUG    [SA_03] PREPARE_ITEM #3
2026-08-31 11:57:40 DEBUG    [SA_03] ACTION: {'action': 'SHOW', 'target': 'top', 'content': 'phrase_text'}
2026-08-31 11:57:40 DEBUG    [SA_03] ACTION: {'action': 'PLAY', 'source': 'phrase_text'}
2026-08-31 11:57:40 DEBUG    [SA_03] AudioProvider: CACHE MISS
2026-08-31 11:57:41 DEBUG    [SA_03] TEXT PLAY
2026-08-31 11:57:43 DEBUG    [SA_03] TEXT_END
2026-08-31 11:57:43 DEBUG    [SA_03] ACTION: {'action': 'WAIT', 'source': 'pause_before_translation'}
2026-08-31 11:57:48 DEBUG    [SA_03] PAUSE_END
2026-08-31 11:57:48 DEBUG    [SA_03] ACTION: {'action': 'SHOW', 'target': 'bottom', 'content': 'translate_text'}
2026-08-31 11:57:48 DEBUG    [SA_03] ACTION: {'action': 'PLAY', 'source': 'translate_text'}
2026-08-31 11:57:48 DEBUG    [SA_03] AudioProvider: CACHE MISS
2026-08-31 11:57:51 DEBUG    [SA_03] TRANSLATION PLAY
2026-08-31 11:57:54 DEBUG    [SA_03] TRANSLATION_END
2026-08-31 11:57:54 DEBUG    [SA_03] ACTION: {'action': 'WAIT', 'source': 'pause_between_sentences'}
2026-08-31 11:57:56 DEBUG    [SA_03] PAUSE_END
2026-08-31 11:57:56 DEBUG    [SA_03] ACTION: {'action': 'HIDE', 'target': 'top'}
2026-08-31 11:57:56 DEBUG    [SA_03] ACTION: {'action': 'HIDE', 'target': 'bottom'}
2026-08-31 11:57:57 INFO     [SA_03] SCENARIO FINISHED
2026-08-31 11:57:57 DEBUG    [SA_03] FINISH_ITEM: repeat 1/1
2026-08-31 11:57:57 DEBUG    [SA_03] PREPARE_ITEM #4
2026-08-31 11:57:57 DEBUG    [SA_03] ACTION: {'action': 'SHOW', 'target': 'top', 'content': 'phrase_text'}
2026-08-31 11:57:57 DEBUG    [SA_03] ACTION: {'action': 'PLAY', 'source': 'phrase_text'}
2026-08-31 11:57:57 DEBUG    [SA_03] AudioProvider: CACHE MISS
2026-08-31 11:57:57 DEBUG    [SA_03] Button: settings
2026-08-31 11:57:57 DEBUG    [SA_03] INITIAL ITEM: phrase_code = fr phrase_locale = fr-FR phrase_voice = fr-FR-RemyMultilingualNeural
2026-08-31 11:57:57 DEBUG    [SA_03] INITIAL SOURCE: language = fr locale = fr-FR voice = 
2026-08-31 11:57:58 DEBUG    [SA_03] Target language: en
2026-08-31 11:57:58 DEBUG    [SA_03] Target locale: en-US
2026-08-31 11:57:59 DEBUG    [SA_03] TEXT PLAY
2026-08-31 11:58:02 DEBUG    [SA_03] Button: db
2026-08-31 11:58:03 DEBUG    [SA_03] TEXT_END
2026-08-31 11:58:03 DEBUG    [SA_03] ACTION: {'action': 'WAIT', 'source': 'pause_before_translation'}
2026-08-31 11:58:04 INFO     [SA_03] Database sets loaded: 15
2026-08-31 11:58:04 DEBUG    [SA_03] Selected set: English B2 001
2026-08-31 11:58:07 DEBUG    [SA_03] Button: settodb
2026-08-31 11:58:08 DEBUG    [SA_03] PAUSE_END
2026-08-31 11:58:08 DEBUG    [SA_03] ACTION: {'action': 'SHOW', 'target': 'bottom', 'content': 'translate_text'}
2026-08-31 11:58:08 DEBUG    [SA_03] ACTION: {'action': 'PLAY', 'source': 'translate_text'}
2026-08-31 11:58:08 DEBUG    [SA_03] AudioProvider: CACHE MISS
2026-08-31 11:58:08 ERROR    [SA_03] SAVE set API error: Client error '400 Bad Request' for url 'https://sa03-api-gxd7gve7a9gafnaz.polandcentral-01.azurewebsites.net/api/sets?user_id=2'
For more information check: https://developer.mozilla.org/en-US/docs/Web/HTTP/Status/400
2026-08-31 11:58:10 DEBUG    [SA_03] TRANSLATION PLAY
2026-08-31 11:58:15 DEBUG    [SA_03] TRANSLATION_END
2026-08-31 11:58:15 DEBUG    [SA_03] ACTION: {'action': 'WAIT', 'source': 'pause_between_sentences'}
2026-08-31 11:58:16 DEBUG    [SA_03] Button: db
2026-08-31 11:58:17 DEBUG    [SA_03] PAUSE_END
2026-08-31 11:58:17 DEBUG    [SA_03] ACTION: {'action': 'HIDE', 'target': 'top'}
2026-08-31 11:58:17 DEBUG    [SA_03] ACTION: {'action': 'HIDE', 'target': 'bottom'}
2026-08-31 11:58:17 INFO     [SA_03] SCENARIO FINISHED
2026-08-31 11:58:17 DEBUG    [SA_03] FINISH_ITEM: repeat 1/1
2026-08-31 11:58:17 DEBUG    [SA_03] PREPARE_ITEM #5
2026-08-31 11:58:17 DEBUG    [SA_03] ACTION: {'action': 'SHOW', 'target': 'top', 'content': 'phrase_text'}
2026-08-31 11:58:17 DEBUG    [SA_03] ACTION: {'action': 'PLAY', 'source': 'phrase_text'}
2026-08-31 11:58:17 DEBUG    [SA_03] AudioProvider: CACHE MISS
2026-08-31 11:58:18 INFO     [SA_03] Database sets loaded: 15
2026-08-31 11:58:18 DEBUG    [SA_03] Selected set: English B2 001
2026-08-31 11:58:18 DEBUG    [SA_03] TEXT PLAY
2026-08-31 11:58:21 DEBUG    [SA_03] TEXT_END
2026-08-31 11:58:21 DEBUG    [SA_03] ACTION: {'action': 'WAIT', 'source': 'pause_before_translation'}
2026-08-31 11:58:21 DEBUG    [SA_03] Button: login
2026-08-31 11:58:25 DEBUG    [SA_03] PAUSE_END
2026-08-31 11:58:25 DEBUG    [SA_03] ACTION: {'action': 'SHOW', 'target': 'bottom', 'content': 'translate_text'}
2026-08-31 11:58:25 DEBUG    [SA_03] ACTION: {'action': 'PLAY', 'source': 'translate_text'}
2026-08-31 11:58:25 DEBUG    [SA_03] AudioProvider: CACHE MISS
2026-08-31 11:58:27 DEBUG    [SA_03] TRANSLATION PLAY
2026-08-31 11:58:30 DEBUG    [SA_03] TRANSLATION_END
2026-08-31 11:58:30 DEBUG    [SA_03] ACTION: {'action': 'WAIT', 'source': 'pause_between_sentences'}
2026-08-31 11:58:32 DEBUG    [SA_03] PAUSE_END
2026-08-31 11:58:32 DEBUG    [SA_03] ACTION: {'action': 'HIDE', 'target': 'top'}
2026-08-31 11:58:32 DEBUG    [SA_03] ACTION: {'action': 'HIDE', 'target': 'bottom'}
2026-08-31 11:58:32 INFO     [SA_03] SCENARIO FINISHED
2026-08-31 11:58:32 DEBUG    [SA_03] FINISH_ITEM: repeat 1/1
2026-08-31 11:58:32 DEBUG    [SA_03] PREPARE_ITEM #6
2026-08-31 11:58:32 DEBUG    [SA_03] ACTION: {'action': 'SHOW', 'target': 'top', 'content': 'phrase_text'}
2026-08-31 11:58:32 DEBUG    [SA_03] ACTION: {'action': 'PLAY', 'source': 'phrase_text'}
2026-08-31 11:58:32 DEBUG    [SA_03] AudioProvider: CACHE MISS
2026-08-31 11:58:34 DEBUG    [SA_03] TEXT PLAY
2026-08-31 11:58:36 INFO     [SA_03] Database sets loaded: 0
2026-08-31 11:58:38 DEBUG    [SA_03] TEXT_END
2026-08-31 11:58:38 DEBUG    [SA_03] ACTION: {'action': 'WAIT', 'source': 'pause_before_translation'}
2026-08-31 11:58:39 DEBUG    [SA_03] Button: settodb
2026-08-31 11:58:40 ERROR    [SA_03] SAVE set API error: Client error '400 Bad Request' for url 'https://sa03-api-gxd7gve7a9gafnaz.polandcentral-01.azurewebsites.net/api/sets?user_id=7'
For more information check: https://developer.mozilla.org/en-US/docs/Web/HTTP/Status/400
2026-08-31 11:58:43 DEBUG    [SA_03] PAUSE_END
2026-08-31 11:58:43 DEBUG    [SA_03] ACTION: {'action': 'SHOW', 'target': 'bottom', 'content': 'translate_text'}
2026-08-31 11:58:43 DEBUG    [SA_03] ACTION: {'action': 'PLAY', 'source': 'translate_text'}
2026-08-31 11:58:43 DEBUG    [SA_03] AudioProvider: CACHE MISS
2026-08-31 11:58:45 DEBUG    [SA_03] TRANSLATION PLAY
2026-08-31 11:58:46 DEBUG    [SA_03] Button: settings
2026-08-31 11:58:46 DEBUG    [SA_03] INITIAL ITEM: phrase_code = fr phrase_locale = fr-FR phrase_voice = fr-FR-RemyMultilingualNeural
2026-08-31 11:58:46 DEBUG    [SA_03] INITIAL SOURCE: language = fr locale = fr-FR voice = 
2026-08-31 11:58:46 DEBUG    [SA_03] Target language: en
2026-08-31 11:58:46 DEBUG    [SA_03] Target locale: en-US
2026-08-31 11:58:48 DEBUG    [SA_03] Button: db
2026-08-31 11:58:49 INFO     [SA_03] Database sets loaded: 0
2026-08-31 11:58:49 DEBUG    [SA_03] TRANSLATION_END
2026-08-31 11:58:49 DEBUG    [SA_03] ACTION: {'action': 'WAIT', 'source': 'pause_between_sentences'}
2026-08-31 11:58:51 DEBUG    [SA_03] PAUSE_END
2026-08-31 11:58:51 DEBUG    [SA_03] ACTION: {'action': 'HIDE', 'target': 'top'}
2026-08-31 11:58:51 DEBUG    [SA_03] ACTION: {'action': 'HIDE', 'target': 'bottom'}
2026-08-31 11:58:51 INFO     [SA_03] SCENARIO FINISHED
2026-08-31 11:58:51 DEBUG    [SA_03] FINISH_ITEM: repeat 1/1
2026-08-31 11:58:51 DEBUG    [SA_03] PREPARE_ITEM #7
2026-08-31 11:58:51 DEBUG    [SA_03] ACTION: {'action': 'SHOW', 'target': 'top', 'content': 'phrase_text'}
2026-08-31 11:58:51 DEBUG    [SA_03] ACTION: {'action': 'PLAY', 'source': 'phrase_text'}
2026-08-31 11:58:51 DEBUG    [SA_03] AudioProvider: CACHE MISS
2026-08-31 11:58:52 DEBUG    [SA_03] TEXT PLAY
2026-08-31 11:58:54 DEBUG    [SA_03] TEXT_END
2026-08-31 11:58:54 DEBUG    [SA_03] ACTION: {'action': 'WAIT', 'source': 'pause_before_translation'}
2026-08-31 11:58:57 DEBUG    [SA_03] PAUSE_END
2026-08-31 11:58:57 DEBUG    [SA_03] ACTION: {'action': 'SHOW', 'target': 'bottom', 'content': 'translate_text'}
2026-08-31 11:58:57 DEBUG    [SA_03] ACTION: {'action': 'PLAY', 'source': 'translate_text'}
2026-08-31 11:58:57 DEBUG    [SA_03] AudioProvider: CACHE MISS
2026-08-31 11:58:59 DEBUG    [SA_03] Button: db
2026-08-31 11:58:59 DEBUG    [SA_03] TRANSLATION PLAY
2026-08-31 11:58:59 INFO     [SA_03] Database sets loaded: 0
2026-08-31 11:59:02 DEBUG    [SA_03] TRANSLATION_END
2026-08-31 11:59:02 DEBUG    [SA_03] ACTION: {'action': 'WAIT', 'source': 'pause_between_sentences'}
2026-08-31 11:59:04 DEBUG    [SA_03] PAUSE_END
2026-08-31 11:59:04 DEBUG    [SA_03] ACTION: {'action': 'HIDE', 'target': 'top'}
2026-08-31 11:59:04 DEBUG    [SA_03] ACTION: {'action': 'HIDE', 'target': 'bottom'}
2026-08-31 11:59:04 INFO     [SA_03] SCENARIO FINISHED
2026-08-31 11:59:04 DEBUG    [SA_03] FINISH_ITEM: repeat 1/1
2026-08-31 11:59:04 DEBUG    [SA_03] PREPARE_ITEM #8
2026-08-31 11:59:04 DEBUG    [SA_03] ACTION: {'action': 'SHOW', 'target': 'top', 'content': 'phrase_text'}
2026-08-31 11:59:04 DEBUG    [SA_03] ACTION: {'action': 'PLAY', 'source': 'phrase_text'}
2026-08-31 11:59:04 DEBUG    [SA_03] AudioProvider: CACHE MISS
2026-08-31 11:59:05 DEBUG    [SA_03] Button: settodb
2026-08-31 11:59:06 ERROR    [SA_03] SAVE set API error: Client error '400 Bad Request' for url 'https://sa03-api-gxd7gve7a9gafnaz.polandcentral-01.azurewebsites.net/api/sets?user_id=7'
For more information check: https://developer.mozilla.org/en-US/docs/Web/HTTP/Status/400
2026-08-31 11:59:06 DEBUG    [SA_03] TEXT PLAY
2026-08-31 11:59:09 DEBUG    [SA_03] TEXT_END
2026-08-31 11:59:09 DEBUG    [SA_03] ACTION: {'action': 'WAIT', 'source': 'pause_before_translation'}
2026-08-31 11:59:13 DEBUG    [SA_03] PAUSE_END
2026-08-31 11:59:13 DEBUG    [SA_03] ACTION: {'action': 'SHOW', 'target': 'bottom', 'content': 'translate_text'}
2026-08-31 11:59:13 DEBUG    [SA_03] ACTION: {'action': 'PLAY', 'source': 'translate_text'}
2026-08-31 11:59:13 DEBUG    [SA_03] AudioProvider: CACHE MISS
2026-08-31 11:59:14 DEBUG    [SA_03] TRANSLATION PLAY
2026-08-31 11:59:17 DEBUG    [SA_03] TRANSLATION_END
2026-08-31 11:59:17 DEBUG    [SA_03] ACTION: {'action': 'WAIT', 'source': 'pause_between_sentences'}
2026-08-31 11:59:19 DEBUG    [SA_03] Button: pause
2026-08-31 11:59:25 DEBUG    [SA_03] Button: db
2026-08-31 11:59:26 INFO     [SA_03] Database sets loaded: 0
2026-08-31 11:59:32 DEBUG    [SA_03] Button: settodb
2026-08-31 11:59:32 ERROR    [SA_03] SAVE set API error: Client error '400 Bad Request' for url 'https://sa03-api-gxd7gve7a9gafnaz.polandcentral-01.azurewebsites.net/api/sets?user_id=7'
For more information check: https://developer.mozilla.org/en-US/docs/Web/HTTP/Status/400
2026-08-31 11:59:42 DEBUG    [SA_03] Button: login
2026-08-31 11:59:59 INFO     [SA_03] Database sets loaded: 15
2026-08-31 11:59:59 DEBUG    [SA_03] Selected set: English B2 001
2026-08-31 12:00:46 DEBUG    [SA_03] Button: settings
2026-08-31 12:00:46 DEBUG    [SA_03] INITIAL ITEM: phrase_code = fr phrase_locale = fr-FR phrase_voice = fr-FR-RemyMultilingualNeural
2026-08-31 12:00:46 DEBUG    [SA_03] INITIAL SOURCE: language = fr locale = fr-FR voice = 
2026-08-31 12:00:46 DEBUG    [SA_03] Target language: en
2026-08-31 12:00:47 DEBUG    [SA_03] Target locale: en-US
2026-08-31 12:00:53 DEBUG    [SA_03] Button: db
2026-08-31 12:00:53 INFO     [SA_03] Database sets loaded: 15
2026-08-31 12:00:53 DEBUG    [SA_03] Selected set: English B2 001
2026-08-31 12:01:16 INFO     [SA_03] Finsh Application
2026-08-31 12:01:20 INFO     [SA_03] Start Application
2026-08-31 12:01:20 DEBUG    [SA_03] INITIAL ITEM: phrase_code = fr phrase_locale = fr-FR phrase_voice = fr-FR-RemyMultilingualNeural
2026-08-31 12:01:20 DEBUG    [SA_03] INITIAL SOURCE: language = fr locale = fr-FR voice = 
2026-08-31 12:01:24 DEBUG    [SA_03] Button: db
2026-08-31 12:01:25 INFO     [SA_03] Database sets loaded: 15
2026-08-31 12:01:25 DEBUG    [SA_03] Selected set: English B2 001
2026-08-31 12:01:29 DEBUG    [SA_03] Button: settodb
2026-08-31 12:01:29 ERROR    [SA_03] SAVE set API error: Client error '400 Bad Request' for url 'https://sa03-api-gxd7gve7a9gafnaz.polandcentral-01.azurewebsites.net/api/sets?user_id=2'
For more information check: https://developer.mozilla.org/en-US/docs/Web/HTTP/Status/400
2026-08-31 12:02:39 DEBUG    [SA_03] Button: settodb
2026-08-31 12:02:39 ERROR    [SA_03] SAVE set API error: Client error '400 Bad Request' for url 'https://sa03-api-gxd7gve7a9gafnaz.polandcentral-01.azurewebsites.net/api/sets?user_id=2'
For more information check: https://developer.mozilla.org/en-US/docs/Web/HTTP/Status/400
2026-08-31 12:02:58 INFO     [SA_03] Finsh Application
2026-08-31 12:03:02 INFO     [SA_03] Start Application
2026-08-31 12:03:02 DEBUG    [SA_03] INITIAL ITEM: phrase_code = fr phrase_locale = fr-FR phrase_voice = fr-FR-RemyMultilingualNeural
2026-08-31 12:03:02 DEBUG    [SA_03] INITIAL SOURCE: language = fr locale = fr-FR voice = 
2026-08-31 12:03:04 DEBUG    [SA_03] Button: db
2026-08-31 12:03:05 INFO     [SA_03] Database sets loaded: 15
2026-08-31 12:03:05 DEBUG    [SA_03] Selected set: English B2 001
2026-08-31 12:06:41 INFO     [SA_03] Finsh Application
2026-08-31 12:09:28 INFO     [SA_03] Start Application
2026-08-31 12:09:28 DEBUG    [SA_03] INITIAL ITEM: phrase_code = fr phrase_locale = fr-FR phrase_voice = fr-FR-RemyMultilingualNeural
2026-08-31 12:09:28 DEBUG    [SA_03] INITIAL SOURCE: language = fr locale = fr-FR voice = 
2026-08-31 12:09:31 DEBUG    [SA_03] Button: db
2026-08-31 12:09:32 INFO     [SA_03] Database sets loaded: 15
2026-08-31 12:09:32 DEBUG    [SA_03] Selected set: English B2 001
2026-08-31 12:09:34 DEBUG    [SA_03] Button: settodb
2026-08-31 12:09:34 DEBUG    [SA_03] SETTO​DB user_id=2
2026-08-31 12:09:34 DEBUG    [SA_03] SETTO​DB data items=24
2026-08-31 12:09:35 ERROR    [SA_03] SAVE set API error: Client error '400 Bad Request' for url 'https://sa03-api-gxd7gve7a9gafnaz.polandcentral-01.azurewebsites.net/api/sets?user_id=2'
For more information check: https://developer.mozilla.org/en-US/docs/Web/HTTP/Status/400
2026-08-31 12:09:39 INFO     [SA_03] Finsh Application
2026-08-31 12:15:51 INFO     [SA_03] Start Application
2026-08-31 12:15:52 DEBUG    [SA_03] INITIAL ITEM: phrase_code = fr phrase_locale = fr-FR phrase_voice = fr-FR-RemyMultilingualNeural
2026-08-31 12:15:52 DEBUG    [SA_03] INITIAL SOURCE: language = fr locale = fr-FR voice = 
2026-08-31 12:15:54 DEBUG    [SA_03] Button: db
2026-08-31 12:15:55 INFO     [SA_03] Database sets loaded: 15
2026-08-31 12:15:55 DEBUG    [SA_03] Selected set: English B2 001
2026-08-31 12:15:57 DEBUG    [SA_03] Button: settodb
2026-08-31 12:15:57 DEBUG    [SA_03] SETTO​DB user_id=2
2026-08-31 12:15:57 DEBUG    [SA_03] SETTO​DB data items=24
2026-08-31 12:15:58 ERROR    [SA_03] SAVE set API error: Phrase voice not found
2026-08-31 12:16:02 INFO     [SA_03] Finsh Application
2026-08-31 12:17:10 INFO     [SA_03] Start Application
2026-08-31 12:17:11 DEBUG    [SA_03] INITIAL ITEM: phrase_code = fr phrase_locale = fr-FR phrase_voice = fr-FR-RemyMultilingualNeural
2026-08-31 12:17:11 DEBUG    [SA_03] INITIAL SOURCE: language = fr locale = fr-FR voice = 
2026-08-31 12:17:13 DEBUG    [SA_03] Button: play
2026-08-31 12:17:13 DEBUG    [SA_03] PREPARE_ITEM #0
2026-08-31 12:17:13 DEBUG    [SA_03] ACTION: {'action': 'SHOW', 'target': 'top', 'content': 'phrase_text'}
2026-08-31 12:17:13 DEBUG    [SA_03] ACTION: {'action': 'PLAY', 'source': 'phrase_text'}
2026-08-31 12:17:13 DEBUG    [SA_03] AudioProvider: CACHE HIT
2026-08-31 12:17:13 DEBUG    [SA_03] TEXT PLAY
2026-08-31 12:17:15 DEBUG    [SA_03] Button: pause
2026-08-31 12:17:18 DEBUG    [SA_03] Button: db
2026-08-31 12:17:18 INFO     [SA_03] Database sets loaded: 15
2026-08-31 12:17:18 DEBUG    [SA_03] Selected set: English B2 001
2026-08-31 12:17:19 DEBUG    [SA_03] Button: settodb
2026-08-31 12:17:19 DEBUG    [SA_03] SETTO​DB user_id=2
2026-08-31 12:17:19 DEBUG    [SA_03] SETTO​DB data items=24
2026-08-31 12:17:20 ERROR    [SA_03] SAVE set API error: Phrase voice not found
2026-08-31 12:17:24 INFO     [SA_03] Finsh Application
2026-08-31 16:33:21 INFO     [SA_03] Start Application
2026-08-31 16:33:21 DEBUG    [SA_03] INITIAL ITEM: phrase_code = fr phrase_locale = fr-FR phrase_voice = fr-FR-RemyMultilingualNeural
2026-08-31 16:33:21 DEBUG    [SA_03] INITIAL SOURCE: language = fr locale = fr-FR voice = 
2026-08-31 16:33:28 DEBUG    [SA_03] Button: db
2026-08-31 16:33:29 INFO     [SA_03] Database sets loaded: 15
2026-08-31 16:33:29 DEBUG    [SA_03] Selected set: English B2 001
2026-08-31 16:33:31 DEBUG    [SA_03] Button: settodb
2026-08-31 16:33:31 DEBUG    [SA_03] SETTO​DB user_id=2
2026-08-31 16:33:31 DEBUG    [SA_03] SETTO​DB data items=24
2026-08-31 16:33:32 INFO     [SA_03] Session saved to database: {'set_id': 34}
2026-08-31 16:33:33 INFO     [SA_03] Database sets loaded: 16
2026-08-31 16:33:33 DEBUG    [SA_03] Selected set: English B2 001
2026-08-31 16:33:45 DEBUG    [SA_03] Selected set: Shadowing
2026-08-31 16:33:47 DEBUG    [SA_03] Button: dbtoset
2026-08-31 16:33:47 DEBUG    [SA_03] SETTO​DB BUTTON PRESSED
2026-08-31 16:33:48 INFO     [SA_03] Set loaded into session: 34
2026-08-31 16:34:32 INFO     [SA_03] Finsh Application
2026-08-31 16:38:33 INFO     [SA_03] Start Application
2026-08-31 16:38:33 DEBUG    [SA_03] INITIAL ITEM: phrase_code = fr phrase_locale = fr-FR phrase_voice = fr-FR-RemyMultilingualNeural
2026-08-31 16:38:33 DEBUG    [SA_03] INITIAL SOURCE: language = fr locale = fr-FR voice = 
2026-08-31 16:38:42 DEBUG    [SA_03] Button: db
2026-08-31 16:38:43 INFO     [SA_03] Database sets loaded: 16
2026-08-31 16:38:43 DEBUG    [SA_03] Selected set: English B2 001
2026-08-31 16:38:56 DEBUG    [SA_03] Button: settodb
2026-08-31 16:38:56 DEBUG    [SA_03] SETTO​DB user_id=2
2026-08-31 16:38:56 DEBUG    [SA_03] SETTO​DB data items=24
2026-08-31 16:38:57 INFO     [SA_03] Session saved to database: {'set_id': 35}
2026-08-31 16:38:58 INFO     [SA_03] Database sets loaded: 17
2026-08-31 16:38:58 DEBUG    [SA_03] Selected set: English B2 001
2026-08-31 16:39:47 DEBUG    [SA_03] Button: login
2026-08-31 16:40:36 INFO     [SA_03] Database sets loaded: 0
2026-08-31 16:40:41 DEBUG    [SA_03] Button: settodb
2026-08-31 16:40:41 DEBUG    [SA_03] SETTO​DB user_id=7
2026-08-31 16:40:41 DEBUG    [SA_03] SETTO​DB data items=24
2026-08-31 16:40:42 INFO     [SA_03] Session saved to database: {'set_id': 36}
2026-08-31 16:40:43 INFO     [SA_03] Database sets loaded: 1
2026-08-31 16:40:43 DEBUG    [SA_03] Selected set: Shadowing
2026-08-31 16:40:44 DEBUG    [SA_03] Selected set: Shadowing
2026-08-31 16:40:46 DEBUG    [SA_03] Button: dbtoset
2026-08-31 16:40:46 DEBUG    [SA_03] SETTO​DB BUTTON PRESSED
2026-08-31 16:40:47 INFO     [SA_03] Set loaded into session: 36
2026-08-31 16:40:51 DEBUG    [SA_03] Button: login
2026-08-31 16:46:26 INFO     [SA_03] Finsh Application
2026-08-31 16:46:34 INFO     [SA_03] Start Application
2026-08-31 16:46:34 DEBUG    [SA_03] INITIAL ITEM: phrase_code = fr phrase_locale = fr-FR phrase_voice = fr-FR-RemyMultilingualNeural
2026-08-31 16:46:34 DEBUG    [SA_03] INITIAL SOURCE: language = fr locale = fr-FR voice = 
2026-08-31 16:46:36 DEBUG    [SA_03] Button: db
2026-08-31 16:46:37 INFO     [SA_03] Database sets loaded: 1
2026-08-31 16:46:37 DEBUG    [SA_03] Selected set: Shadowing
2026-08-31 16:46:39 DEBUG    [SA_03] Button: login
2026-08-31 16:47:02 DEBUG    [SA_03] Button: register
2026-08-31 16:47:54 INFO     [SA_03] Finsh Application
2026-08-31 16:50:13 INFO     [SA_03] Start Application
2026-08-31 16:50:14 DEBUG    [SA_03] INITIAL ITEM: phrase_code = fr phrase_locale = fr-FR phrase_voice = fr-FR-RemyMultilingualNeural
2026-08-31 16:50:14 DEBUG    [SA_03] INITIAL SOURCE: language = fr locale = fr-FR voice = 
2026-08-31 16:50:15 DEBUG    [SA_03] Button: db
2026-08-31 16:50:16 INFO     [SA_03] Database sets loaded: 1
2026-08-31 16:50:16 DEBUG    [SA_03] Selected set: Shadowing
2026-08-31 16:51:40 INFO     [SA_03] Finsh Application
2026-08-31 16:51:43 INFO     [SA_03] Start Application
2026-08-31 16:51:43 DEBUG    [SA_03] INITIAL ITEM: phrase_code = fr phrase_locale = fr-FR phrase_voice = fr-FR-RemyMultilingualNeural
2026-08-31 16:51:43 DEBUG    [SA_03] INITIAL SOURCE: language = fr locale = fr-FR voice = 
2026-08-31 16:51:45 DEBUG    [SA_03] Button: db
2026-08-31 16:51:46 INFO     [SA_03] Database sets loaded: 1
2026-08-31 16:51:46 DEBUG    [SA_03] Selected set: Shadowing
2026-08-31 16:52:05 DEBUG    [SA_03] Button: login
2026-08-31 16:52:20 INFO     [SA_03] Database sets loaded: 17
2026-08-31 16:52:20 DEBUG    [SA_03] Selected set: English B2 001
2026-08-31 16:52:26 DEBUG    [SA_03] Selected set: Shadowing
2026-08-31 16:52:28 DEBUG    [SA_03] Button: dbtoset
2026-08-31 16:52:28 DEBUG    [SA_03] SETTO​DB BUTTON PRESSED
2026-08-31 16:52:29 INFO     [SA_03] Set loaded into session: 35
2026-08-31 16:53:19 DEBUG    [SA_03] Button: settings
2026-08-31 16:53:19 DEBUG    [SA_03] INITIAL ITEM: phrase_code = fr phrase_locale = fr-FR phrase_voice = fr-FR-RemyMultilingualNeural
2026-08-31 16:53:19 DEBUG    [SA_03] INITIAL SOURCE: language = fr locale = fr-FR voice = 
2026-08-31 16:53:19 DEBUG    [SA_03] Target language: en
2026-08-31 16:53:19 DEBUG    [SA_03] Target locale: en-US
2026-08-31 16:53:39 DEBUG    [SA_03] Button: db
2026-08-31 16:53:39 INFO     [SA_03] Database sets loaded: 17
2026-08-31 16:53:39 DEBUG    [SA_03] Selected set: English B2 001
2026-08-31 16:54:18 DEBUG    [SA_03] Button: db
2026-08-31 16:54:18 INFO     [SA_03] Database sets loaded: 17
2026-08-31 16:54:18 DEBUG    [SA_03] Selected set: English B2 001
2026-08-31 16:56:17 INFO     [SA_03] Finsh Application
2026-08-31 17:00:32 INFO     [SA_03] Start Application
2026-08-31 17:00:32 DEBUG    [SA_03] INITIAL ITEM: phrase_code = fr phrase_locale = fr-FR phrase_voice = fr-FR-RemyMultilingualNeural
2026-08-31 17:00:32 DEBUG    [SA_03] INITIAL SOURCE: language = fr locale = fr-FR voice = 
2026-08-31 17:00:34 DEBUG    [SA_03] Button: db
2026-08-31 17:00:36 INFO     [SA_03] Database sets loaded: 17
2026-08-31 17:00:36 DEBUG    [SA_03] Selected set: English B2 001
2026-08-31 17:12:40 DEBUG    [SA_03] Selected set: Shadowing
2026-08-31 17:12:41 DEBUG    [SA_03] Button: dbtoset
2026-08-31 17:12:41 DEBUG    [SA_03] SETTO​DB BUTTON PRESSED
2026-08-31 17:12:42 INFO     [SA_03] Set loaded into session: 34
2026-08-31 17:12:51 DEBUG    [SA_03] Button: play
2026-08-31 17:12:51 DEBUG    [SA_03] PREPARE_ITEM #0
2026-08-31 17:12:51 DEBUG    [SA_03] ACTION: {'action': 'SHOW', 'target': 'top', 'content': 'phrase_text'}
2026-08-31 17:12:51 DEBUG    [SA_03] ACTION: {'action': 'PLAY', 'source': 'phrase_text'}
2026-08-31 17:12:51 DEBUG    [SA_03] AudioProvider: CACHE HIT
2026-08-31 17:12:51 DEBUG    [SA_03] TEXT PLAY
2026-08-31 17:12:53 DEBUG    [SA_03] TEXT_END
2026-08-31 17:12:53 DEBUG    [SA_03] ACTION: {'action': 'WAIT', 'source': 'pause_before_translation'}
2026-08-31 17:12:56 DEBUG    [SA_03] PAUSE_END
2026-08-31 17:12:56 DEBUG    [SA_03] ACTION: {'action': 'SHOW', 'target': 'bottom', 'content': 'translate_text'}
2026-08-31 17:12:56 DEBUG    [SA_03] ACTION: {'action': 'PLAY', 'source': 'translate_text'}
2026-08-31 17:12:56 DEBUG    [SA_03] AudioProvider: CACHE HIT
2026-08-31 17:12:56 DEBUG    [SA_03] TRANSLATION PLAY
2026-08-31 17:12:59 DEBUG    [SA_03] TRANSLATION_END
2026-08-31 17:12:59 DEBUG    [SA_03] ACTION: {'action': 'WAIT', 'source': 'pause_between_sentences'}
2026-08-31 17:13:01 DEBUG    [SA_03] PAUSE_END
2026-08-31 17:13:01 DEBUG    [SA_03] ACTION: {'action': 'HIDE', 'target': 'top'}
2026-08-31 17:13:01 DEBUG    [SA_03] ACTION: {'action': 'HIDE', 'target': 'bottom'}
2026-08-31 17:13:01 INFO     [SA_03] SCENARIO FINISHED
2026-08-31 17:13:01 DEBUG    [SA_03] FINISH_ITEM: repeat 1/1
2026-08-31 17:13:01 DEBUG    [SA_03] PREPARE_ITEM #1
2026-08-31 17:13:01 DEBUG    [SA_03] ACTION: {'action': 'SHOW', 'target': 'top', 'content': 'phrase_text'}
2026-08-31 17:13:01 DEBUG    [SA_03] ACTION: {'action': 'PLAY', 'source': 'phrase_text'}
2026-08-31 17:13:01 DEBUG    [SA_03] AudioProvider: CACHE HIT
2026-08-31 17:13:01 DEBUG    [SA_03] TEXT PLAY
2026-08-31 17:13:03 DEBUG    [SA_03] TEXT_END
2026-08-31 17:13:03 DEBUG    [SA_03] ACTION: {'action': 'WAIT', 'source': 'pause_before_translation'}
2026-08-31 17:13:04 DEBUG    [SA_03] PAUSE_END
2026-08-31 17:13:04 DEBUG    [SA_03] ACTION: {'action': 'SHOW', 'target': 'bottom', 'content': 'translate_text'}
2026-08-31 17:13:04 DEBUG    [SA_03] ACTION: {'action': 'PLAY', 'source': 'translate_text'}
2026-08-31 17:13:04 DEBUG    [SA_03] AudioProvider: CACHE HIT
2026-08-31 17:13:04 DEBUG    [SA_03] TRANSLATION PLAY
2026-08-31 17:13:07 DEBUG    [SA_03] TRANSLATION_END
2026-08-31 17:13:07 DEBUG    [SA_03] ACTION: {'action': 'WAIT', 'source': 'pause_between_sentences'}
2026-08-31 17:13:09 DEBUG    [SA_03] PAUSE_END
2026-08-31 17:13:09 DEBUG    [SA_03] ACTION: {'action': 'HIDE', 'target': 'top'}
2026-08-31 17:13:09 DEBUG    [SA_03] ACTION: {'action': 'HIDE', 'target': 'bottom'}
2026-08-31 17:13:09 INFO     [SA_03] SCENARIO FINISHED
2026-08-31 17:13:09 DEBUG    [SA_03] FINISH_ITEM: repeat 1/1
2026-08-31 17:13:09 DEBUG    [SA_03] PREPARE_ITEM #2
2026-08-31 17:13:09 DEBUG    [SA_03] ACTION: {'action': 'SHOW', 'target': 'top', 'content': 'phrase_text'}
2026-08-31 17:13:09 DEBUG    [SA_03] ACTION: {'action': 'PLAY', 'source': 'phrase_text'}
2026-08-31 17:13:09 DEBUG    [SA_03] AudioProvider: CACHE HIT
2026-08-31 17:13:09 DEBUG    [SA_03] TEXT PLAY
2026-08-31 17:13:11 DEBUG    [SA_03] TEXT_END
2026-08-31 17:13:11 DEBUG    [SA_03] ACTION: {'action': 'WAIT', 'source': 'pause_before_translation'}
2026-08-31 17:13:15 DEBUG    [SA_03] PAUSE_END
2026-08-31 17:13:15 DEBUG    [SA_03] ACTION: {'action': 'SHOW', 'target': 'bottom', 'content': 'translate_text'}
2026-08-31 17:13:15 DEBUG    [SA_03] ACTION: {'action': 'PLAY', 'source': 'translate_text'}
2026-08-31 17:13:15 DEBUG    [SA_03] AudioProvider: CACHE HIT
2026-08-31 17:13:15 DEBUG    [SA_03] TRANSLATION PLAY
2026-08-31 17:13:18 DEBUG    [SA_03] TRANSLATION_END
2026-08-31 17:13:18 DEBUG    [SA_03] ACTION: {'action': 'WAIT', 'source': 'pause_between_sentences'}
2026-08-31 17:13:20 DEBUG    [SA_03] PAUSE_END
2026-08-31 17:13:20 DEBUG    [SA_03] ACTION: {'action': 'HIDE', 'target': 'top'}
2026-08-31 17:13:20 DEBUG    [SA_03] ACTION: {'action': 'HIDE', 'target': 'bottom'}
2026-08-31 17:13:20 INFO     [SA_03] SCENARIO FINISHED
2026-08-31 17:13:20 DEBUG    [SA_03] FINISH_ITEM: repeat 1/1
2026-08-31 17:13:20 DEBUG    [SA_03] PREPARE_ITEM #3
2026-08-31 17:13:20 DEBUG    [SA_03] ACTION: {'action': 'SHOW', 'target': 'top', 'content': 'phrase_text'}
2026-08-31 17:13:20 DEBUG    [SA_03] ACTION: {'action': 'PLAY', 'source': 'phrase_text'}
2026-08-31 17:13:20 DEBUG    [SA_03] AudioProvider: CACHE HIT
2026-08-31 17:13:20 DEBUG    [SA_03] TEXT PLAY
2026-08-31 17:13:23 DEBUG    [SA_03] TEXT_END
2026-08-31 17:13:23 DEBUG    [SA_03] ACTION: {'action': 'WAIT', 'source': 'pause_before_translation'}
2026-08-31 17:13:27 DEBUG    [SA_03] PAUSE_END
2026-08-31 17:13:27 DEBUG    [SA_03] ACTION: {'action': 'SHOW', 'target': 'bottom', 'content': 'translate_text'}
2026-08-31 17:13:27 DEBUG    [SA_03] ACTION: {'action': 'PLAY', 'source': 'translate_text'}
2026-08-31 17:13:27 DEBUG    [SA_03] AudioProvider: CACHE HIT
2026-08-31 17:13:27 DEBUG    [SA_03] TRANSLATION PLAY
2026-08-31 17:13:31 DEBUG    [SA_03] TRANSLATION_END
2026-08-31 17:13:31 DEBUG    [SA_03] ACTION: {'action': 'WAIT', 'source': 'pause_between_sentences'}
2026-08-31 17:13:33 DEBUG    [SA_03] PAUSE_END
2026-08-31 17:13:33 DEBUG    [SA_03] ACTION: {'action': 'HIDE', 'target': 'top'}
2026-08-31 17:13:33 DEBUG    [SA_03] ACTION: {'action': 'HIDE', 'target': 'bottom'}
2026-08-31 17:13:33 INFO     [SA_03] SCENARIO FINISHED
2026-08-31 17:13:33 DEBUG    [SA_03] FINISH_ITEM: repeat 1/1
2026-08-31 17:13:33 DEBUG    [SA_03] PREPARE_ITEM #4
2026-08-31 17:13:33 DEBUG    [SA_03] ACTION: {'action': 'SHOW', 'target': 'top', 'content': 'phrase_text'}
2026-08-31 17:13:33 DEBUG    [SA_03] ACTION: {'action': 'PLAY', 'source': 'phrase_text'}
2026-08-31 17:13:33 DEBUG    [SA_03] AudioProvider: CACHE HIT
2026-08-31 17:13:33 DEBUG    [SA_03] TEXT PLAY
2026-08-31 17:13:37 DEBUG    [SA_03] TEXT_END
2026-08-31 17:13:37 DEBUG    [SA_03] ACTION: {'action': 'WAIT', 'source': 'pause_before_translation'}
2026-08-31 17:13:42 DEBUG    [SA_03] PAUSE_END
2026-08-31 17:13:42 DEBUG    [SA_03] ACTION: {'action': 'SHOW', 'target': 'bottom', 'content': 'translate_text'}
2026-08-31 17:13:42 DEBUG    [SA_03] ACTION: {'action': 'PLAY', 'source': 'translate_text'}
2026-08-31 17:13:42 DEBUG    [SA_03] AudioProvider: CACHE HIT
2026-08-31 17:13:42 DEBUG    [SA_03] TRANSLATION PLAY
2026-08-31 17:13:47 DEBUG    [SA_03] TRANSLATION_END
2026-08-31 17:13:47 DEBUG    [SA_03] ACTION: {'action': 'WAIT', 'source': 'pause_between_sentences'}
2026-08-31 17:13:49 DEBUG    [SA_03] PAUSE_END
2026-08-31 17:13:49 DEBUG    [SA_03] ACTION: {'action': 'HIDE', 'target': 'top'}
2026-08-31 17:13:49 DEBUG    [SA_03] ACTION: {'action': 'HIDE', 'target': 'bottom'}
2026-08-31 17:13:49 INFO     [SA_03] SCENARIO FINISHED
2026-08-31 17:13:49 DEBUG    [SA_03] FINISH_ITEM: repeat 1/1
2026-08-31 17:13:49 DEBUG    [SA_03] PREPARE_ITEM #5
2026-08-31 17:13:49 DEBUG    [SA_03] ACTION: {'action': 'SHOW', 'target': 'top', 'content': 'phrase_text'}
2026-08-31 17:13:49 DEBUG    [SA_03] ACTION: {'action': 'PLAY', 'source': 'phrase_text'}
2026-08-31 17:13:49 DEBUG    [SA_03] AudioProvider: CACHE HIT
2026-08-31 17:13:49 DEBUG    [SA_03] TEXT PLAY
2026-08-31 17:13:52 DEBUG    [SA_03] TEXT_END
2026-08-31 17:13:52 DEBUG    [SA_03] ACTION: {'action': 'WAIT', 'source': 'pause_before_translation'}
2026-08-31 17:13:56 DEBUG    [SA_03] PAUSE_END
2026-08-31 17:13:56 DEBUG    [SA_03] ACTION: {'action': 'SHOW', 'target': 'bottom', 'content': 'translate_text'}
2026-08-31 17:13:56 DEBUG    [SA_03] ACTION: {'action': 'PLAY', 'source': 'translate_text'}
2026-08-31 17:13:56 DEBUG    [SA_03] AudioProvider: CACHE HIT
2026-08-31 17:13:56 DEBUG    [SA_03] TRANSLATION PLAY
2026-08-31 17:13:59 DEBUG    [SA_03] TRANSLATION_END
2026-08-31 17:13:59 DEBUG    [SA_03] ACTION: {'action': 'WAIT', 'source': 'pause_between_sentences'}
2026-08-31 17:14:01 DEBUG    [SA_03] PAUSE_END
2026-08-31 17:14:01 DEBUG    [SA_03] ACTION: {'action': 'HIDE', 'target': 'top'}
2026-08-31 17:14:01 DEBUG    [SA_03] ACTION: {'action': 'HIDE', 'target': 'bottom'}
2026-08-31 17:14:01 INFO     [SA_03] SCENARIO FINISHED
2026-08-31 17:14:01 DEBUG    [SA_03] FINISH_ITEM: repeat 1/1
2026-08-31 17:14:01 DEBUG    [SA_03] PREPARE_ITEM #6
2026-08-31 17:14:01 DEBUG    [SA_03] ACTION: {'action': 'SHOW', 'target': 'top', 'content': 'phrase_text'}
2026-08-31 17:14:01 DEBUG    [SA_03] ACTION: {'action': 'PLAY', 'source': 'phrase_text'}
2026-08-31 17:14:01 DEBUG    [SA_03] AudioProvider: CACHE HIT
2026-08-31 17:14:01 DEBUG    [SA_03] TEXT PLAY
2026-08-31 17:14:05 DEBUG    [SA_03] TEXT_END
2026-08-31 17:14:05 DEBUG    [SA_03] ACTION: {'action': 'WAIT', 'source': 'pause_before_translation'}
2026-08-31 17:14:09 DEBUG    [SA_03] Button: pause
2026-08-31 17:14:49 DEBUG    [SA_03] Button: db
2026-08-31 17:14:49 INFO     [SA_03] Database sets loaded: 17
2026-08-31 17:14:49 DEBUG    [SA_03] Selected set: English B2 001
2026-09-01 11:42:37 INFO     [SA_03] Finsh Application
2026-09-01 15:00:00 INFO     [SA_03] Start Application
2026-09-01 15:00:00 DEBUG    [SA_03] INITIAL ITEM: phrase_code = fr phrase_locale = fr-FR phrase_voice = fr-FR-RemyMultilingualNeural
2026-09-01 15:00:00 DEBUG    [SA_03] INITIAL SOURCE: language = fr locale = fr-FR voice = 
2026-09-01 15:00:01 DEBUG    [SA_03] Button: db
2026-09-01 15:00:03 INFO     [SA_03] Database sets loaded: 17
2026-09-01 15:00:03 DEBUG    [SA_03] Selected set: English B2 001
2026-09-01 15:04:05 INFO     [SA_03] Finsh Application
2026-09-01 15:04:09 INFO     [SA_03] Start Application
2026-09-01 15:04:09 DEBUG    [SA_03] INITIAL ITEM: phrase_code = fr phrase_locale = fr-FR phrase_voice = fr-FR-RemyMultilingualNeural
2026-09-01 15:04:09 DEBUG    [SA_03] INITIAL SOURCE: language = fr locale = fr-FR voice = 
2026-09-01 15:04:10 DEBUG    [SA_03] Button: db
2026-09-01 15:04:11 INFO     [SA_03] Database sets loaded: 17
2026-09-01 15:04:11 DEBUG    [SA_03] Selected set: English B2 001
2026-09-01 15:06:48 INFO     [SA_03] Start Application
2026-09-01 15:06:48 DEBUG    [SA_03] INITIAL ITEM: phrase_code = fr phrase_locale = fr-FR phrase_voice = fr-FR-RemyMultilingualNeural
2026-09-01 15:06:48 DEBUG    [SA_03] INITIAL SOURCE: language = fr locale = fr-FR voice = 
2026-09-01 15:06:49 DEBUG    [SA_03] Button: db
2026-09-01 15:06:50 INFO     [SA_03] Database sets loaded: 17
2026-09-01 15:06:50 DEBUG    [SA_03] Selected set: English B2 001
2026-09-01 15:10:08 INFO     [SA_03] Start Application
2026-09-01 15:10:08 DEBUG    [SA_03] INITIAL ITEM: phrase_code = fr phrase_locale = fr-FR phrase_voice = fr-FR-RemyMultilingualNeural
2026-09-01 15:10:08 DEBUG    [SA_03] INITIAL SOURCE: language = fr locale = fr-FR voice = 
2026-09-01 15:10:09 DEBUG    [SA_03] Button: db
2026-09-01 15:10:11 INFO     [SA_03] Database sets loaded: 17
2026-09-01 15:10:11 DEBUG    [SA_03] Selected set: English B2 001
2026-09-01 15:10:21 DEBUG    [SA_03] Selected set: Polisн  B2 001
2026-09-01 15:10:25 DEBUG    [SA_03] Selected set: English B2 001
2026-09-01 15:10:30 DEBUG    [SA_03] Selected set: Guest Session
2026-09-01 15:11:57 INFO     [SA_03] Finsh Application
2026-09-01 15:12:02 INFO     [SA_03] Start Application
2026-09-01 15:12:02 DEBUG    [SA_03] INITIAL ITEM: phrase_code = fr phrase_locale = fr-FR phrase_voice = fr-FR-RemyMultilingualNeural
2026-09-01 15:12:02 DEBUG    [SA_03] INITIAL SOURCE: language = fr locale = fr-FR voice = 
2026-09-01 15:12:04 DEBUG    [SA_03] Button: db
2026-09-01 15:12:04 INFO     [SA_03] Database sets loaded: 17
2026-09-01 15:12:04 DEBUG    [SA_03] Selected set: English B2 001
2026-09-01 15:15:47 INFO     [SA_03] Finsh Application
2026-09-01 15:15:50 INFO     [SA_03] Start Application
2026-09-01 15:15:50 DEBUG    [SA_03] INITIAL ITEM: phrase_code = fr phrase_locale = fr-FR phrase_voice = fr-FR-RemyMultilingualNeural
2026-09-01 15:15:50 DEBUG    [SA_03] INITIAL SOURCE: language = fr locale = fr-FR voice = 
2026-09-01 15:15:52 DEBUG    [SA_03] Button: db
2026-09-01 15:15:53 INFO     [SA_03] Database sets loaded: 17
2026-09-01 15:15:53 DEBUG    [SA_03] Selected set: English B2 001
2026-09-01 15:16:32 INFO     [SA_03] Finsh Application
2026-09-01 15:16:35 INFO     [SA_03] Start Application
2026-09-01 15:16:35 DEBUG    [SA_03] INITIAL ITEM: phrase_code = fr phrase_locale = fr-FR phrase_voice = fr-FR-RemyMultilingualNeural
2026-09-01 15:16:35 DEBUG    [SA_03] INITIAL SOURCE: language = fr locale = fr-FR voice = 
2026-09-01 15:16:37 DEBUG    [SA_03] Button: db
2026-09-01 15:16:38 INFO     [SA_03] Database sets loaded: 17
2026-09-01 15:16:38 DEBUG    [SA_03] Selected set: English B2 001
2026-09-01 15:18:55 INFO     [SA_03] Finsh Application
2026-09-01 15:18:59 INFO     [SA_03] Start Application
2026-09-01 15:18:59 DEBUG    [SA_03] INITIAL ITEM: phrase_code = fr phrase_locale = fr-FR phrase_voice = fr-FR-RemyMultilingualNeural
2026-09-01 15:18:59 DEBUG    [SA_03] INITIAL SOURCE: language = fr locale = fr-FR voice = 
2026-09-01 15:19:00 DEBUG    [SA_03] Button: db
2026-09-01 15:19:35 INFO     [SA_03] Start Application
2026-09-01 15:19:35 DEBUG    [SA_03] INITIAL ITEM: phrase_code = fr phrase_locale = fr-FR phrase_voice = fr-FR-RemyMultilingualNeural
2026-09-01 15:19:35 DEBUG    [SA_03] INITIAL SOURCE: language = fr locale = fr-FR voice = 
2026-09-01 15:19:37 DEBUG    [SA_03] Button: db
2026-09-01 15:19:37 INFO     [SA_03] Database sets loaded: 17
2026-09-01 15:19:37 DEBUG    [SA_03] Selected set: English B2 001
2026-09-01 15:19:43 INFO     [SA_03] Finsh Application
2026-09-01 15:24:37 INFO     [SA_03] Start Application
2026-09-01 15:24:37 DEBUG    [SA_03] INITIAL ITEM: phrase_code = fr phrase_locale = fr-FR phrase_voice = fr-FR-RemyMultilingualNeural
2026-09-01 15:24:37 DEBUG    [SA_03] INITIAL SOURCE: language = fr locale = fr-FR voice = 
2026-09-01 15:24:38 DEBUG    [SA_03] Button: db
2026-09-01 15:24:40 INFO     [SA_03] Database sets loaded: 17
2026-09-01 15:24:40 DEBUG    [SA_03] Selected set: English B2 001
2026-09-01 15:25:09 INFO     [SA_03] Finsh Application
2026-09-01 15:26:39 INFO     [SA_03] Start Application
2026-09-01 15:26:39 DEBUG    [SA_03] INITIAL ITEM: phrase_code = fr phrase_locale = fr-FR phrase_voice = fr-FR-RemyMultilingualNeural
2026-09-01 15:26:39 DEBUG    [SA_03] INITIAL SOURCE: language = fr locale = fr-FR voice = 
2026-09-01 15:26:40 DEBUG    [SA_03] Button: db
2026-09-01 15:26:41 INFO     [SA_03] Database sets loaded: 17
2026-09-01 15:26:41 DEBUG    [SA_03] Selected set: English B2 001
2026-09-01 15:27:01 INFO     [SA_03] Finsh Application
2026-09-01 15:27:06 INFO     [SA_03] Start Application
2026-09-01 15:27:06 DEBUG    [SA_03] INITIAL ITEM: phrase_code = fr phrase_locale = fr-FR phrase_voice = fr-FR-RemyMultilingualNeural
2026-09-01 15:27:06 DEBUG    [SA_03] INITIAL SOURCE: language = fr locale = fr-FR voice = 
2026-09-01 15:27:07 DEBUG    [SA_03] Button: db
2026-09-01 15:27:09 INFO     [SA_03] Database sets loaded: 17
2026-09-01 15:27:09 DEBUG    [SA_03] Selected set: English B2 001
2026-09-01 15:27:13 DEBUG    [SA_03] Selected set: TEST API SAVE
2026-09-01 15:27:16 DEBUG    [SA_03] Selected set: English B2 001
2026-09-01 15:27:23 DEBUG    [SA_03] Selected set: Guest Session
2026-09-01 15:28:04 INFO     [SA_03] Finsh Application
2026-09-02 07:43:17 INFO     [SA_03] Start Application
2026-09-02 07:43:17 DEBUG    [SA_03] INITIAL ITEM: phrase_code = fr phrase_locale = fr-FR phrase_voice = fr-FR-RemyMultilingualNeural
2026-09-02 07:43:17 DEBUG    [SA_03] INITIAL SOURCE: language = fr locale = fr-FR voice = 
2026-09-02 07:43:19 DEBUG    [SA_03] Button: db
2026-09-02 07:43:20 INFO     [SA_03] Database sets loaded: 17
2026-09-02 07:43:20 DEBUG    [SA_03] Selected set: English B2 001
2026-09-02 07:43:23 DEBUG    [SA_03] Selected set: Polisн  B2 001
2026-09-02 07:43:26 DEBUG    [SA_03] Selected set: Dictation - dictation
2026-09-02 07:43:59 INFO     [SA_03] Finsh Application
2026-09-02 07:55:41 INFO     [SA_03] Start Application
2026-09-02 07:55:41 DEBUG    [SA_03] INITIAL ITEM: phrase_code = fr phrase_locale = fr-FR phrase_voice = fr-FR-RemyMultilingualNeural
2026-09-02 07:55:41 DEBUG    [SA_03] INITIAL SOURCE: language = fr locale = fr-FR voice = 
2026-09-02 07:55:43 DEBUG    [SA_03] Button: db
2026-09-02 07:55:44 INFO     [SA_03] Database sets loaded: 17
2026-09-02 07:55:44 DEBUG    [SA_03] Selected set: English B2 001
2026-09-02 07:55:48 DEBUG    [SA_03] Selected set: Dictation - dictation
2026-09-02 07:55:53 DEBUG    [SA_03] Button: db
2026-09-02 07:55:54 INFO     [SA_03] Database sets loaded: 17
2026-09-02 07:55:54 DEBUG    [SA_03] Selected set: English B2 001
2026-09-02 07:56:02 DEBUG    [SA_03] Button: dbtoset
2026-09-02 07:56:02 DEBUG    [SA_03] SETTO​DB BUTTON PRESSED
2026-09-02 07:56:03 INFO     [SA_03] Set loaded into session: 1
2026-09-02 07:56:20 DEBUG    [SA_03] Selected set: Guest Session
2026-09-02 07:56:21 DEBUG    [SA_03] Button: dbtoset
2026-09-02 07:56:21 DEBUG    [SA_03] SETTO​DB BUTTON PRESSED
2026-09-02 07:56:22 INFO     [SA_03] Set loaded into session: 10
2026-09-02 07:56:29 DEBUG    [SA_03] Button: db
2026-09-02 07:56:30 INFO     [SA_03] Database sets loaded: 17
2026-09-02 07:56:30 DEBUG    [SA_03] Selected set: English B2 001
2026-09-02 07:56:41 INFO     [SA_03] Finsh Application
2026-09-02 08:02:43 INFO     [SA_03] Start Application
2026-09-02 08:02:43 DEBUG    [SA_03] INITIAL ITEM: phrase_code = en phrase_locale = en-US phrase_voice = en-US-JennyNeural
2026-09-02 08:02:43 DEBUG    [SA_03] INITIAL SOURCE: language = en locale = en-US voice = 
2026-09-02 08:02:44 DEBUG    [SA_03] Button: db
2026-09-02 08:02:45 INFO     [SA_03] Database sets loaded: 17
2026-09-02 08:02:45 DEBUG    [SA_03] Selected set: English B2 001
2026-09-02 08:04:46 INFO     [SA_03] Finsh Application
2026-09-02 08:08:28 INFO     [SA_03] Start Application
2026-09-02 08:08:28 DEBUG    [SA_03] INITIAL ITEM: phrase_code = en phrase_locale = en-US phrase_voice = en-US-JennyNeural
2026-09-02 08:08:28 DEBUG    [SA_03] INITIAL SOURCE: language = en locale = en-US voice = 
2026-09-02 08:08:30 DEBUG    [SA_03] Button: db
2026-09-02 08:08:31 INFO     [SA_03] Database sets loaded: 17
2026-09-02 08:08:31 DEBUG    [SA_03] Selected set: English B2 001
2026-09-02 08:45:07 INFO     [SA_03] Finsh Application
2026-09-02 08:45:11 INFO     [SA_03] Start Application
2026-09-02 08:45:11 DEBUG    [SA_03] INITIAL ITEM: phrase_code = en phrase_locale = en-US phrase_voice = en-US-JennyNeural
2026-09-02 08:45:11 DEBUG    [SA_03] INITIAL SOURCE: language = en locale = en-US voice = 
2026-09-02 08:45:12 DEBUG    [SA_03] Button: db
2026-09-02 08:45:13 INFO     [SA_03] Database sets loaded: 17
2026-09-02 08:45:13 DEBUG    [SA_03] Selected set: English B2 001
2026-09-02 08:46:08 INFO     [SA_03] Finsh Application
2026-09-02 12:10:17 INFO     [SA_03] Start Application
2026-09-02 12:10:17 DEBUG    [SA_03] INITIAL ITEM: phrase_code = en phrase_locale = en-US phrase_voice = en-US-JennyNeural
2026-09-02 12:10:17 DEBUG    [SA_03] INITIAL SOURCE: language = en locale = en-US voice = 
2026-09-02 12:10:19 DEBUG    [SA_03] Button: db
2026-09-02 12:10:20 INFO     [SA_03] Database sets loaded: 17
2026-09-02 12:10:20 DEBUG    [SA_03] Selected set: English B2 001
2026-09-02 15:12:35 DEBUG    [SA_03] Selected set: Polisн  B2 001
2026-09-02 15:13:21 INFO     [SA_03] Finsh Application
2026-09-02 15:24:25 INFO     [SA_03] Start Application
2026-09-02 15:24:25 DEBUG    [SA_03] INITIAL ITEM: phrase_code = en phrase_locale = en-US phrase_voice = en-US-JennyNeural
2026-09-02 15:24:25 DEBUG    [SA_03] INITIAL SOURCE: language = en locale = en-US voice = 
2026-09-02 15:24:27 DEBUG    [SA_03] Button: db
2026-09-02 15:24:28 INFO     [SA_03] Database sets loaded: 17
2026-09-02 15:24:28 DEBUG    [SA_03] Selected set: English B2 001
2026-09-02 15:24:45 DEBUG    [SA_03] Button: register
2026-09-02 15:25:59 INFO     [SA_03] Finsh Application
2026-09-02 15:30:05 INFO     [SA_03] Start Application
2026-09-02 15:30:05 DEBUG    [SA_03] INITIAL ITEM: phrase_code = en phrase_locale = en-US phrase_voice = en-US-JennyNeural
2026-09-02 15:30:05 DEBUG    [SA_03] INITIAL SOURCE: language = en locale = en-US voice = 
2026-09-02 15:30:07 DEBUG    [SA_03] Button: db
2026-09-02 15:30:08 INFO     [SA_03] Database sets loaded: 17
2026-09-02 15:30:08 DEBUG    [SA_03] Selected set: English B2 001
2026-09-02 15:30:54 DEBUG    [SA_03] Button: datatodb
2026-09-02 15:30:55 DEBUG    [SA_03] Button: datatodb
2026-09-02 15:31:09 DEBUG    [SA_03] Button: datatodb
2026-09-02 15:31:10 DEBUG    [SA_03] Button: datatodb
2026-09-02 15:31:26 DEBUG    [SA_03] Button: register
2026-09-02 15:32:28 INFO     [SA_03] Finsh Application
2026-09-02 16:42:04 INFO     [SA_03] Start Application
2026-09-02 16:42:04 DEBUG    [SA_03] INITIAL ITEM: phrase_code = en phrase_locale = en-US phrase_voice = en-US-JennyNeural
2026-09-02 16:42:04 DEBUG    [SA_03] INITIAL SOURCE: language = en locale = en-US voice = 
2026-09-02 16:42:07 DEBUG    [SA_03] Button: db
2026-09-02 16:42:08 INFO     [SA_03] Database sets loaded: 17
2026-09-02 16:42:08 DEBUG    [SA_03] Selected set: English B2 001
2026-09-02 16:42:28 DEBUG    [SA_03] Button: datatodb
2026-09-02 16:42:28 DEBUG    [SA_03] DATATODB set_id=1
2026-09-02 16:43:21 INFO     [SA_03] Start Application
2026-09-02 16:43:21 DEBUG    [SA_03] INITIAL ITEM: phrase_code = en phrase_locale = en-US phrase_voice = en-US-JennyNeural
2026-09-02 16:43:21 DEBUG    [SA_03] INITIAL SOURCE: language = en locale = en-US voice = 
2026-09-02 16:43:23 DEBUG    [SA_03] Button: db
2026-09-02 16:43:23 INFO     [SA_03] Database sets loaded: 17
2026-09-02 16:43:23 DEBUG    [SA_03] Selected set: English B2 001
2026-09-02 16:43:34 DEBUG    [SA_03] Button: datatodb
2026-09-02 16:43:34 DEBUG    [SA_03] DATATODB set_id=1
2026-09-02 16:43:35 INFO     [SA_03] Data saved to database: {'set_id': 1, 'set_name': 'English B2 ', 'set_description': 'Dialogue for several different themes-!!!', 'set_update_date': '2026-09-02T14:43:34'}
2026-09-02 16:43:36 INFO     [SA_03] Database sets loaded: 17
2026-09-02 16:43:36 DEBUG    [SA_03] Selected set: English B2 
2026-09-02 16:44:54 DEBUG    [SA_03] Button: datatodb
2026-09-02 16:44:54 DEBUG    [SA_03] DATATODB set_id=1
2026-09-02 16:44:55 INFO     [SA_03] Data saved to database: {'set_id': 1, 'set_name': 'English B2 ', 'set_description': 'Dialogue for my -!!!', 'set_update_date': '2026-09-02T14:44:55'}
2026-09-02 16:44:56 INFO     [SA_03] Database sets loaded: 17
2026-09-02 16:44:56 DEBUG    [SA_03] Selected set: English B2 
2026-09-02 16:45:08 INFO     [SA_03] Finsh Application
2026-09-02 16:46:08 INFO     [SA_03] Start Application
2026-09-02 16:46:08 DEBUG    [SA_03] INITIAL ITEM: phrase_code = en phrase_locale = en-US phrase_voice = en-US-JennyNeural
2026-09-02 16:46:08 DEBUG    [SA_03] INITIAL SOURCE: language = en locale = en-US voice = 
2026-09-02 16:46:10 DEBUG    [SA_03] Button: db
2026-09-02 16:46:10 INFO     [SA_03] Database sets loaded: 17
2026-09-02 16:46:10 DEBUG    [SA_03] Selected set: English B2 
2026-09-02 16:47:01 DEBUG    [SA_03] Selected set: Guest Session
2026-09-02 16:47:10 DEBUG    [SA_03] Selected set: Shadowing
2026-09-02 16:48:55 DEBUG    [SA_03] Button: datatodb
2026-09-02 16:48:55 DEBUG    [SA_03] DATATODB set_id=34
2026-09-02 16:48:56 INFO     [SA_03] Data saved to database: {'set_id': 34, 'set_name': 'Shg', 'set_description': 'Generated #############', 'set_update_date': '2026-09-02T14:48:56'}
2026-09-02 16:48:57 INFO     [SA_03] Database sets loaded: 17
2026-09-02 16:48:57 DEBUG    [SA_03] Selected set: English B2 
2026-09-02 16:49:14 DEBUG    [SA_03] Selected set: Shg
2026-09-02 16:50:09 DEBUG    [SA_03] Selected set: English B2 
2026-09-02 16:50:12 DEBUG    [SA_03] Selected set: Polisн  B2 001
2026-09-02 16:50:39 INFO     [SA_03] Finsh Application
2026-09-02 19:05:09 INFO     [SA_03] Start Application
2026-09-02 19:05:09 DEBUG    [SA_03] INITIAL ITEM: phrase_code = en phrase_locale = en-US phrase_voice = en-US-JennyNeural
2026-09-02 19:05:09 DEBUG    [SA_03] INITIAL SOURCE: language = en locale = en-US voice = 
2026-09-02 19:05:11 DEBUG    [SA_03] Button: db
2026-09-02 19:05:12 INFO     [SA_03] Database sets loaded: 17
2026-09-02 19:05:12 DEBUG    [SA_03] Selected set: English B2 
2026-09-02 19:06:35 DEBUG    [SA_03] Button: datatodb
2026-09-02 19:06:35 DEBUG    [SA_03] DATATODB set_id=1
2026-09-02 19:06:36 INFO     [SA_03] Data saved to database: {'set_id': 1, 'set_name': 'English A2', 'set_description': 'Dlogue simple alot', 'set_update_date': '2026-09-02T17:06:36'}
2026-09-02 19:06:37 INFO     [SA_03] Database sets loaded: 17
2026-09-02 19:06:37 DEBUG    [SA_03] Selected set: English A2
2026-09-02 19:08:49 DEBUG    [SA_03] Button: login
2026-09-02 19:20:22 INFO     [SA_03] Start Application
2026-09-02 19:20:22 DEBUG    [SA_03] INITIAL ITEM: phrase_code = en phrase_locale = en-US phrase_voice = en-US-JennyNeural
2026-09-02 19:20:22 DEBUG    [SA_03] INITIAL SOURCE: language = en locale = en-US voice = 
2026-09-02 19:20:24 DEBUG    [SA_03] Button: db
2026-09-02 19:20:25 INFO     [SA_03] Database sets loaded: 17
2026-09-02 19:20:25 DEBUG    [SA_03] Selected set: English A2
2026-09-02 19:20:37 DEBUG    [SA_03] Button: datatodb
2026-09-02 19:20:37 DEBUG    [SA_03] DATATODB set_id=1
2026-09-02 19:20:38 INFO     [SA_03] Data saved to database: {'set_id': 1, 'set_name': 'English A2-2', 'set_description': 'Dlogue simple alot', 'set_update_date': '2026-09-02T17:20:38'}
2026-09-02 19:20:39 INFO     [SA_03] Database sets loaded: 17
2026-09-02 19:20:39 DEBUG    [SA_03] Selected set: English A2-2
2026-09-02 19:20:47 INFO     [SA_03] Finsh Application
2026-09-02 19:28:23 INFO     [SA_03] Start Application
2026-09-02 19:28:23 DEBUG    [SA_03] INITIAL ITEM: phrase_code = en phrase_locale = en-US phrase_voice = en-US-JennyNeural
2026-09-02 19:28:23 DEBUG    [SA_03] INITIAL SOURCE: language = en locale = en-US voice = 
2026-09-02 19:28:25 DEBUG    [SA_03] Button: db
2026-09-02 19:28:26 INFO     [SA_03] Database sets loaded: 17
2026-09-02 19:28:26 DEBUG    [SA_03] Selected set: English A2-2
2026-09-02 19:28:33 DEBUG    [SA_03] Button: datatodb
2026-09-02 19:28:33 DEBUG    [SA_03] DATATODB set_id=1
2026-09-02 19:32:24 INFO     [SA_03] Start Application
2026-09-02 19:32:24 DEBUG    [SA_03] INITIAL ITEM: phrase_code = en phrase_locale = en-US phrase_voice = en-US-JennyNeural
2026-09-02 19:32:24 DEBUG    [SA_03] INITIAL SOURCE: language = en locale = en-US voice = 
2026-09-02 19:32:26 DEBUG    [SA_03] Button: db
2026-09-02 19:32:27 INFO     [SA_03] Database sets loaded: 17
2026-09-02 19:32:27 DEBUG    [SA_03] Selected set: English A2-2
2026-09-02 19:32:32 DEBUG    [SA_03] Button: datatodb
2026-09-02 19:32:32 DEBUG    [SA_03] DATATODB set_id=1
2026-09-02 19:32:33 INFO     [SA_03] Data saved to database: {'set_id': 1, 'set_name': 'English A2-23', 'set_description': 'Dlogue simple', 'set_update_date': '2026-09-02T17:32:33'}
2026-09-02 19:32:34 INFO     [SA_03] Database sets loaded: 17
2026-09-02 19:32:34 DEBUG    [SA_03] Selected set: English A2-23
2026-09-02 19:33:39 INFO     [SA_03] Finsh Application
2026-09-02 20:03:49 INFO     [SA_03] Start Application
2026-09-02 20:03:50 DEBUG    [SA_03] INITIAL ITEM: phrase_code = en phrase_locale = en-US phrase_voice = en-US-JennyNeural
2026-09-02 20:03:50 DEBUG    [SA_03] INITIAL SOURCE: language = en locale = en-US voice = 
2026-09-02 20:03:51 DEBUG    [SA_03] Button: db
2026-09-02 20:03:52 INFO     [SA_03] Database sets loaded: 17
2026-09-02 20:03:52 DEBUG    [SA_03] Selected set: English A2-23
2026-09-02 20:04:04 DEBUG    [SA_03] Button: db
2026-09-02 20:04:05 INFO     [SA_03] Database sets loaded: 17
2026-09-02 20:04:05 DEBUG    [SA_03] Selected set: English A2-23
2026-09-02 20:04:23 DEBUG    [SA_03] Button: settings
2026-09-02 20:04:23 DEBUG    [SA_03] INITIAL ITEM: phrase_code = en phrase_locale = en-US phrase_voice = en-US-JennyNeural
2026-09-02 20:04:23 DEBUG    [SA_03] INITIAL SOURCE: language = en locale = en-US voice = 
2026-09-02 20:04:23 DEBUG    [SA_03] Target language: en
2026-09-02 20:04:23 DEBUG    [SA_03] Target locale: en-US
2026-09-02 20:04:26 DEBUG    [SA_03] Button: db
2026-09-02 20:04:27 INFO     [SA_03] Database sets loaded: 17
2026-09-02 20:04:27 DEBUG    [SA_03] Selected set: English A2-23
2026-09-02 20:04:48 INFO     [SA_03] Finsh Application
2026-09-02 20:05:58 INFO     [SA_03] Start Application
2026-09-02 20:05:58 DEBUG    [SA_03] INITIAL ITEM: phrase_code = en phrase_locale = en-US phrase_voice = en-US-JennyNeural
2026-09-02 20:05:58 DEBUG    [SA_03] INITIAL SOURCE: language = en locale = en-US voice = 
2026-09-02 20:05:59 DEBUG    [SA_03] Button: db
2026-09-02 20:06:00 INFO     [SA_03] Database sets loaded: 17
2026-09-02 20:06:00 DEBUG    [SA_03] Selected set: English A2-23
2026-09-02 20:06:19 INFO     [SA_03] Finsh Application
2026-09-02 20:06:52 INFO     [SA_03] Start Application
2026-09-02 20:06:52 DEBUG    [SA_03] INITIAL ITEM: phrase_code = en phrase_locale = en-US phrase_voice = en-US-JennyNeural
2026-09-02 20:06:52 DEBUG    [SA_03] INITIAL SOURCE: language = en locale = en-US voice = 
2026-09-02 20:06:54 DEBUG    [SA_03] Button: db
2026-09-02 20:06:54 INFO     [SA_03] Database sets loaded: 17
2026-09-02 20:06:54 DEBUG    [SA_03] Selected set: English A2-23
2026-09-02 20:07:02 INFO     [SA_03] Finsh Application
2026-09-02 20:07:34 INFO     [SA_03] Start Application
2026-09-02 20:07:34 DEBUG    [SA_03] INITIAL ITEM: phrase_code = en phrase_locale = en-US phrase_voice = en-US-JennyNeural
2026-09-02 20:07:34 DEBUG    [SA_03] INITIAL SOURCE: language = en locale = en-US voice = 
2026-09-02 20:07:36 DEBUG    [SA_03] Button: db
2026-09-02 20:07:36 INFO     [SA_03] Database sets loaded: 17
2026-09-02 20:07:36 DEBUG    [SA_03] Selected set: English A2-23
2026-09-02 20:07:42 INFO     [SA_03] Finsh Application
2026-09-02 20:08:36 INFO     [SA_03] Start Application
2026-09-02 20:08:36 DEBUG    [SA_03] INITIAL ITEM: phrase_code = en phrase_locale = en-US phrase_voice = en-US-JennyNeural
2026-09-02 20:08:36 DEBUG    [SA_03] INITIAL SOURCE: language = en locale = en-US voice = 
2026-09-02 20:08:38 DEBUG    [SA_03] Button: db
2026-09-02 20:08:39 INFO     [SA_03] Database sets loaded: 17
2026-09-02 20:08:39 DEBUG    [SA_03] Selected set: English A2-23
2026-09-02 20:09:01 INFO     [SA_03] Finsh Application
2026-09-03 07:50:11 INFO     [SA_03] Start Application
2026-09-03 07:50:11 DEBUG    [SA_03] INITIAL ITEM: phrase_code = en phrase_locale = en-US phrase_voice = en-US-JennyNeural
2026-09-03 07:50:11 DEBUG    [SA_03] INITIAL SOURCE: language = en locale = en-US voice = 
2026-09-03 07:50:13 DEBUG    [SA_03] Button: db
2026-09-03 07:50:14 INFO     [SA_03] Database sets loaded: 17
2026-09-03 07:50:14 DEBUG    [SA_03] Selected set: English A2-23
2026-09-03 07:50:16 DEBUG    [SA_03] Selected set: Dictation - dictation
2026-09-03 07:50:18 DEBUG    [SA_03] Selected set: Guest Session
2026-09-03 07:50:22 DEBUG    [SA_03] Selected set: TEST API SAVE
2026-09-03 07:50:27 DEBUG    [SA_03] Selected set: Azure API Minimal Test
2026-09-03 07:50:31 DEBUG    [SA_03] Selected set: Dictation - dictation
2026-09-03 07:50:43 DEBUG    [SA_03] Button: settings
2026-09-03 07:50:43 DEBUG    [SA_03] INITIAL ITEM: phrase_code = en phrase_locale = en-US phrase_voice = en-US-JennyNeural
2026-09-03 07:50:43 DEBUG    [SA_03] INITIAL SOURCE: language = en locale = en-US voice = 
2026-09-03 07:50:43 DEBUG    [SA_03] Target language: en
2026-09-03 07:50:44 DEBUG    [SA_03] Target locale: en-US
2026-09-03 07:50:46 DEBUG    [SA_03] Scenario: translation_first
2026-09-03 07:50:51 DEBUG    [SA_03] Button: db
2026-09-03 07:50:53 INFO     [SA_03] Database sets loaded: 17
2026-09-03 07:50:53 DEBUG    [SA_03] Selected set: English A2-23
2026-09-03 07:50:57 DEBUG    [SA_03] Selected set: Guest Session
2026-09-03 07:51:01 DEBUG    [SA_03] Selected set: Polisн  B2 001
2026-09-03 07:51:04 DEBUG    [SA_03] Selected set: Azure API Minimal Test
2026-09-03 07:51:07 DEBUG    [SA_03] Selected set: Polisн  B2 001
2026-09-03 07:51:09 DEBUG    [SA_03] Selected set: Dictation - dictation
2026-09-03 07:51:13 DEBUG    [SA_03] Selected set: Guest Session
2026-09-03 07:51:26 DEBUG    [SA_03] Selected set: English A2-23
2026-09-03 07:51:49 DEBUG    [SA_03] Selected set: Dictation - dictation
2026-09-03 07:52:13 DEBUG    [SA_03] Button: datatodb
2026-09-03 07:52:13 DEBUG    [SA_03] DATATODB set_id=8
2026-09-03 07:52:14 INFO     [SA_03] Data saved to database: {'set_id': 8, 'set_name': 'Dictation - dictation', 'set_description': 'Generated dictation-----+++', 'set_update_date': '2026-09-03T05:52:13'}
2026-09-03 07:52:14 INFO     [SA_03] Database sets loaded: 17
2026-09-03 07:52:14 DEBUG    [SA_03] Selected set: English A2-23
2026-09-03 07:52:23 DEBUG    [SA_03] Selected set: Dictation - dictation
2026-09-03 07:52:31 INFO     [SA_03] Finsh Application
2026-09-03 07:58:37 INFO     [SA_03] Start Application
2026-09-03 07:58:37 DEBUG    [SA_03] INITIAL ITEM: phrase_code = en phrase_locale = en-US phrase_voice = en-US-JennyNeural
2026-09-03 07:58:37 DEBUG    [SA_03] INITIAL SOURCE: language = en locale = en-US voice = 
2026-09-03 07:58:39 DEBUG    [SA_03] Button: db
2026-09-03 07:58:40 INFO     [SA_03] Database sets loaded: 17
2026-09-03 07:58:40 DEBUG    [SA_03] Selected set: English A2-23
2026-09-03 07:58:44 DEBUG    [SA_03] Selected set: Dictation - dictation
2026-09-03 07:58:51 DEBUG    [SA_03] Button: datatodb
2026-09-03 07:58:51 DEBUG    [SA_03] DATATODB set_id=8
2026-09-03 07:58:52 INFO     [SA_03] Data saved to database: {'set_id': 8, 'set_name': 'Dictation - dictation', 'set_description': 'Generated dictation-----', 'set_update_date': '2026-09-03T05:58:50'}
2026-09-03 07:58:53 INFO     [SA_03] Database sets loaded: 17
2026-09-03 07:58:53 DEBUG    [SA_03] Selected set: Dictation - dictation
2026-09-03 07:58:59 DEBUG    [SA_03] Selected set: Polisн  B2 001
2026-09-03 07:59:07 DEBUG    [SA_03] Button: datatodb
2026-09-03 07:59:07 DEBUG    [SA_03] DATATODB set_id=2
2026-09-03 07:59:08 INFO     [SA_03] Data saved to database: {'set_id': 2, 'set_name': 'Polisн  B2 001', 'set_description': 'Różne rozmowy na tematy biznesowe----', 'set_update_date': '2026-09-03T05:59:07'}
2026-09-03 07:59:09 INFO     [SA_03] Database sets loaded: 17
2026-09-03 07:59:09 DEBUG    [SA_03] Selected set: Polisн  B2 001
2026-09-03 07:59:41 DEBUG    [SA_03] Selected set: English A2-23
2026-09-03 08:01:37 INFO     [SA_03] Finsh Application
2026-09-03 08:02:36 INFO     [SA_03] Start Application
2026-09-03 08:02:36 DEBUG    [SA_03] INITIAL ITEM: phrase_code = en phrase_locale = en-US phrase_voice = en-US-JennyNeural
2026-09-03 08:02:36 DEBUG    [SA_03] INITIAL SOURCE: language = en locale = en-US voice = 
2026-09-03 08:02:38 DEBUG    [SA_03] Button: db
2026-09-03 08:02:39 INFO     [SA_03] Database sets loaded: 17
2026-09-03 08:02:39 DEBUG    [SA_03] Selected set: English A2-23
2026-09-03 08:03:42 DEBUG    [SA_03] Button: settings
2026-09-03 08:03:42 DEBUG    [SA_03] INITIAL ITEM: phrase_code = en phrase_locale = en-US phrase_voice = en-US-JennyNeural
2026-09-03 08:03:42 DEBUG    [SA_03] INITIAL SOURCE: language = en locale = en-US voice = 
2026-09-03 08:03:42 DEBUG    [SA_03] Target language: en
2026-09-03 08:03:42 DEBUG    [SA_03] Target locale: en-US
2026-09-03 08:03:52 DEBUG    [SA_03] Button: db
2026-09-03 08:03:52 INFO     [SA_03] Database sets loaded: 17
2026-09-03 08:03:52 DEBUG    [SA_03] Selected set: English A2-23
2026-09-03 08:04:43 DEBUG    [SA_03] Button: db
2026-09-03 08:04:44 INFO     [SA_03] Database sets loaded: 17
2026-09-03 08:04:44 DEBUG    [SA_03] Selected set: English A2-23
2026-09-03 08:04:59 INFO     [SA_03] Finsh Application
2026-09-03 08:05:26 INFO     [SA_03] Start Application
2026-09-03 08:05:26 DEBUG    [SA_03] INITIAL ITEM: phrase_code = en phrase_locale = en-US phrase_voice = en-US-JennyNeural
2026-09-03 08:05:26 DEBUG    [SA_03] INITIAL SOURCE: language = en locale = en-US voice = 
2026-09-03 08:05:29 DEBUG    [SA_03] Button: db
2026-09-03 08:05:30 INFO     [SA_03] Database sets loaded: 17
2026-09-03 08:05:30 DEBUG    [SA_03] Selected set: English A2-23
2026-09-03 08:05:36 DEBUG    [SA_03] Selected set: Shadowing
2026-09-03 08:05:52 DEBUG    [SA_03] Selected set: Guest Session
2026-09-03 08:06:10 DEBUG    [SA_03] Button: settings
2026-09-03 08:06:10 DEBUG    [SA_03] INITIAL ITEM: phrase_code = en phrase_locale = en-US phrase_voice = en-US-JennyNeural
2026-09-03 08:06:10 DEBUG    [SA_03] INITIAL SOURCE: language = en locale = en-US voice = 
2026-09-03 08:06:11 DEBUG    [SA_03] Target language: en
2026-09-03 08:06:11 DEBUG    [SA_03] Target locale: en-US
2026-09-03 08:06:14 ERROR    [SA_03] Checking source language before generation...
2026-09-03 08:06:19 INFO     [SA_03] Detected language: en
2026-09-03 08:06:19 DEBUG    [SA_03] Generate language check: source = en detected = en
2026-09-03 08:06:19 DEBUG    [SA_03] Source language matches.
2026-09-03 08:06:19 ERROR    [SA_03] Unsupported generator scenario: translation_first
2026-09-03 08:07:28 DEBUG    [SA_03] Button: settings
2026-09-03 08:07:28 DEBUG    [SA_03] INITIAL ITEM: phrase_code = en phrase_locale = en-US phrase_voice = en-US-JennyNeural
2026-09-03 08:07:28 DEBUG    [SA_03] INITIAL SOURCE: language = en locale = en-US voice = 
2026-09-03 08:07:28 DEBUG    [SA_03] Target language: en
2026-09-03 08:07:28 DEBUG    [SA_03] Target locale: en-US
2026-09-03 08:07:47 DEBUG    [SA_03] Scenario: shadowing
2026-09-03 08:07:49 ERROR    [SA_03] Checking source language before generation...
2026-09-03 08:07:51 INFO     [SA_03] Detected language: ru
2026-09-03 08:07:51 DEBUG    [SA_03] Generate language check: source = en detected = ru
2026-09-03 08:07:54 DEBUG    [SA_03] Source locale: ru-RU
2026-09-03 08:08:10 DEBUG    [SA_03] Button: db
2026-09-03 08:08:11 INFO     [SA_03] Database sets loaded: 17
2026-09-03 08:08:11 DEBUG    [SA_03] Selected set: English A2-23
2026-09-03 08:08:17 DEBUG    [SA_03] Selected set: Guest Session
2026-09-03 08:08:26 INFO     [SA_03] Finsh Application
2026-09-03 08:08:35 INFO     [SA_03] Start Application
2026-09-03 08:08:35 DEBUG    [SA_03] INITIAL ITEM: phrase_code = en phrase_locale = en-US phrase_voice = en-US-JennyNeural
2026-09-03 08:08:35 DEBUG    [SA_03] INITIAL SOURCE: language = en locale = en-US voice = 
2026-09-03 08:08:37 DEBUG    [SA_03] Button: settings
2026-09-03 08:08:37 DEBUG    [SA_03] INITIAL ITEM: phrase_code = en phrase_locale = en-US phrase_voice = en-US-JennyNeural
2026-09-03 08:08:37 DEBUG    [SA_03] INITIAL SOURCE: language = en locale = en-US voice = 
2026-09-03 08:08:37 DEBUG    [SA_03] Target language: en
2026-09-03 08:08:37 DEBUG    [SA_03] Target locale: en-US
2026-09-03 08:09:01 INFO     [SA_03] Finsh Application
2026-09-03 08:09:10 INFO     [SA_03] Start Application
2026-09-03 08:09:10 DEBUG    [SA_03] INITIAL ITEM: phrase_code = en phrase_locale = en-US phrase_voice = en-US-JennyNeural
2026-09-03 08:09:10 DEBUG    [SA_03] INITIAL SOURCE: language = en locale = en-US voice = 
2026-09-03 08:09:11 DEBUG    [SA_03] Button: settings
2026-09-03 08:09:11 DEBUG    [SA_03] INITIAL ITEM: phrase_code = en phrase_locale = en-US phrase_voice = en-US-JennyNeural
2026-09-03 08:09:11 DEBUG    [SA_03] INITIAL SOURCE: language = en locale = en-US voice = 
2026-09-03 08:09:11 DEBUG    [SA_03] Target language: en
2026-09-03 08:09:12 DEBUG    [SA_03] Target locale: en-US
2026-09-03 08:09:28 DEBUG    [SA_03] Button: db
2026-09-03 08:09:29 INFO     [SA_03] Database sets loaded: 17
2026-09-03 08:09:29 DEBUG    [SA_03] Selected set: English A2-23
2026-09-03 08:09:33 DEBUG    [SA_03] Selected set: Azure API Minimal Test
2026-09-03 08:09:37 DEBUG    [SA_03] Selected set: Guest Session
2026-09-03 08:09:53 DEBUG    [SA_03] Button: db
2026-09-03 08:09:54 INFO     [SA_03] Database sets loaded: 17
2026-09-03 08:09:54 DEBUG    [SA_03] Selected set: English A2-23
2026-09-03 08:10:03 INFO     [SA_03] Finsh Application
2026-09-03 08:17:39 INFO     [SA_03] Start Application
2026-09-03 08:17:39 DEBUG    [SA_03] INITIAL ITEM: phrase_code = en phrase_locale = en-US phrase_voice = en-US-JennyNeural
2026-09-03 08:17:39 DEBUG    [SA_03] INITIAL SOURCE: language = en locale = en-US voice = 
2026-09-03 08:17:42 DEBUG    [SA_03] Button: settings
2026-09-03 08:17:42 DEBUG    [SA_03] INITIAL ITEM: phrase_code = en phrase_locale = en-US phrase_voice = en-US-JennyNeural
2026-09-03 08:17:42 DEBUG    [SA_03] INITIAL SOURCE: language = en locale = en-US voice = 
2026-09-03 08:17:42 DEBUG    [SA_03] Target language: en
2026-09-03 08:17:42 DEBUG    [SA_03] Target locale: en-US
2026-09-03 08:18:14 INFO     [SA_03] Finsh Application
2026-09-03 08:18:56 INFO     [SA_03] Start Application
2026-09-03 08:18:56 DEBUG    [SA_03] INITIAL ITEM: phrase_code = en phrase_locale = en-US phrase_voice = en-US-JennyNeural
2026-09-03 08:18:56 DEBUG    [SA_03] INITIAL SOURCE: language = en locale = en-US voice = 
2026-09-03 08:19:08 DEBUG    [SA_03] Button: db
2026-09-03 08:19:09 INFO     [SA_03] Database sets loaded: 17
2026-09-03 08:19:09 DEBUG    [SA_03] Selected set: English A2-23
2026-09-03 08:20:17 DEBUG    [SA_03] Button: settings
2026-09-03 08:20:17 DEBUG    [SA_03] INITIAL ITEM: phrase_code = en phrase_locale = en-US phrase_voice = en-US-JennyNeural
2026-09-03 08:20:17 DEBUG    [SA_03] INITIAL SOURCE: language = en locale = en-US voice = 
2026-09-03 08:20:17 DEBUG    [SA_03] Target language: en
2026-09-03 08:20:18 DEBUG    [SA_03] Target locale: en-US
2026-09-03 08:21:16 INFO     [SA_03] Finsh Application
2026-09-03 09:52:49 INFO     [SA_03] Start Application
2026-09-03 09:52:50 DEBUG    [SA_03] INITIAL ITEM: phrase_code = en phrase_locale = en-US phrase_voice = en-US-JennyNeural
2026-09-03 09:52:50 DEBUG    [SA_03] INITIAL SOURCE: language = en locale = en-US voice = 
2026-09-03 09:52:51 DEBUG    [SA_03] Button: db
2026-09-03 09:52:52 INFO     [SA_03] Database sets loaded: 17
2026-09-03 09:52:52 DEBUG    [SA_03] Selected set: English A2-23
2026-09-03 09:53:06 DEBUG    [SA_03] Selected set: Polisн  B2 001
2026-09-03 09:53:31 DEBUG    [SA_03] Button: settings
2026-09-03 09:53:31 DEBUG    [SA_03] INITIAL ITEM: phrase_code = en phrase_locale = en-US phrase_voice = en-US-JennyNeural
2026-09-03 09:53:31 DEBUG    [SA_03] INITIAL SOURCE: language = en locale = en-US voice = 
2026-09-03 09:53:31 DEBUG    [SA_03] Target language: en
2026-09-03 09:53:31 DEBUG    [SA_03] Target locale: en-US
2026-09-03 09:53:54 INFO     [SA_03] Finsh Application
2026-09-03 09:54:01 INFO     [SA_03] Start Application
2026-09-03 09:54:01 DEBUG    [SA_03] INITIAL ITEM: phrase_code = en phrase_locale = en-US phrase_voice = en-US-JennyNeural
2026-09-03 09:54:01 DEBUG    [SA_03] INITIAL SOURCE: language = en locale = en-US voice = 
2026-09-03 09:54:02 DEBUG    [SA_03] Button: settings
2026-09-03 09:54:02 DEBUG    [SA_03] INITIAL ITEM: phrase_code = en phrase_locale = en-US phrase_voice = en-US-JennyNeural
2026-09-03 09:54:02 DEBUG    [SA_03] INITIAL SOURCE: language = en locale = en-US voice = 
2026-09-03 09:54:02 DEBUG    [SA_03] Target language: en
2026-09-03 09:54:03 DEBUG    [SA_03] Target locale: en-US
2026-09-03 09:54:14 DEBUG    [SA_03] Button: db
2026-09-03 09:54:14 INFO     [SA_03] Database sets loaded: 17
2026-09-03 09:54:14 DEBUG    [SA_03] Selected set: English A2-23
2026-09-03 09:54:28 DEBUG    [SA_03] Button: settings
2026-09-03 09:54:28 DEBUG    [SA_03] INITIAL ITEM: phrase_code = en phrase_locale = en-US phrase_voice = en-US-JennyNeural
2026-09-03 09:54:28 DEBUG    [SA_03] INITIAL SOURCE: language = en locale = en-US voice = 
2026-09-03 09:54:29 DEBUG    [SA_03] Target language: en
2026-09-03 09:54:29 DEBUG    [SA_03] Target locale: en-US
2026-09-03 09:54:52 INFO     [SA_03] Finsh Application
2026-09-03 09:54:56 INFO     [SA_03] Start Application
2026-09-03 09:54:56 DEBUG    [SA_03] INITIAL ITEM: phrase_code = en phrase_locale = en-US phrase_voice = en-US-JennyNeural
2026-09-03 09:54:56 DEBUG    [SA_03] INITIAL SOURCE: language = en locale = en-US voice = 
2026-09-03 09:55:03 DEBUG    [SA_03] Button: db
2026-09-03 09:55:04 INFO     [SA_03] Database sets loaded: 17
2026-09-03 09:55:04 DEBUG    [SA_03] Selected set: English A2-23
2026-09-03 09:57:14 INFO     [SA_03] Finsh Application
2026-09-03 09:57:18 INFO     [SA_03] Start Application
2026-09-03 09:57:18 DEBUG    [SA_03] INITIAL ITEM: phrase_code = en phrase_locale = en-US phrase_voice = en-US-JennyNeural
2026-09-03 09:57:18 DEBUG    [SA_03] INITIAL SOURCE: language = en locale = en-US voice = 
2026-09-03 09:57:20 DEBUG    [SA_03] Button: db
2026-09-03 09:57:21 INFO     [SA_03] Database sets loaded: 17
2026-09-03 09:57:21 DEBUG    [SA_03] Selected set: English A2-23
2026-09-03 09:57:35 DEBUG    [SA_03] Selected set: Guest Session
2026-09-03 09:57:40 INFO     [SA_03] Finsh Application
2026-09-03 09:59:35 INFO     [SA_03] Start Application
2026-09-03 09:59:35 DEBUG    [SA_03] INITIAL ITEM: phrase_code = en phrase_locale = en-US phrase_voice = en-US-JennyNeural
2026-09-03 09:59:35 DEBUG    [SA_03] INITIAL SOURCE: language = en locale = en-US voice = 
2026-09-03 09:59:37 DEBUG    [SA_03] Button: settings
2026-09-03 09:59:37 DEBUG    [SA_03] INITIAL ITEM: phrase_code = en phrase_locale = en-US phrase_voice = en-US-JennyNeural
2026-09-03 09:59:37 DEBUG    [SA_03] INITIAL SOURCE: language = en locale = en-US voice = 
2026-09-03 09:59:37 DEBUG    [SA_03] Target language: en
2026-09-03 09:59:37 DEBUG    [SA_03] Target locale: en-US
2026-09-03 10:00:00 INFO     [SA_03] Finsh Application
2026-09-03 10:02:33 INFO     [SA_03] Start Application
2026-09-03 10:02:33 DEBUG    [SA_03] INITIAL ITEM: phrase_code = en phrase_locale = en-US phrase_voice = en-US-JennyNeural
2026-09-03 10:02:33 DEBUG    [SA_03] INITIAL SOURCE: language = en locale = en-US voice = 
2026-09-03 10:02:35 DEBUG    [SA_03] Button: settings
2026-09-03 10:02:35 DEBUG    [SA_03] INITIAL ITEM: phrase_code = en phrase_locale = en-US phrase_voice = en-US-JennyNeural
2026-09-03 10:02:35 DEBUG    [SA_03] INITIAL SOURCE: language = en locale = en-US voice = 
2026-09-03 10:02:35 DEBUG    [SA_03] Target language: en
2026-09-03 10:02:36 DEBUG    [SA_03] Target locale: en-US
2026-09-03 10:02:43 DEBUG    [SA_03] Button: db
2026-09-03 10:02:44 INFO     [SA_03] Database sets loaded: 17
2026-09-03 10:02:44 DEBUG    [SA_03] Selected set: English A2-23
2026-09-03 10:03:18 INFO     [SA_03] Finsh Application
2026-09-03 10:03:27 INFO     [SA_03] Start Application
2026-09-03 10:03:27 DEBUG    [SA_03] INITIAL ITEM: phrase_code = en phrase_locale = en-US phrase_voice = en-US-JennyNeural
2026-09-03 10:03:27 DEBUG    [SA_03] INITIAL SOURCE: language = en locale = en-US voice = 
2026-09-03 10:03:30 DEBUG    [SA_03] Button: settings
2026-09-03 10:03:30 DEBUG    [SA_03] INITIAL ITEM: phrase_code = en phrase_locale = en-US phrase_voice = en-US-JennyNeural
2026-09-03 10:03:30 DEBUG    [SA_03] INITIAL SOURCE: language = en locale = en-US voice = 
2026-09-03 10:03:30 DEBUG    [SA_03] Target language: en
2026-09-03 10:03:31 DEBUG    [SA_03] Target locale: en-US
2026-09-03 10:03:40 DEBUG    [SA_03] Button: db
2026-09-03 10:03:41 INFO     [SA_03] Database sets loaded: 17
2026-09-03 10:03:41 DEBUG    [SA_03] Selected set: English A2-23
2026-09-03 10:05:14 INFO     [SA_03] Finsh Application
2026-09-03 10:11:04 INFO     [SA_03] Start Application
2026-09-03 10:11:04 DEBUG    [SA_03] INITIAL ITEM: phrase_code = en phrase_locale = en-US phrase_voice = en-US-JennyNeural
2026-09-03 10:11:04 DEBUG    [SA_03] INITIAL SOURCE: language = en locale = en-US voice = 
2026-09-03 10:11:06 DEBUG    [SA_03] Button: db
2026-09-03 10:11:07 INFO     [SA_03] Database sets loaded: 17
2026-09-03 10:11:07 DEBUG    [SA_03] Selected set: English A2-23
2026-09-03 10:12:39 DEBUG    [SA_03] Selected set: Dictation - dictation
2026-09-03 10:12:44 DEBUG    [SA_03] Button: dbtoset
2026-09-03 10:12:45 INFO     [SA_03] Set loaded into session: 23
2026-09-03 10:12:50 DEBUG    [SA_03] Button: play
2026-09-03 10:12:50 DEBUG    [SA_03] PREPARE_ITEM #0
2026-09-03 10:12:50 DEBUG    [SA_03] ACTION: {'action': 'SHOW', 'target': 'top', 'content': 'phrase_text'}
2026-09-03 10:12:50 DEBUG    [SA_03] ACTION: {'action': 'PLAY', 'source': 'phrase_text'}
2026-09-03 10:12:50 DEBUG    [SA_03] AudioProvider: CACHE MISS
2026-09-03 10:12:54 DEBUG    [SA_03] TEXT PLAY
2026-09-03 10:12:56 DEBUG    [SA_03] TEXT_END
2026-09-03 10:12:56 DEBUG    [SA_03] ACTION: {'action': 'WAIT', 'source': 'pause_before_translation'}
2026-09-03 10:13:03 DEBUG    [SA_03] PAUSE_END
2026-09-03 10:13:03 DEBUG    [SA_03] ACTION: {'action': 'SHOW', 'target': 'bottom', 'content': 'translate_text'}
2026-09-03 10:13:03 DEBUG    [SA_03] ACTION: {'action': 'PLAY', 'source': 'translate_text'}
2026-09-03 10:13:03 DEBUG    [SA_03] Translation audio skipped: empty translate_text
2026-09-03 10:13:03 DEBUG    [SA_03] TRANSLATION SKIPPED
2026-09-03 10:13:03 DEBUG    [SA_03] ACTION: {'action': 'WAIT', 'source': 'pause_between_sentences'}
2026-09-03 10:13:05 DEBUG    [SA_03] PAUSE_END
2026-09-03 10:13:05 DEBUG    [SA_03] ACTION: {'action': 'HIDE', 'target': 'top'}
2026-09-03 10:13:05 DEBUG    [SA_03] ACTION: {'action': 'HIDE', 'target': 'bottom'}
2026-09-03 10:13:05 INFO     [SA_03] SCENARIO FINISHED
2026-09-03 10:13:05 DEBUG    [SA_03] FINISH_ITEM: repeat 1/1
2026-09-03 10:13:05 DEBUG    [SA_03] PREPARE_ITEM #1
2026-09-03 10:13:05 DEBUG    [SA_03] ACTION: {'action': 'SHOW', 'target': 'top', 'content': 'phrase_text'}
2026-09-03 10:13:05 DEBUG    [SA_03] ACTION: {'action': 'PLAY', 'source': 'phrase_text'}
2026-09-03 10:13:05 DEBUG    [SA_03] AudioProvider: CACHE MISS
2026-09-03 10:13:08 DEBUG    [SA_03] TEXT PLAY
2026-09-03 10:13:11 DEBUG    [SA_03] TEXT_END
2026-09-03 10:13:11 DEBUG    [SA_03] ACTION: {'action': 'WAIT', 'source': 'pause_before_translation'}
2026-09-03 10:13:18 DEBUG    [SA_03] Button: settings
2026-09-03 10:13:18 DEBUG    [SA_03] INITIAL ITEM: phrase_code = pl phrase_locale = pl-PL phrase_voice = pl-PL-ZofiaNeural
2026-09-03 10:13:18 DEBUG    [SA_03] INITIAL SOURCE: language = pl locale = pl-PL voice = 
2026-09-03 10:13:18 DEBUG    [SA_03] Target language: en
2026-09-03 10:13:18 DEBUG    [SA_03] Target locale: en-US
2026-09-03 10:13:19 DEBUG    [SA_03] PAUSE_END
2026-09-03 10:13:19 DEBUG    [SA_03] ACTION: {'action': 'SHOW', 'target': 'bottom', 'content': 'translate_text'}
2026-09-03 10:13:20 DEBUG    [SA_03] ACTION: {'action': 'PLAY', 'source': 'translate_text'}
2026-09-03 10:13:20 DEBUG    [SA_03] Translation audio skipped: empty translate_text
2026-09-03 10:13:20 DEBUG    [SA_03] TRANSLATION SKIPPED
2026-09-03 10:13:20 DEBUG    [SA_03] ACTION: {'action': 'WAIT', 'source': 'pause_between_sentences'}
2026-09-03 10:13:20 DEBUG    [SA_03] Scenario: dictation
2026-09-03 10:13:22 DEBUG    [SA_03] PAUSE_END
2026-09-03 10:13:22 DEBUG    [SA_03] ACTION: {'action': 'HIDE', 'target': 'top'}
2026-09-03 10:13:22 DEBUG    [SA_03] ACTION: {'action': 'HIDE', 'target': 'bottom'}
2026-09-03 10:13:22 INFO     [SA_03] SCENARIO FINISHED
2026-09-03 10:13:22 DEBUG    [SA_03] FINISH_ITEM: repeat 1/1
2026-09-03 10:13:22 DEBUG    [SA_03] PREPARE_ITEM #2
2026-09-03 10:13:22 DEBUG    [SA_03] ACTION: {'action': 'SHOW', 'target': 'top', 'content': 'phrase_text'}
2026-09-03 10:13:22 DEBUG    [SA_03] ACTION: {'action': 'PLAY', 'source': 'phrase_text'}
2026-09-03 10:13:22 DEBUG    [SA_03] AudioProvider: CACHE MISS
2026-09-03 10:13:24 DEBUG    [SA_03] Button: play
2026-09-03 10:13:24 DEBUG    [SA_03] PREPARE_ITEM #2
2026-09-03 10:13:24 DEBUG    [SA_03] ACTION: {'action': 'HIDE', 'target': 'bottom'}
2026-09-03 10:13:24 DEBUG    [SA_03] ACTION: {'action': 'SHOW', 'target': 'top', 'content': 'phrase_text'}
2026-09-03 10:13:24 DEBUG    [SA_03] ACTION: {'action': 'PLAY', 'source': 'phrase_text'}
2026-09-03 10:13:24 DEBUG    [SA_03] TEXT PLAY
2026-09-03 10:13:29 DEBUG    [SA_03] TEXT_END
2026-09-03 10:13:29 DEBUG    [SA_03] ACTION: {'action': 'WAIT', 'source': 'pause_before_translation'}
2026-09-03 10:13:39 DEBUG    [SA_03] PAUSE_END
2026-09-03 10:13:39 DEBUG    [SA_03] ACTION: {'action': 'HIDE', 'target': 'top'}
2026-09-03 10:13:39 INFO     [SA_03] SCENARIO FINISHED
2026-09-03 10:13:39 DEBUG    [SA_03] FINISH_ITEM: repeat 1/1
2026-09-03 10:13:39 DEBUG    [SA_03] PREPARE_ITEM #3
2026-09-03 10:13:39 DEBUG    [SA_03] ACTION: {'action': 'HIDE', 'target': 'bottom'}
2026-09-03 10:13:39 DEBUG    [SA_03] ACTION: {'action': 'SHOW', 'target': 'top', 'content': 'phrase_text'}
2026-09-03 10:13:39 DEBUG    [SA_03] ACTION: {'action': 'PLAY', 'source': 'phrase_text'}
2026-09-03 10:13:39 DEBUG    [SA_03] AudioProvider: CACHE MISS
2026-09-03 10:13:42 DEBUG    [SA_03] TEXT PLAY
2026-09-03 10:13:45 DEBUG    [SA_03] TEXT_END
2026-09-03 10:13:45 DEBUG    [SA_03] ACTION: {'action': 'WAIT', 'source': 'pause_before_translation'}
2026-09-03 10:13:52 DEBUG    [SA_03] PAUSE_END
2026-09-03 10:13:52 DEBUG    [SA_03] ACTION: {'action': 'HIDE', 'target': 'top'}
2026-09-03 10:13:52 INFO     [SA_03] SCENARIO FINISHED
2026-09-03 10:13:52 DEBUG    [SA_03] FINISH_ITEM: repeat 1/1
2026-09-03 10:13:52 DEBUG    [SA_03] PREPARE_ITEM #4
2026-09-03 10:13:52 DEBUG    [SA_03] ACTION: {'action': 'HIDE', 'target': 'bottom'}
2026-09-03 10:13:52 DEBUG    [SA_03] ACTION: {'action': 'SHOW', 'target': 'top', 'content': 'phrase_text'}
2026-09-03 10:13:52 DEBUG    [SA_03] ACTION: {'action': 'PLAY', 'source': 'phrase_text'}
2026-09-03 10:13:52 DEBUG    [SA_03] AudioProvider: CACHE MISS
2026-09-03 10:13:55 DEBUG    [SA_03] TEXT PLAY
2026-09-03 10:13:58 DEBUG    [SA_03] TEXT_END
2026-09-03 10:13:58 DEBUG    [SA_03] ACTION: {'action': 'WAIT', 'source': 'pause_before_translation'}
2026-09-03 10:14:06 DEBUG    [SA_03] PAUSE_END
2026-09-03 10:14:06 DEBUG    [SA_03] ACTION: {'action': 'HIDE', 'target': 'top'}
2026-09-03 10:14:06 INFO     [SA_03] SCENARIO FINISHED
2026-09-03 10:14:06 DEBUG    [SA_03] FINISH_ITEM: repeat 1/1
2026-09-03 10:14:06 DEBUG    [SA_03] PREPARE_ITEM #5
2026-09-03 10:14:06 DEBUG    [SA_03] ACTION: {'action': 'HIDE', 'target': 'bottom'}
2026-09-03 10:14:06 DEBUG    [SA_03] ACTION: {'action': 'SHOW', 'target': 'top', 'content': 'phrase_text'}
2026-09-03 10:14:06 DEBUG    [SA_03] ACTION: {'action': 'PLAY', 'source': 'phrase_text'}
2026-09-03 10:14:06 DEBUG    [SA_03] AudioProvider: CACHE MISS
2026-09-03 10:14:08 DEBUG    [SA_03] TEXT PLAY
2026-09-03 10:14:10 DEBUG    [SA_03] TEXT_END
2026-09-03 10:14:10 DEBUG    [SA_03] ACTION: {'action': 'WAIT', 'source': 'pause_before_translation'}
2026-09-03 10:14:19 DEBUG    [SA_03] PAUSE_END
2026-09-03 10:14:19 DEBUG    [SA_03] ACTION: {'action': 'HIDE', 'target': 'top'}
2026-09-03 10:14:19 INFO     [SA_03] SCENARIO FINISHED
2026-09-03 10:14:19 DEBUG    [SA_03] FINISH_ITEM: repeat 1/1
2026-09-03 10:14:19 DEBUG    [SA_03] PREPARE_ITEM #6
2026-09-03 10:14:19 DEBUG    [SA_03] ACTION: {'action': 'HIDE', 'target': 'bottom'}
2026-09-03 10:14:19 DEBUG    [SA_03] ACTION: {'action': 'SHOW', 'target': 'top', 'content': 'phrase_text'}
2026-09-03 10:14:19 DEBUG    [SA_03] ACTION: {'action': 'PLAY', 'source': 'phrase_text'}
2026-09-03 10:14:19 DEBUG    [SA_03] AudioProvider: CACHE MISS
2026-09-03 10:14:22 DEBUG    [SA_03] TEXT PLAY
2026-09-03 10:14:25 DEBUG    [SA_03] TEXT_END
2026-09-03 10:14:25 DEBUG    [SA_03] ACTION: {'action': 'WAIT', 'source': 'pause_before_translation'}
2026-09-03 10:14:30 DEBUG    [SA_03] PAUSE_END
2026-09-03 10:14:30 DEBUG    [SA_03] ACTION: {'action': 'HIDE', 'target': 'top'}
2026-09-03 10:14:30 INFO     [SA_03] SCENARIO FINISHED
2026-09-03 10:14:30 DEBUG    [SA_03] FINISH_ITEM: repeat 1/1
2026-09-03 10:14:31 DEBUG    [SA_03] PREPARE_ITEM #7
2026-09-03 10:14:31 DEBUG    [SA_03] ACTION: {'action': 'HIDE', 'target': 'bottom'}
2026-09-03 10:14:31 DEBUG    [SA_03] ACTION: {'action': 'SHOW', 'target': 'top', 'content': 'phrase_text'}
2026-09-03 10:14:31 DEBUG    [SA_03] ACTION: {'action': 'PLAY', 'source': 'phrase_text'}
2026-09-03 10:14:31 DEBUG    [SA_03] AudioProvider: CACHE MISS
2026-09-03 10:14:33 DEBUG    [SA_03] TEXT PLAY
2026-09-03 10:14:37 DEBUG    [SA_03] TEXT_END
2026-09-03 10:14:37 DEBUG    [SA_03] ACTION: {'action': 'WAIT', 'source': 'pause_before_translation'}
2026-09-03 10:14:47 DEBUG    [SA_03] PAUSE_END
2026-09-03 10:14:47 DEBUG    [SA_03] ACTION: {'action': 'HIDE', 'target': 'top'}
2026-09-03 10:14:47 INFO     [SA_03] SCENARIO FINISHED
2026-09-03 10:14:47 DEBUG    [SA_03] FINISH_ITEM: repeat 1/1
2026-09-03 10:14:47 DEBUG    [SA_03] PREPARE_ITEM #8
2026-09-03 10:14:47 DEBUG    [SA_03] ACTION: {'action': 'HIDE', 'target': 'bottom'}
2026-09-03 10:14:47 DEBUG    [SA_03] ACTION: {'action': 'SHOW', 'target': 'top', 'content': 'phrase_text'}
2026-09-03 10:14:47 DEBUG    [SA_03] ACTION: {'action': 'PLAY', 'source': 'phrase_text'}
2026-09-03 10:14:47 DEBUG    [SA_03] AudioProvider: CACHE MISS
2026-09-03 10:14:50 DEBUG    [SA_03] TEXT PLAY
2026-09-03 10:14:53 DEBUG    [SA_03] TEXT_END
2026-09-03 10:14:53 DEBUG    [SA_03] ACTION: {'action': 'WAIT', 'source': 'pause_before_translation'}
2026-09-03 10:15:00 DEBUG    [SA_03] PAUSE_END
2026-09-03 10:15:00 DEBUG    [SA_03] ACTION: {'action': 'HIDE', 'target': 'top'}
2026-09-03 10:15:00 INFO     [SA_03] SCENARIO FINISHED
2026-09-03 10:15:00 DEBUG    [SA_03] FINISH_ITEM: repeat 1/1
2026-09-03 10:15:00 DEBUG    [SA_03] PREPARE_ITEM #9
2026-09-03 10:15:00 DEBUG    [SA_03] ACTION: {'action': 'HIDE', 'target': 'bottom'}
2026-09-03 10:15:00 DEBUG    [SA_03] ACTION: {'action': 'SHOW', 'target': 'top', 'content': 'phrase_text'}
2026-09-03 10:15:00 DEBUG    [SA_03] ACTION: {'action': 'PLAY', 'source': 'phrase_text'}
2026-09-03 10:15:00 DEBUG    [SA_03] AudioProvider: CACHE MISS
2026-09-03 10:15:02 DEBUG    [SA_03] TEXT PLAY
2026-09-03 10:15:05 DEBUG    [SA_03] TEXT_END
2026-09-03 10:15:05 DEBUG    [SA_03] ACTION: {'action': 'WAIT', 'source': 'pause_before_translation'}
2026-09-03 10:15:13 DEBUG    [SA_03] PAUSE_END
2026-09-03 10:15:13 DEBUG    [SA_03] ACTION: {'action': 'HIDE', 'target': 'top'}
2026-09-03 10:15:13 INFO     [SA_03] SCENARIO FINISHED
2026-09-03 10:15:14 DEBUG    [SA_03] FINISH_ITEM: repeat 1/1
2026-09-03 10:15:14 DEBUG    [SA_03] PREPARE_ITEM #10
2026-09-03 10:15:14 DEBUG    [SA_03] ACTION: {'action': 'HIDE', 'target': 'bottom'}
2026-09-03 10:15:14 DEBUG    [SA_03] ACTION: {'action': 'SHOW', 'target': 'top', 'content': 'phrase_text'}
2026-09-03 10:15:14 DEBUG    [SA_03] ACTION: {'action': 'PLAY', 'source': 'phrase_text'}
2026-09-03 10:15:14 DEBUG    [SA_03] AudioProvider: CACHE MISS
2026-09-03 10:15:15 DEBUG    [SA_03] TEXT PLAY
2026-09-03 10:15:19 DEBUG    [SA_03] TEXT_END
2026-09-03 10:15:19 DEBUG    [SA_03] ACTION: {'action': 'WAIT', 'source': 'pause_before_translation'}
2026-09-03 10:15:29 DEBUG    [SA_03] PAUSE_END
2026-09-03 10:15:29 DEBUG    [SA_03] ACTION: {'action': 'HIDE', 'target': 'top'}
2026-09-03 10:15:29 INFO     [SA_03] SCENARIO FINISHED
2026-09-03 10:15:29 DEBUG    [SA_03] FINISH_ITEM: repeat 1/1
2026-09-03 10:15:29 DEBUG    [SA_03] PREPARE_ITEM #11
2026-09-03 10:15:29 DEBUG    [SA_03] ACTION: {'action': 'HIDE', 'target': 'bottom'}
2026-09-03 10:15:29 DEBUG    [SA_03] ACTION: {'action': 'SHOW', 'target': 'top', 'content': 'phrase_text'}
2026-09-03 10:15:29 DEBUG    [SA_03] ACTION: {'action': 'PLAY', 'source': 'phrase_text'}
2026-09-03 10:15:29 DEBUG    [SA_03] AudioProvider: CACHE MISS
2026-09-03 10:15:30 DEBUG    [SA_03] TEXT PLAY
2026-09-03 10:15:34 DEBUG    [SA_03] TEXT_END
2026-09-03 10:15:34 DEBUG    [SA_03] ACTION: {'action': 'WAIT', 'source': 'pause_before_translation'}
2026-09-03 10:15:44 DEBUG    [SA_03] PAUSE_END
2026-09-03 10:15:44 DEBUG    [SA_03] ACTION: {'action': 'HIDE', 'target': 'top'}
2026-09-03 10:15:44 INFO     [SA_03] SCENARIO FINISHED
2026-09-03 10:15:44 DEBUG    [SA_03] FINISH_ITEM: repeat 1/1
2026-09-03 10:15:44 DEBUG    [SA_03] PREPARE_ITEM #12
2026-09-03 10:15:44 DEBUG    [SA_03] ACTION: {'action': 'HIDE', 'target': 'bottom'}
2026-09-03 10:15:44 DEBUG    [SA_03] ACTION: {'action': 'SHOW', 'target': 'top', 'content': 'phrase_text'}
2026-09-03 10:15:44 DEBUG    [SA_03] ACTION: {'action': 'PLAY', 'source': 'phrase_text'}
2026-09-03 10:15:44 DEBUG    [SA_03] AudioProvider: CACHE MISS
2026-09-03 10:15:47 DEBUG    [SA_03] TEXT PLAY
2026-09-03 10:15:50 DEBUG    [SA_03] TEXT_END
2026-09-03 10:15:50 DEBUG    [SA_03] ACTION: {'action': 'WAIT', 'source': 'pause_before_translation'}
2026-09-03 10:15:59 DEBUG    [SA_03] PAUSE_END
2026-09-03 10:15:59 DEBUG    [SA_03] ACTION: {'action': 'HIDE', 'target': 'top'}
2026-09-03 10:15:59 INFO     [SA_03] SCENARIO FINISHED
2026-09-03 10:15:59 DEBUG    [SA_03] FINISH_ITEM: repeat 1/1
2026-09-03 10:15:59 DEBUG    [SA_03] PLAYBACK_FINISHED
2026-09-03 10:16:03 DEBUG    [SA_03] Button: prev
2026-09-03 10:16:05 DEBUG    [SA_03] Button: play
2026-09-03 10:16:05 DEBUG    [SA_03] PREPARE_ITEM #11
2026-09-03 10:16:05 DEBUG    [SA_03] ACTION: {'action': 'HIDE', 'target': 'bottom'}
2026-09-03 10:16:05 DEBUG    [SA_03] ACTION: {'action': 'SHOW', 'target': 'top', 'content': 'phrase_text'}
2026-09-03 10:16:05 DEBUG    [SA_03] ACTION: {'action': 'PLAY', 'source': 'phrase_text'}
2026-09-03 10:16:05 DEBUG    [SA_03] AudioProvider: CACHE HIT
2026-09-03 10:16:05 DEBUG    [SA_03] TEXT PLAY
2026-09-03 10:16:09 DEBUG    [SA_03] TEXT_END
2026-09-03 10:16:09 DEBUG    [SA_03] ACTION: {'action': 'WAIT', 'source': 'pause_before_translation'}
2026-09-03 10:16:10 DEBUG    [SA_03] Button: next
2026-09-03 10:16:10 DEBUG    [SA_03] PREPARE_ITEM #12
2026-09-03 10:16:10 DEBUG    [SA_03] ACTION: {'action': 'HIDE', 'target': 'bottom'}
2026-09-03 10:16:10 DEBUG    [SA_03] ACTION: {'action': 'SHOW', 'target': 'top', 'content': 'phrase_text'}
2026-09-03 10:16:10 DEBUG    [SA_03] ACTION: {'action': 'PLAY', 'source': 'phrase_text'}
2026-09-03 10:16:10 DEBUG    [SA_03] AudioProvider: CACHE HIT
2026-09-03 10:16:10 DEBUG    [SA_03] TEXT PLAY
2026-09-03 10:16:13 DEBUG    [SA_03] TEXT_END
2026-09-03 10:16:13 DEBUG    [SA_03] ACTION: {'action': 'WAIT', 'source': 'pause_before_translation'}
2026-09-03 10:16:14 DEBUG    [SA_03] Button: pause
2026-09-03 10:17:19 DEBUG    [SA_03] Button: db
2026-09-03 10:17:20 INFO     [SA_03] Database sets loaded: 17
2026-09-03 10:17:20 DEBUG    [SA_03] Selected set: English A2-23
2026-09-03 10:18:15 DEBUG    [SA_03] Button: dbtoset
2026-09-03 10:18:16 INFO     [SA_03] Set loaded into session: 1
2026-09-03 10:18:21 DEBUG    [SA_03] Button: play
2026-09-03 10:18:21 DEBUG    [SA_03] PREPARE_ITEM #0
2026-09-03 10:18:22 DEBUG    [SA_03] ACTION: {'action': 'HIDE', 'target': 'bottom'}
2026-09-03 10:18:22 DEBUG    [SA_03] ACTION: {'action': 'SHOW', 'target': 'top', 'content': 'phrase_text'}
2026-09-03 10:18:22 DEBUG    [SA_03] ACTION: {'action': 'PLAY', 'source': 'phrase_text'}
2026-09-03 10:18:22 DEBUG    [SA_03] AudioProvider: CACHE HIT
2026-09-03 10:18:22 DEBUG    [SA_03] TEXT PLAY
2026-09-03 10:18:26 DEBUG    [SA_03] TEXT_END
2026-09-03 10:18:26 DEBUG    [SA_03] ACTION: {'action': 'WAIT', 'source': 'pause_before_translation'}
2026-09-03 10:18:29 DEBUG    [SA_03] PAUSE_END
2026-09-03 10:18:29 DEBUG    [SA_03] ACTION: {'action': 'HIDE', 'target': 'top'}
2026-09-03 10:18:29 INFO     [SA_03] SCENARIO FINISHED
2026-09-03 10:18:29 DEBUG    [SA_03] FINISH_ITEM: repeat 1/1
2026-09-03 10:18:29 DEBUG    [SA_03] PREPARE_ITEM #1
2026-09-03 10:18:29 DEBUG    [SA_03] ACTION: {'action': 'HIDE', 'target': 'bottom'}
2026-09-03 10:18:29 DEBUG    [SA_03] ACTION: {'action': 'SHOW', 'target': 'top', 'content': 'phrase_text'}
2026-09-03 10:18:29 DEBUG    [SA_03] ACTION: {'action': 'PLAY', 'source': 'phrase_text'}
2026-09-03 10:18:29 DEBUG    [SA_03] AudioProvider: CACHE HIT
2026-09-03 10:18:29 DEBUG    [SA_03] TEXT PLAY
2026-09-03 10:18:33 DEBUG    [SA_03] Button: pause
2026-09-03 10:18:38 DEBUG    [SA_03] Button: db
2026-09-03 10:18:39 INFO     [SA_03] Database sets loaded: 17
2026-09-03 10:18:39 DEBUG    [SA_03] Selected set: English A2-23
2026-09-03 10:18:42 DEBUG    [SA_03] Button: login
2026-09-03 10:19:45 INFO     [SA_03] Database sets loaded: 1
2026-09-03 10:19:45 DEBUG    [SA_03] Selected set: Client Test
2026-09-03 10:19:49 DEBUG    [SA_03] Selected set: Client Test
2026-09-03 10:19:52 DEBUG    [SA_03] Button: dbtoset
2026-09-03 10:19:53 INFO     [SA_03] Set loaded into session: 36
2026-09-03 10:19:58 DEBUG    [SA_03] Button: play
2026-09-03 10:19:58 DEBUG    [SA_03] PREPARE_ITEM #0
2026-09-03 10:19:58 DEBUG    [SA_03] ACTION: {'action': 'HIDE', 'target': 'bottom'}
2026-09-03 10:19:58 DEBUG    [SA_03] ACTION: {'action': 'SHOW', 'target': 'top', 'content': 'phrase_text'}
2026-09-03 10:19:58 DEBUG    [SA_03] ACTION: {'action': 'PLAY', 'source': 'phrase_text'}
2026-09-03 10:19:58 DEBUG    [SA_03] AudioProvider: CACHE HIT
2026-09-03 10:19:58 DEBUG    [SA_03] TEXT PLAY
2026-09-03 10:19:59 DEBUG    [SA_03] TEXT_END
2026-09-03 10:19:59 DEBUG    [SA_03] ACTION: {'action': 'WAIT', 'source': 'pause_before_translation'}
2026-09-03 10:20:02 DEBUG    [SA_03] PAUSE_END
2026-09-03 10:20:02 DEBUG    [SA_03] ACTION: {'action': 'HIDE', 'target': 'top'}
2026-09-03 10:20:02 INFO     [SA_03] SCENARIO FINISHED
2026-09-03 10:20:02 DEBUG    [SA_03] FINISH_ITEM: repeat 1/1
2026-09-03 10:20:02 DEBUG    [SA_03] PREPARE_ITEM #1
2026-09-03 10:20:02 DEBUG    [SA_03] ACTION: {'action': 'HIDE', 'target': 'bottom'}
2026-09-03 10:20:02 DEBUG    [SA_03] ACTION: {'action': 'SHOW', 'target': 'top', 'content': 'phrase_text'}
2026-09-03 10:20:02 DEBUG    [SA_03] ACTION: {'action': 'PLAY', 'source': 'phrase_text'}
2026-09-03 10:20:03 DEBUG    [SA_03] AudioProvider: CACHE HIT
2026-09-03 10:20:03 DEBUG    [SA_03] TEXT PLAY
2026-09-03 10:20:04 DEBUG    [SA_03] TEXT_END
2026-09-03 10:20:04 DEBUG    [SA_03] ACTION: {'action': 'WAIT', 'source': 'pause_before_translation'}
2026-09-03 10:20:06 DEBUG    [SA_03] PAUSE_END
2026-09-03 10:20:06 DEBUG    [SA_03] ACTION: {'action': 'HIDE', 'target': 'top'}
2026-09-03 10:20:06 INFO     [SA_03] SCENARIO FINISHED
2026-09-03 10:20:06 DEBUG    [SA_03] FINISH_ITEM: repeat 1/1
2026-09-03 10:20:06 DEBUG    [SA_03] PREPARE_ITEM #2
2026-09-03 10:20:06 DEBUG    [SA_03] ACTION: {'action': 'HIDE', 'target': 'bottom'}
2026-09-03 10:20:06 DEBUG    [SA_03] ACTION: {'action': 'SHOW', 'target': 'top', 'content': 'phrase_text'}
2026-09-03 10:20:06 DEBUG    [SA_03] ACTION: {'action': 'PLAY', 'source': 'phrase_text'}
2026-09-03 10:20:06 DEBUG    [SA_03] AudioProvider: CACHE HIT
2026-09-03 10:20:06 DEBUG    [SA_03] TEXT PLAY
2026-09-03 10:20:08 DEBUG    [SA_03] TEXT_END
2026-09-03 10:20:08 DEBUG    [SA_03] ACTION: {'action': 'WAIT', 'source': 'pause_before_translation'}
2026-09-03 10:20:12 DEBUG    [SA_03] PAUSE_END
2026-09-03 10:20:12 DEBUG    [SA_03] ACTION: {'action': 'HIDE', 'target': 'top'}
2026-09-03 10:20:12 INFO     [SA_03] SCENARIO FINISHED
2026-09-03 10:20:12 DEBUG    [SA_03] FINISH_ITEM: repeat 1/1
2026-09-03 10:20:12 DEBUG    [SA_03] PREPARE_ITEM #3
2026-09-03 10:20:12 DEBUG    [SA_03] ACTION: {'action': 'HIDE', 'target': 'bottom'}
2026-09-03 10:20:12 DEBUG    [SA_03] ACTION: {'action': 'SHOW', 'target': 'top', 'content': 'phrase_text'}
2026-09-03 10:20:12 DEBUG    [SA_03] ACTION: {'action': 'PLAY', 'source': 'phrase_text'}
2026-09-03 10:20:12 DEBUG    [SA_03] AudioProvider: CACHE HIT
2026-09-03 10:20:12 DEBUG    [SA_03] TEXT PLAY
2026-09-03 10:20:14 DEBUG    [SA_03] Button: settings
2026-09-03 10:20:14 DEBUG    [SA_03] INITIAL ITEM: phrase_code = fr phrase_locale = fr-FR phrase_voice = fr-FR-RemyMultilingualNeural
2026-09-03 10:20:14 DEBUG    [SA_03] INITIAL SOURCE: language = fr locale = fr-FR voice = 
2026-09-03 10:20:14 DEBUG    [SA_03] Target language: en
2026-09-03 10:20:14 DEBUG    [SA_03] Target locale: en-US
2026-09-03 10:20:15 DEBUG    [SA_03] TEXT_END
2026-09-03 10:20:15 DEBUG    [SA_03] ACTION: {'action': 'WAIT', 'source': 'pause_before_translation'}
2026-09-03 10:20:16 DEBUG    [SA_03] Scenario: shadowing
2026-09-03 10:20:19 DEBUG    [SA_03] PAUSE_END
2026-09-03 10:20:19 DEBUG    [SA_03] ACTION: {'action': 'HIDE', 'target': 'top'}
2026-09-03 10:20:19 INFO     [SA_03] SCENARIO FINISHED
2026-09-03 10:20:19 DEBUG    [SA_03] FINISH_ITEM: repeat 1/1
2026-09-03 10:20:19 DEBUG    [SA_03] PREPARE_ITEM #4
2026-09-03 10:20:19 DEBUG    [SA_03] ACTION: {'action': 'HIDE', 'target': 'bottom'}
2026-09-03 10:20:19 DEBUG    [SA_03] ACTION: {'action': 'SHOW', 'target': 'top', 'content': 'phrase_text'}
2026-09-03 10:20:19 DEBUG    [SA_03] ACTION: {'action': 'PLAY', 'source': 'phrase_text'}
2026-09-03 10:20:19 DEBUG    [SA_03] AudioProvider: CACHE HIT
2026-09-03 10:20:19 DEBUG    [SA_03] TEXT PLAY
2026-09-03 10:20:22 DEBUG    [SA_03] Button: prev
2026-09-03 10:20:22 DEBUG    [SA_03] PREPARE_ITEM #3
2026-09-03 10:20:22 DEBUG    [SA_03] ACTION: {'action': 'HIDE', 'target': 'bottom'}
2026-09-03 10:20:22 DEBUG    [SA_03] ACTION: {'action': 'SHOW', 'target': 'top', 'content': 'phrase_text'}
2026-09-03 10:20:22 DEBUG    [SA_03] ACTION: {'action': 'PLAY', 'source': 'phrase_text'}
2026-09-03 10:20:22 DEBUG    [SA_03] AudioProvider: CACHE HIT
2026-09-03 10:20:22 DEBUG    [SA_03] TEXT PLAY
2026-09-03 10:20:22 DEBUG    [SA_03] Button: prev
2026-09-03 10:20:22 DEBUG    [SA_03] PREPARE_ITEM #2
2026-09-03 10:20:22 DEBUG    [SA_03] ACTION: {'action': 'HIDE', 'target': 'bottom'}
2026-09-03 10:20:22 DEBUG    [SA_03] ACTION: {'action': 'SHOW', 'target': 'top', 'content': 'phrase_text'}
2026-09-03 10:20:22 DEBUG    [SA_03] ACTION: {'action': 'PLAY', 'source': 'phrase_text'}
2026-09-03 10:20:22 DEBUG    [SA_03] AudioProvider: CACHE HIT
2026-09-03 10:20:22 DEBUG    [SA_03] TEXT PLAY
2026-09-03 10:20:24 DEBUG    [SA_03] TEXT_END
2026-09-03 10:20:24 DEBUG    [SA_03] ACTION: {'action': 'WAIT', 'source': 'pause_before_translation'}
2026-09-03 10:20:28 DEBUG    [SA_03] PAUSE_END
2026-09-03 10:20:28 DEBUG    [SA_03] ACTION: {'action': 'HIDE', 'target': 'top'}
2026-09-03 10:20:28 INFO     [SA_03] SCENARIO FINISHED
2026-09-03 10:20:28 DEBUG    [SA_03] FINISH_ITEM: repeat 1/1
2026-09-03 10:20:28 DEBUG    [SA_03] PREPARE_ITEM #3
2026-09-03 10:20:28 DEBUG    [SA_03] ACTION: {'action': 'HIDE', 'target': 'bottom'}
2026-09-03 10:20:28 DEBUG    [SA_03] ACTION: {'action': 'SHOW', 'target': 'top', 'content': 'phrase_text'}
2026-09-03 10:20:28 DEBUG    [SA_03] ACTION: {'action': 'PLAY', 'source': 'phrase_text'}
2026-09-03 10:20:28 DEBUG    [SA_03] AudioProvider: CACHE HIT
2026-09-03 10:20:28 DEBUG    [SA_03] TEXT PLAY
2026-09-03 10:20:31 DEBUG    [SA_03] TEXT_END
2026-09-03 10:20:31 DEBUG    [SA_03] ACTION: {'action': 'WAIT', 'source': 'pause_before_translation'}
2026-09-03 10:20:36 DEBUG    [SA_03] PAUSE_END
2026-09-03 10:20:36 DEBUG    [SA_03] ACTION: {'action': 'HIDE', 'target': 'top'}
2026-09-03 10:20:36 INFO     [SA_03] SCENARIO FINISHED
2026-09-03 10:20:36 DEBUG    [SA_03] FINISH_ITEM: repeat 1/1
2026-09-03 10:20:36 DEBUG    [SA_03] PREPARE_ITEM #4
2026-09-03 10:20:36 DEBUG    [SA_03] ACTION: {'action': 'HIDE', 'target': 'bottom'}
2026-09-03 10:20:36 DEBUG    [SA_03] ACTION: {'action': 'SHOW', 'target': 'top', 'content': 'phrase_text'}
2026-09-03 10:20:36 DEBUG    [SA_03] ACTION: {'action': 'PLAY', 'source': 'phrase_text'}
2026-09-03 10:20:36 DEBUG    [SA_03] AudioProvider: CACHE HIT
2026-09-03 10:20:36 DEBUG    [SA_03] TEXT PLAY
2026-09-03 10:20:39 DEBUG    [SA_03] Button: settings
2026-09-03 10:20:39 DEBUG    [SA_03] INITIAL ITEM: phrase_code = fr phrase_locale = fr-FR phrase_voice = fr-FR-RemyMultilingualNeural
2026-09-03 10:20:39 DEBUG    [SA_03] INITIAL SOURCE: language = fr locale = fr-FR voice = 
2026-09-03 10:20:40 DEBUG    [SA_03] TEXT_END
2026-09-03 10:20:40 DEBUG    [SA_03] ACTION: {'action': 'WAIT', 'source': 'pause_before_translation'}
2026-09-03 10:20:40 DEBUG    [SA_03] Target language: en
2026-09-03 10:20:40 DEBUG    [SA_03] Target locale: en-US
2026-09-03 10:20:45 DEBUG    [SA_03] PAUSE_END
2026-09-03 10:20:45 DEBUG    [SA_03] ACTION: {'action': 'HIDE', 'target': 'top'}
2026-09-03 10:20:45 INFO     [SA_03] SCENARIO FINISHED
2026-09-03 10:20:45 DEBUG    [SA_03] FINISH_ITEM: repeat 1/1
2026-09-03 10:20:45 DEBUG    [SA_03] PREPARE_ITEM #5
2026-09-03 10:20:45 DEBUG    [SA_03] ACTION: {'action': 'HIDE', 'target': 'bottom'}
2026-09-03 10:20:45 DEBUG    [SA_03] ACTION: {'action': 'SHOW', 'target': 'top', 'content': 'phrase_text'}
2026-09-03 10:20:45 DEBUG    [SA_03] ACTION: {'action': 'PLAY', 'source': 'phrase_text'}
2026-09-03 10:20:45 DEBUG    [SA_03] AudioProvider: CACHE HIT
2026-09-03 10:20:45 DEBUG    [SA_03] TEXT PLAY
2026-09-03 10:20:47 DEBUG    [SA_03] Button: pause
2026-09-03 10:20:48 DEBUG    [SA_03] Button: first
2026-09-03 10:20:49 DEBUG    [SA_03] Button: play
2026-09-03 10:20:49 DEBUG    [SA_03] PREPARE_ITEM #0
2026-09-03 10:20:49 DEBUG    [SA_03] ACTION: {'action': 'SHOW', 'target': 'top', 'content': 'phrase_text'}
2026-09-03 10:20:49 DEBUG    [SA_03] ACTION: {'action': 'PLAY', 'source': 'phrase_text'}
2026-09-03 10:20:49 DEBUG    [SA_03] AudioProvider: CACHE HIT
2026-09-03 10:20:49 DEBUG    [SA_03] TEXT PLAY
2026-09-03 10:20:51 DEBUG    [SA_03] TEXT_END
2026-09-03 10:20:51 DEBUG    [SA_03] ACTION: {'action': 'WAIT', 'source': 'pause_before_translation'}
2026-09-03 10:20:54 DEBUG    [SA_03] PAUSE_END
2026-09-03 10:20:54 DEBUG    [SA_03] ACTION: {'action': 'SHOW', 'target': 'bottom', 'content': 'translate_text'}
2026-09-03 10:20:54 DEBUG    [SA_03] ACTION: {'action': 'PLAY', 'source': 'translate_text'}
2026-09-03 10:20:54 DEBUG    [SA_03] AudioProvider: CACHE HIT
2026-09-03 10:20:54 DEBUG    [SA_03] TRANSLATION PLAY
2026-09-03 10:20:56 DEBUG    [SA_03] TRANSLATION_END
2026-09-03 10:20:56 DEBUG    [SA_03] ACTION: {'action': 'WAIT', 'source': 'pause_between_sentences'}
2026-09-03 10:20:58 DEBUG    [SA_03] PAUSE_END
2026-09-03 10:20:58 DEBUG    [SA_03] ACTION: {'action': 'HIDE', 'target': 'top'}
2026-09-03 10:20:58 DEBUG    [SA_03] ACTION: {'action': 'HIDE', 'target': 'bottom'}
2026-09-03 10:20:58 INFO     [SA_03] SCENARIO FINISHED
2026-09-03 10:20:58 DEBUG    [SA_03] FINISH_ITEM: repeat 1/1
2026-09-03 10:20:58 DEBUG    [SA_03] PREPARE_ITEM #1
2026-09-03 10:20:58 DEBUG    [SA_03] ACTION: {'action': 'SHOW', 'target': 'top', 'content': 'phrase_text'}
2026-09-03 10:20:58 DEBUG    [SA_03] ACTION: {'action': 'PLAY', 'source': 'phrase_text'}
2026-09-03 10:20:58 DEBUG    [SA_03] AudioProvider: CACHE HIT
2026-09-03 10:20:58 DEBUG    [SA_03] TEXT PLAY
2026-09-03 10:21:00 DEBUG    [SA_03] TEXT_END
2026-09-03 10:21:00 DEBUG    [SA_03] ACTION: {'action': 'WAIT', 'source': 'pause_before_translation'}
2026-09-03 10:21:02 DEBUG    [SA_03] PAUSE_END
2026-09-03 10:21:02 DEBUG    [SA_03] ACTION: {'action': 'SHOW', 'target': 'bottom', 'content': 'translate_text'}
2026-09-03 10:21:02 DEBUG    [SA_03] ACTION: {'action': 'PLAY', 'source': 'translate_text'}
2026-09-03 10:21:02 DEBUG    [SA_03] AudioProvider: CACHE HIT
2026-09-03 10:21:02 DEBUG    [SA_03] TRANSLATION PLAY
2026-09-03 10:21:04 DEBUG    [SA_03] TRANSLATION_END
2026-09-03 10:21:04 DEBUG    [SA_03] ACTION: {'action': 'WAIT', 'source': 'pause_between_sentences'}
2026-09-03 10:21:06 DEBUG    [SA_03] PAUSE_END
2026-09-03 10:21:06 DEBUG    [SA_03] ACTION: {'action': 'HIDE', 'target': 'top'}
2026-09-03 10:21:06 DEBUG    [SA_03] ACTION: {'action': 'HIDE', 'target': 'bottom'}
2026-09-03 10:21:06 INFO     [SA_03] SCENARIO FINISHED
2026-09-03 10:21:06 DEBUG    [SA_03] FINISH_ITEM: repeat 1/1
2026-09-03 10:21:06 DEBUG    [SA_03] PREPARE_ITEM #2
2026-09-03 10:21:06 DEBUG    [SA_03] ACTION: {'action': 'SHOW', 'target': 'top', 'content': 'phrase_text'}
2026-09-03 10:21:06 DEBUG    [SA_03] ACTION: {'action': 'PLAY', 'source': 'phrase_text'}
2026-09-03 10:21:06 DEBUG    [SA_03] AudioProvider: CACHE HIT
2026-09-03 10:21:06 DEBUG    [SA_03] TEXT PLAY
2026-09-03 10:21:08 DEBUG    [SA_03] TEXT_END
2026-09-03 10:21:08 DEBUG    [SA_03] ACTION: {'action': 'WAIT', 'source': 'pause_before_translation'}
2026-09-03 10:21:12 DEBUG    [SA_03] PAUSE_END
2026-09-03 10:21:12 DEBUG    [SA_03] ACTION: {'action': 'SHOW', 'target': 'bottom', 'content': 'translate_text'}
2026-09-03 10:21:12 DEBUG    [SA_03] ACTION: {'action': 'PLAY', 'source': 'translate_text'}
2026-09-03 10:21:12 DEBUG    [SA_03] AudioProvider: CACHE HIT
2026-09-03 10:21:12 DEBUG    [SA_03] TRANSLATION PLAY
2026-09-03 10:21:15 DEBUG    [SA_03] TRANSLATION_END
2026-09-03 10:21:15 DEBUG    [SA_03] ACTION: {'action': 'WAIT', 'source': 'pause_between_sentences'}
2026-09-03 10:21:17 DEBUG    [SA_03] PAUSE_END
2026-09-03 10:21:17 DEBUG    [SA_03] ACTION: {'action': 'HIDE', 'target': 'top'}
2026-09-03 10:21:17 DEBUG    [SA_03] ACTION: {'action': 'HIDE', 'target': 'bottom'}
2026-09-03 10:21:17 INFO     [SA_03] SCENARIO FINISHED
2026-09-03 10:21:17 DEBUG    [SA_03] FINISH_ITEM: repeat 1/1
2026-09-03 10:21:17 DEBUG    [SA_03] PREPARE_ITEM #3
2026-09-03 10:21:17 DEBUG    [SA_03] ACTION: {'action': 'SHOW', 'target': 'top', 'content': 'phrase_text'}
2026-09-03 10:21:17 DEBUG    [SA_03] ACTION: {'action': 'PLAY', 'source': 'phrase_text'}
2026-09-03 10:21:17 DEBUG    [SA_03] AudioProvider: CACHE HIT
2026-09-03 10:21:17 DEBUG    [SA_03] TEXT PLAY
2026-09-03 10:21:20 DEBUG    [SA_03] TEXT_END
2026-09-03 10:21:20 DEBUG    [SA_03] ACTION: {'action': 'WAIT', 'source': 'pause_before_translation'}
2026-09-03 10:21:24 DEBUG    [SA_03] PAUSE_END
2026-09-03 10:21:24 DEBUG    [SA_03] ACTION: {'action': 'SHOW', 'target': 'bottom', 'content': 'translate_text'}
2026-09-03 10:21:24 DEBUG    [SA_03] ACTION: {'action': 'PLAY', 'source': 'translate_text'}
2026-09-03 10:21:24 DEBUG    [SA_03] AudioProvider: CACHE HIT
2026-09-03 10:21:24 DEBUG    [SA_03] TRANSLATION PLAY
2026-09-03 10:21:27 DEBUG    [SA_03] Button: pause
2026-09-03 10:22:56 DEBUG    [SA_03] Button: db
2026-09-03 10:22:57 INFO     [SA_03] Database sets loaded: 1
2026-09-03 10:22:57 DEBUG    [SA_03] Selected set: Client Test
2026-09-03 10:22:58 DEBUG    [SA_03] Button: login
2026-09-03 10:23:25 INFO     [SA_03] Database sets loaded: 1
2026-09-03 10:23:25 DEBUG    [SA_03] Selected set: Shadowing
2026-09-03 10:23:31 DEBUG    [SA_03] Button: dbtoset
2026-09-03 10:23:32 INFO     [SA_03] Set loaded into session: 24
2026-09-03 10:23:38 DEBUG    [SA_03] Button: play
2026-09-03 10:23:38 DEBUG    [SA_03] PREPARE_ITEM #0
2026-09-03 10:23:38 DEBUG    [SA_03] ACTION: {'action': 'SHOW', 'target': 'top', 'content': 'phrase_text'}
2026-09-03 10:23:38 DEBUG    [SA_03] ACTION: {'action': 'PLAY', 'source': 'phrase_text'}
2026-09-03 10:23:38 DEBUG    [SA_03] AudioProvider: CACHE HIT
2026-09-03 10:23:38 DEBUG    [SA_03] TEXT PLAY
2026-09-03 10:23:41 DEBUG    [SA_03] TEXT_END
2026-09-03 10:23:41 DEBUG    [SA_03] ACTION: {'action': 'WAIT', 'source': 'pause_before_translation'}
2026-09-03 10:23:46 DEBUG    [SA_03] PAUSE_END
2026-09-03 10:23:46 DEBUG    [SA_03] ACTION: {'action': 'SHOW', 'target': 'bottom', 'content': 'translate_text'}
2026-09-03 10:23:46 DEBUG    [SA_03] ACTION: {'action': 'PLAY', 'source': 'translate_text'}
2026-09-03 10:23:46 DEBUG    [SA_03] AudioProvider: CACHE HIT
2026-09-03 10:23:46 DEBUG    [SA_03] TRANSLATION PLAY
2026-09-03 10:23:50 DEBUG    [SA_03] TRANSLATION_END
2026-09-03 10:23:50 DEBUG    [SA_03] ACTION: {'action': 'WAIT', 'source': 'pause_between_sentences'}
2026-09-03 10:23:52 DEBUG    [SA_03] PAUSE_END
2026-09-03 10:23:52 DEBUG    [SA_03] ACTION: {'action': 'HIDE', 'target': 'top'}
2026-09-03 10:23:52 DEBUG    [SA_03] ACTION: {'action': 'HIDE', 'target': 'bottom'}
2026-09-03 10:23:52 INFO     [SA_03] SCENARIO FINISHED
2026-09-03 10:23:52 DEBUG    [SA_03] FINISH_ITEM: repeat 1/1
2026-09-03 10:23:52 DEBUG    [SA_03] PREPARE_ITEM #1
2026-09-03 10:23:52 DEBUG    [SA_03] ACTION: {'action': 'SHOW', 'target': 'top', 'content': 'phrase_text'}
2026-09-03 10:23:52 DEBUG    [SA_03] ACTION: {'action': 'PLAY', 'source': 'phrase_text'}
2026-09-03 10:23:52 DEBUG    [SA_03] AudioProvider: CACHE HIT
2026-09-03 10:23:53 DEBUG    [SA_03] TEXT PLAY
2026-09-03 10:23:55 DEBUG    [SA_03] TEXT_END
2026-09-03 10:23:55 DEBUG    [SA_03] ACTION: {'action': 'WAIT', 'source': 'pause_before_translation'}
2026-09-03 10:23:57 DEBUG    [SA_03] Button: pause
2026-09-03 10:24:08 INFO     [SA_03] Finsh Application
2026-09-04 10:40:29 INFO     [SA_03] Start Application
2026-09-04 10:40:30 DEBUG    [SA_03] INITIAL ITEM: phrase_code = pl phrase_locale = pl-PL phrase_voice = pl-PL-MarekNeural
2026-09-04 10:40:30 DEBUG    [SA_03] INITIAL SOURCE: language = pl locale = pl-PL voice = 
2026-09-04 10:40:33 DEBUG    [SA_03] Button: db
2026-09-04 10:40:34 INFO     [SA_03] Database sets loaded: 1
2026-09-04 10:40:34 DEBUG    [SA_03] Selected set: Shadowing
2026-09-04 10:40:39 DEBUG    [SA_03] Button: login
2026-09-04 10:40:52 INFO     [SA_03] Database sets loaded: 13
2026-09-04 10:40:52 DEBUG    [SA_03] Selected set: English A2-23
2026-09-04 10:41:26 DEBUG    [SA_03] Selected set: SSMS POST TEST
2026-09-04 10:41:30 DEBUG    [SA_03] Button: dropset
2026-09-04 10:41:30 DEBUG    [SA_03] DROPSET set_id=15
2026-09-04 10:42:53 INFO     [SA_03] Start Application
2026-09-04 10:42:53 DEBUG    [SA_03] INITIAL ITEM: phrase_code = pl phrase_locale = pl-PL phrase_voice = pl-PL-MarekNeural
2026-09-04 10:42:53 DEBUG    [SA_03] INITIAL SOURCE: language = pl locale = pl-PL voice = 
2026-09-04 10:42:54 DEBUG    [SA_03] Button: db
2026-09-04 10:42:55 INFO     [SA_03] Database sets loaded: 1
2026-09-04 10:42:55 DEBUG    [SA_03] Selected set: Shadowing
2026-09-04 10:42:58 DEBUG    [SA_03] Selected set: Shadowing
2026-09-04 10:43:00 DEBUG    [SA_03] Button: login
2026-09-04 10:43:15 INFO     [SA_03] Database sets loaded: 13
2026-09-04 10:43:15 DEBUG    [SA_03] Selected set: English A2-23
2026-09-04 10:43:20 DEBUG    [SA_03] Selected set: SSMS POST TEST
2026-09-04 10:43:25 DEBUG    [SA_03] Button: settodb
2026-09-04 10:43:25 DEBUG    [SA_03] SETTO​DB user_id=2
2026-09-04 10:43:25 DEBUG    [SA_03] SETTO​DB data items=16
2026-09-04 10:43:26 INFO     [SA_03] Session saved to database: {'set_id': 37}
2026-09-04 10:43:28 INFO     [SA_03] Database sets loaded: 14
2026-09-04 10:43:28 DEBUG    [SA_03] Selected set: English A2-23
2026-09-04 10:43:35 DEBUG    [SA_03] Selected set: SSMS POST TEST
2026-09-04 10:43:45 DEBUG    [SA_03] Button: dropset
2026-09-04 10:43:45 DEBUG    [SA_03] DROPSET set_id=15
2026-09-04 10:44:47 INFO     [SA_03] Finsh Application
2026-09-04 10:51:37 INFO     [SA_03] Start Application
2026-09-04 10:51:38 DEBUG    [SA_03] INITIAL ITEM: phrase_code = pl phrase_locale = pl-PL phrase_voice = pl-PL-MarekNeural
2026-09-04 10:51:38 DEBUG    [SA_03] INITIAL SOURCE: language = pl locale = pl-PL voice = 
2026-09-04 10:51:40 DEBUG    [SA_03] Button: db
2026-09-04 10:51:41 INFO     [SA_03] Database sets loaded: 1
2026-09-04 10:51:41 DEBUG    [SA_03] Selected set: Shadowing
2026-09-04 10:51:47 DEBUG    [SA_03] Button: login
2026-09-04 10:52:02 INFO     [SA_03] Database sets loaded: 13
2026-09-04 10:52:02 DEBUG    [SA_03] Selected set: English A2-23
2026-09-04 10:52:08 DEBUG    [SA_03] Selected set: Azure API Minimal Test
2026-09-04 10:52:11 DEBUG    [SA_03] Button: dropset
2026-09-04 10:52:11 DEBUG    [SA_03] DROPSET set_id=16
2026-09-04 10:52:12 INFO     [SA_03] Data deleted from database: {'set_id': 16, 'deleted': True}
2026-09-04 10:52:12 INFO     [SA_03] Database sets loaded: 12
2026-09-04 10:52:12 DEBUG    [SA_03] Selected set: English A2-23
2026-09-04 10:52:44 DEBUG    [SA_03] Selected set: English A2-23
2026-09-04 10:52:50 DEBUG    [SA_03] Button: settodb
2026-09-04 10:52:50 DEBUG    [SA_03] SETTO​DB user_id=2
2026-09-04 10:52:50 DEBUG    [SA_03] SETTO​DB data items=16
2026-09-04 10:52:50 INFO     [SA_03] Session saved to database: {'set_id': 38}
2026-09-04 10:52:51 INFO     [SA_03] Database sets loaded: 13
2026-09-04 10:52:51 DEBUG    [SA_03] Selected set: English A2-23
2026-09-04 10:52:55 DEBUG    [SA_03] Button: play
2026-09-04 10:52:55 DEBUG    [SA_03] PREPARE_ITEM #0
2026-09-04 10:52:55 DEBUG    [SA_03] ACTION: {'action': 'SHOW', 'target': 'top', 'content': 'phrase_text'}
2026-09-04 10:52:55 DEBUG    [SA_03] ACTION: {'action': 'PLAY', 'source': 'phrase_text'}
2026-09-04 10:52:55 DEBUG    [SA_03] AudioProvider: CACHE HIT
2026-09-04 10:52:55 DEBUG    [SA_03] TEXT PLAY
2026-09-04 10:52:59 DEBUG    [SA_03] TEXT_END
2026-09-04 10:52:59 DEBUG    [SA_03] ACTION: {'action': 'WAIT', 'source': 'pause_before_translation'}
2026-09-04 10:53:04 DEBUG    [SA_03] PAUSE_END
2026-09-04 10:53:04 DEBUG    [SA_03] ACTION: {'action': 'SHOW', 'target': 'bottom', 'content': 'translate_text'}
2026-09-04 10:53:04 DEBUG    [SA_03] ACTION: {'action': 'PLAY', 'source': 'translate_text'}
2026-09-04 10:53:04 DEBUG    [SA_03] AudioProvider: CACHE HIT
2026-09-04 10:53:04 DEBUG    [SA_03] TRANSLATION PLAY
2026-09-04 10:53:08 DEBUG    [SA_03] TRANSLATION_END
2026-09-04 10:53:08 DEBUG    [SA_03] ACTION: {'action': 'WAIT', 'source': 'pause_between_sentences'}
2026-09-04 10:53:10 DEBUG    [SA_03] PAUSE_END
2026-09-04 10:53:10 DEBUG    [SA_03] ACTION: {'action': 'HIDE', 'target': 'top'}
2026-09-04 10:53:10 DEBUG    [SA_03] ACTION: {'action': 'HIDE', 'target': 'bottom'}
2026-09-04 10:53:10 INFO     [SA_03] SCENARIO FINISHED
2026-09-04 10:53:10 DEBUG    [SA_03] FINISH_ITEM: repeat 1/1
2026-09-04 10:53:10 DEBUG    [SA_03] PREPARE_ITEM #1
2026-09-04 10:53:10 DEBUG    [SA_03] ACTION: {'action': 'SHOW', 'target': 'top', 'content': 'phrase_text'}
2026-09-04 10:53:10 DEBUG    [SA_03] ACTION: {'action': 'PLAY', 'source': 'phrase_text'}
2026-09-04 10:53:10 DEBUG    [SA_03] AudioProvider: CACHE HIT
2026-09-04 10:53:10 DEBUG    [SA_03] TEXT PLAY
2026-09-04 10:53:13 DEBUG    [SA_03] TEXT_END
2026-09-04 10:53:13 DEBUG    [SA_03] ACTION: {'action': 'WAIT', 'source': 'pause_before_translation'}
2026-09-04 10:53:16 DEBUG    [SA_03] Button: db
2026-09-04 10:53:16 INFO     [SA_03] Database sets loaded: 13
2026-09-04 10:53:16 DEBUG    [SA_03] Selected set: English A2-23
2026-09-04 10:53:17 DEBUG    [SA_03] PAUSE_END
2026-09-04 10:53:17 DEBUG    [SA_03] ACTION: {'action': 'SHOW', 'target': 'bottom', 'content': 'translate_text'}
2026-09-04 10:53:17 DEBUG    [SA_03] ACTION: {'action': 'PLAY', 'source': 'translate_text'}
2026-09-04 10:53:17 DEBUG    [SA_03] AudioProvider: CACHE HIT
2026-09-04 10:53:17 DEBUG    [SA_03] TRANSLATION PLAY
2026-09-04 10:53:19 DEBUG    [SA_03] TRANSLATION_END
2026-09-04 10:53:19 DEBUG    [SA_03] ACTION: {'action': 'WAIT', 'source': 'pause_between_sentences'}
2026-09-04 10:53:21 DEBUG    [SA_03] PAUSE_END
2026-09-04 10:53:21 DEBUG    [SA_03] ACTION: {'action': 'HIDE', 'target': 'top'}
2026-09-04 10:53:21 DEBUG    [SA_03] ACTION: {'action': 'HIDE', 'target': 'bottom'}
2026-09-04 10:53:21 INFO     [SA_03] SCENARIO FINISHED
2026-09-04 10:53:21 DEBUG    [SA_03] FINISH_ITEM: repeat 1/1
2026-09-04 10:53:22 DEBUG    [SA_03] PREPARE_ITEM #2
2026-09-04 10:53:22 DEBUG    [SA_03] ACTION: {'action': 'SHOW', 'target': 'top', 'content': 'phrase_text'}
2026-09-04 10:53:22 DEBUG    [SA_03] Button: pause
2026-09-04 10:53:22 DEBUG    [SA_03] Button: db
2026-09-04 10:53:23 INFO     [SA_03] Database sets loaded: 13
2026-09-04 10:53:23 DEBUG    [SA_03] Selected set: English A2-23
2026-09-04 10:53:44 DEBUG    [SA_03] Button: db
2026-09-04 10:53:44 INFO     [SA_03] Database sets loaded: 13
2026-09-04 10:53:44 DEBUG    [SA_03] Selected set: English A2-23
2026-09-04 10:54:24 DEBUG    [SA_03] Button: db
2026-09-04 10:54:25 INFO     [SA_03] Database sets loaded: 13
2026-09-04 10:54:25 DEBUG    [SA_03] Selected set: English A2-23
2026-09-04 10:59:39 DEBUG    [SA_03] Button: db
2026-09-04 10:59:41 INFO     [SA_03] Database sets loaded: 13
2026-09-04 10:59:41 DEBUG    [SA_03] Selected set: English A2-23
2026-09-04 10:59:45 INFO     [SA_03] Finsh Application
2026-09-04 10:59:48 INFO     [SA_03] Start Application
2026-09-04 10:59:48 DEBUG    [SA_03] INITIAL ITEM: phrase_code = pl phrase_locale = pl-PL phrase_voice = pl-PL-MarekNeural
2026-09-04 10:59:48 DEBUG    [SA_03] INITIAL SOURCE: language = pl locale = pl-PL voice = 
2026-09-04 10:59:51 DEBUG    [SA_03] Button: db
2026-09-04 10:59:52 INFO     [SA_03] Database sets loaded: 1
2026-09-04 10:59:52 DEBUG    [SA_03] Selected set: Shadowing
2026-09-04 11:12:11 DEBUG    [SA_03] Button: db
2026-09-04 11:12:12 INFO     [SA_03] Database sets loaded: 1
2026-09-04 11:12:12 DEBUG    [SA_03] Selected set: Shadowing
2026-09-04 11:13:58 INFO     [SA_03] Finsh Application
2026-09-04 12:16:00 INFO     [SA_03] Start Application
2026-09-04 12:16:00 DEBUG    [SA_03] INITIAL ITEM: phrase_code = pl phrase_locale = pl-PL phrase_voice = pl-PL-MarekNeural
2026-09-04 12:16:00 DEBUG    [SA_03] INITIAL SOURCE: language = pl locale = pl-PL voice = 
2026-09-04 12:16:23 DEBUG    [SA_03] Button: play
2026-09-04 12:16:23 DEBUG    [SA_03] PREPARE_ITEM #0
2026-09-04 12:16:23 DEBUG    [SA_03] ACTION: {'action': 'SHOW', 'target': 'top', 'content': 'phrase_text'}
2026-09-04 12:16:23 DEBUG    [SA_03] ACTION: {'action': 'PLAY', 'source': 'phrase_text'}
2026-09-04 12:16:23 DEBUG    [SA_03] AudioProvider: CACHE HIT
2026-09-04 12:16:23 DEBUG    [SA_03] TEXT PLAY
2026-09-04 12:16:27 DEBUG    [SA_03] TEXT_END
2026-09-04 12:16:27 DEBUG    [SA_03] ACTION: {'action': 'WAIT', 'source': 'pause_before_translation'}
2026-09-04 12:16:32 DEBUG    [SA_03] PAUSE_END
2026-09-04 12:16:32 DEBUG    [SA_03] ACTION: {'action': 'SHOW', 'target': 'bottom', 'content': 'translate_text'}
2026-09-04 12:16:32 DEBUG    [SA_03] ACTION: {'action': 'PLAY', 'source': 'translate_text'}
2026-09-04 12:16:32 DEBUG    [SA_03] AudioProvider: CACHE HIT
2026-09-04 12:16:32 DEBUG    [SA_03] TRANSLATION PLAY
2026-09-04 12:16:35 DEBUG    [SA_03] Button: pause
2026-09-04 12:16:47 DEBUG    [SA_03] Button: db
2026-09-04 12:16:49 INFO     [SA_03] Database sets loaded: 1
2026-09-04 12:16:49 DEBUG    [SA_03] Selected set: Shadowing
2026-09-04 12:16:50 DEBUG    [SA_03] Button: login
2026-09-04 12:17:09 INFO     [SA_03] Database sets loaded: 13
2026-09-04 12:17:09 DEBUG    [SA_03] Selected set: English A2-23
2026-09-04 12:17:15 DEBUG    [SA_03] Selected set: TEST API SAVE
2026-09-04 12:17:18 DEBUG    [SA_03] Button: dbtoset
2026-09-04 12:17:20 INFO     [SA_03] Set loaded into session: 6
2026-09-04 12:18:46 DEBUG    [SA_03] Button: play
2026-09-04 12:18:46 DEBUG    [SA_03] PREPARE_ITEM #0
2026-09-04 12:18:46 DEBUG    [SA_03] ACTION: {'action': 'SHOW', 'target': 'top', 'content': 'phrase_text'}
2026-09-04 12:18:46 DEBUG    [SA_03] ACTION: {'action': 'PLAY', 'source': 'phrase_text'}
2026-09-04 12:18:46 DEBUG    [SA_03] AudioProvider: CACHE HIT
2026-09-04 12:18:46 DEBUG    [SA_03] TEXT PLAY
2026-09-04 12:18:48 DEBUG    [SA_03] TEXT_END
2026-09-04 12:18:48 DEBUG    [SA_03] ACTION: {'action': 'WAIT', 'source': 'pause_before_translation'}
2026-09-04 12:18:50 DEBUG    [SA_03] Button: pause
2026-09-04 12:19:01 INFO     [SA_03] Finsh Application
2026-09-04 12:19:15 INFO     [SA_03] Start Application
2026-09-04 12:19:15 DEBUG    [SA_03] INITIAL ITEM: phrase_code = pl phrase_locale = pl-PL phrase_voice = pl-PL-MarekNeural
2026-09-04 12:19:15 DEBUG    [SA_03] INITIAL SOURCE: language = pl locale = pl-PL voice = 
2026-09-04 12:19:17 DEBUG    [SA_03] Button: db
2026-09-04 12:19:18 INFO     [SA_03] Database sets loaded: 13
2026-09-04 12:19:18 DEBUG    [SA_03] Selected set: English A2-23
2026-09-04 14:11:22 DEBUG    [SA_03] Button: db
2026-09-04 14:11:23 INFO     [SA_03] Database sets loaded: 13
2026-09-04 14:11:23 DEBUG    [SA_03] Selected set: English A2-23
2026-09-04 14:11:25 DEBUG    [SA_03] Button: login
2026-09-04 14:11:43 INFO     [SA_03] Database sets loaded: 1
2026-09-04 14:11:43 DEBUG    [SA_03] Selected set: Shadowing
2026-09-04 14:11:47 DEBUG    [SA_03] Selected set: Shadowing
2026-09-04 14:11:48 DEBUG    [SA_03] Button: dbtoset
2026-09-04 14:11:49 INFO     [SA_03] Set loaded into session: 24
2026-09-04 14:11:53 DEBUG    [SA_03] Button: login
2026-09-04 14:12:05 INFO     [SA_03] Database sets loaded: 13
2026-09-04 14:12:05 DEBUG    [SA_03] Selected set: English A2-23
2026-09-04 14:12:09 DEBUG    [SA_03] Selected set: Polisн  B2 001
2026-09-04 14:12:10 DEBUG    [SA_03] Button: dbtoset
2026-09-04 14:12:11 INFO     [SA_03] Set loaded into session: 2
2026-09-04 14:12:25 DEBUG    [SA_03] Selected set: Shadowing
2026-09-04 14:12:28 DEBUG    [SA_03] Button: dropset
2026-09-04 14:12:28 DEBUG    [SA_03] DROPSET set_id=38
2026-09-04 14:12:29 INFO     [SA_03] Data deleted from database: {'set_id': 38, 'deleted': True}
2026-09-04 14:12:29 INFO     [SA_03] Database sets loaded: 12
2026-09-04 14:12:29 DEBUG    [SA_03] Selected set: English A2-23
2026-09-04 14:12:49 DEBUG    [SA_03] Selected set: Polisн  B2 001
2026-09-04 14:13:16 DEBUG    [SA_03] Button: datatodb
2026-09-04 14:13:16 DEBUG    [SA_03] DATATODB set_id=2
2026-09-04 14:13:17 INFO     [SA_03] Data saved to database: {'set_id': 2, 'set_name': 'Polisн  B2', 'set_description': 'Różne rozmowy na tematy biznesowe', 'set_update_date': '2026-09-04T12:13:14'}
2026-09-04 14:13:17 INFO     [SA_03] Database sets loaded: 12
2026-09-04 14:13:17 DEBUG    [SA_03] Selected set: Polisн  B2
2026-09-04 14:13:22 DEBUG    [SA_03] Button: dbtoset
2026-09-04 14:13:23 INFO     [SA_03] Set loaded into session: 2
2026-09-04 14:13:45 INFO     [SA_03] Finsh Application
2026-09-04 19:14:30 INFO     [SA_03] Start Application
2026-09-04 19:14:31 DEBUG    [SA_03] INITIAL ITEM: phrase_code = pl phrase_locale = pl-PL phrase_voice = pl-PL-MarekNeural
2026-09-04 19:14:31 DEBUG    [SA_03] INITIAL SOURCE: language = pl locale = pl-PL voice = 
2026-09-04 19:14:32 DEBUG    [SA_03] Button: db
2026-09-04 19:14:33 INFO     [SA_03] Database sets loaded: 12
2026-09-04 19:14:33 DEBUG    [SA_03] Selected set: English A2-23
2026-09-04 19:14:39 INFO     [SA_03] Finsh Application
2026-09-05 18:10:51 INFO     [SA_03] Start Application
2026-09-05 18:10:51 DEBUG    [SA_03] INITIAL ITEM: phrase_code = pl phrase_locale = pl-PL phrase_voice = pl-PL-MarekNeural
2026-09-05 18:10:51 DEBUG    [SA_03] INITIAL SOURCE: language = pl locale = pl-PL voice = 
2026-09-05 18:11:26 DEBUG    [SA_03] Button: db
2026-09-05 18:11:27 INFO     [SA_03] Database sets loaded: 12
2026-09-05 18:11:27 DEBUG    [SA_03] Selected set: English A2-23
2026-09-05 18:11:32 DEBUG    [SA_03] Button: settoexcel
2026-09-05 18:11:43 INFO     [SA_03] Session exported to Excel: C:/Users/liudm/SadowingApp/SA_03/tmp/session_export.xlsx
2026-09-05 18:12:28 DEBUG    [SA_03] Button: settoexcel
2026-09-05 18:13:01 DEBUG    [SA_03] Excel export cancelled
2026-09-05 18:34:02 INFO     [SA_03] Finsh Application
2026-09-05 18:34:15 INFO     [SA_03] Start Application
2026-09-05 18:34:15 DEBUG    [SA_03] INITIAL ITEM: phrase_code = pl phrase_locale = pl-PL phrase_voice = pl-PL-MarekNeural
2026-09-05 18:34:15 DEBUG    [SA_03] INITIAL SOURCE: language = pl locale = pl-PL voice = 
2026-09-05 18:34:17 DEBUG    [SA_03] Button: db
2026-09-05 18:34:18 INFO     [SA_03] Database sets loaded: 12
2026-09-05 18:34:18 DEBUG    [SA_03] Selected set: English A2-23
2026-09-05 18:34:21 DEBUG    [SA_03] Button: settoexcel
2026-09-05 18:34:26 INFO     [SA_03] Session exported to Excel: C:/Users/liudm/SadowingApp/SA_03/tmp/session_export.xlsx
2026-09-05 18:37:21 DEBUG    [SA_03] Button: exceltoset
2026-09-05 18:37:23 INFO     [SA_03] Session imported from Excel: C:/Users/liudm/SadowingApp/SA_03/tmp/session_export.xlsx
2026-09-05 18:42:56 DEBUG    [SA_03] Button: exceltoset
2026-09-05 18:43:00 INFO     [SA_03] Session imported from Excel: C:/Users/liudm/SadowingApp/SA_03/tmp/session_export.xlsx
2026-09-05 18:43:31 DEBUG    [SA_03] Button: play
2026-09-05 18:43:31 DEBUG    [SA_03] PREPARE_ITEM #0
2026-09-05 19:09:07 INFO     [SA_03] Start Application
2026-09-05 19:09:08 DEBUG    [SA_03] INITIAL ITEM: phrase_code = en phrase_locale = en-US phrase_voice = en-US-JennyNeural
2026-09-05 19:09:08 DEBUG    [SA_03] INITIAL SOURCE: language = en locale = en-US voice = 
2026-09-05 19:09:13 INFO     [SA_03] Finsh Application
2026-09-05 19:19:19 INFO     [SA_03] Start Application
2026-09-05 19:19:19 DEBUG    [SA_03] INITIAL ITEM: phrase_code = en phrase_locale = en-US phrase_voice = en-US-JennyNeural
2026-09-05 19:19:19 DEBUG    [SA_03] INITIAL SOURCE: language = en locale = en-US voice = 
2026-09-05 19:19:21 DEBUG    [SA_03] Button: db
2026-09-05 19:19:21 WARNING  [SA_03] Session has no user_id
2026-09-05 19:19:26 DEBUG    [SA_03] Button: login
2026-09-05 19:19:40 INFO     [SA_03] Database sets loaded: 12
2026-09-05 19:19:40 DEBUG    [SA_03] Selected set: English A2-23
2026-09-05 19:19:46 DEBUG    [SA_03] Selected set: TEST API SAVE
2026-09-05 19:19:52 DEBUG    [SA_03] Button: dbtoset
2026-09-05 19:19:53 INFO     [SA_03] Set loaded into session: 6
2026-09-05 19:22:17 INFO     [SA_03] Finsh Application
2026-09-05 19:35:56 INFO     [SA_03] Start Application
2026-09-05 19:35:56 DEBUG    [SA_03] INITIAL ITEM: phrase_code = pl phrase_locale = pl-PL phrase_voice = pl-PL-MarekNeural
2026-09-05 19:35:56 DEBUG    [SA_03] INITIAL SOURCE: language = pl locale = pl-PL voice = 
2026-09-05 19:35:57 DEBUG    [SA_03] Button: db
2026-09-05 19:35:59 INFO     [SA_03] Database sets loaded: 12
2026-09-05 19:35:59 DEBUG    [SA_03] Selected set: English A2-23
2026-09-05 19:36:02 DEBUG    [SA_03] Button: exceltoset
2026-09-05 19:36:08 INFO     [SA_03] Session imported from Excel: C:/Users/liudm/SadowingApp/SA_03/tmp/session_export.xlsx
2026-09-05 19:36:40 DEBUG    [SA_03] Button: play
2026-09-05 19:36:40 DEBUG    [SA_03] PREPARE_ITEM #0
2026-09-05 19:36:40 DEBUG    [SA_03] ACTION: {'action': 'SHOW', 'target': 'top', 'content': 'phrase_text'}
2026-09-05 19:36:40 DEBUG    [SA_03] ACTION: {'action': 'PLAY', 'source': 'phrase_text'}
2026-09-05 19:36:40 DEBUG    [SA_03] AudioProvider: CACHE HIT
2026-09-05 19:36:40 DEBUG    [SA_03] TEXT PLAY
2026-09-05 19:36:43 DEBUG    [SA_03] TEXT_END
2026-09-05 19:36:43 DEBUG    [SA_03] ACTION: {'action': 'WAIT', 'source': 'pause_before_translation'}
2026-09-05 19:36:45 DEBUG    [SA_03] PAUSE_END
2026-09-05 19:36:45 DEBUG    [SA_03] ACTION: {'action': 'SHOW', 'target': 'bottom', 'content': 'translate_text'}
2026-09-05 19:36:45 DEBUG    [SA_03] ACTION: {'action': 'PLAY', 'source': 'translate_text'}
2026-09-05 19:36:45 DEBUG    [SA_03] AudioProvider: CACHE HIT
2026-09-05 19:36:45 DEBUG    [SA_03] TRANSLATION PLAY
2026-09-05 19:36:48 DEBUG    [SA_03] TRANSLATION_END
2026-09-05 19:36:48 DEBUG    [SA_03] ACTION: {'action': 'WAIT', 'source': 'pause_between_sentences'}
2026-09-05 19:36:50 DEBUG    [SA_03] PAUSE_END
2026-09-05 19:36:50 DEBUG    [SA_03] ACTION: {'action': 'HIDE', 'target': 'top'}
2026-09-05 19:36:50 DEBUG    [SA_03] ACTION: {'action': 'HIDE', 'target': 'bottom'}
2026-09-05 19:36:50 INFO     [SA_03] SCENARIO FINISHED
2026-09-05 19:36:50 DEBUG    [SA_03] FINISH_ITEM: repeat 1/1
2026-09-05 19:36:50 DEBUG    [SA_03] PREPARE_ITEM #1
2026-09-05 19:36:50 DEBUG    [SA_03] ACTION: {'action': 'SHOW', 'target': 'top', 'content': 'phrase_text'}
2026-09-05 19:36:50 DEBUG    [SA_03] ACTION: {'action': 'PLAY', 'source': 'phrase_text'}
2026-09-05 19:36:50 DEBUG    [SA_03] AudioProvider: CACHE MISS
2026-09-05 19:36:51 DEBUG    [SA_03] TEXT PLAY
2026-09-05 19:36:53 DEBUG    [SA_03] TEXT_END
2026-09-05 19:36:53 DEBUG    [SA_03] ACTION: {'action': 'WAIT', 'source': 'pause_before_translation'}
2026-09-05 19:36:55 DEBUG    [SA_03] PAUSE_END
2026-09-05 19:36:55 DEBUG    [SA_03] ACTION: {'action': 'SHOW', 'target': 'bottom', 'content': 'translate_text'}
2026-09-05 19:36:55 DEBUG    [SA_03] ACTION: {'action': 'PLAY', 'source': 'translate_text'}
2026-09-05 19:36:55 DEBUG    [SA_03] AudioProvider: CACHE MISS
2026-09-05 19:36:56 DEBUG    [SA_03] TRANSLATION PLAY
2026-09-05 19:36:58 DEBUG    [SA_03] TRANSLATION_END
2026-09-05 19:36:58 DEBUG    [SA_03] ACTION: {'action': 'WAIT', 'source': 'pause_between_sentences'}
2026-09-05 19:37:00 DEBUG    [SA_03] PAUSE_END
2026-09-05 19:37:00 DEBUG    [SA_03] ACTION: {'action': 'HIDE', 'target': 'top'}
2026-09-05 19:37:00 DEBUG    [SA_03] ACTION: {'action': 'HIDE', 'target': 'bottom'}
2026-09-05 19:37:00 INFO     [SA_03] SCENARIO FINISHED
2026-09-05 19:37:00 DEBUG    [SA_03] FINISH_ITEM: repeat 1/2
2026-09-05 19:37:00 DEBUG    [SA_03] ACTION: {'action': 'SHOW', 'target': 'top', 'content': 'phrase_text'}
2026-09-05 19:37:00 DEBUG    [SA_03] ACTION: {'action': 'PLAY', 'source': 'phrase_text'}
2026-09-05 19:37:00 DEBUG    [SA_03] AudioProvider: CACHE HIT
2026-09-05 19:37:00 DEBUG    [SA_03] TEXT PLAY
2026-09-05 19:37:02 DEBUG    [SA_03] TEXT_END
2026-09-05 19:37:02 DEBUG    [SA_03] ACTION: {'action': 'WAIT', 'source': 'pause_before_translation'}
2026-09-05 19:37:03 DEBUG    [SA_03] PAUSE_END
2026-09-05 19:37:03 DEBUG    [SA_03] ACTION: {'action': 'SHOW', 'target': 'bottom', 'content': 'translate_text'}
2026-09-05 19:37:03 DEBUG    [SA_03] ACTION: {'action': 'PLAY', 'source': 'translate_text'}
2026-09-05 19:37:03 DEBUG    [SA_03] AudioProvider: CACHE HIT
2026-09-05 19:37:03 DEBUG    [SA_03] TRANSLATION PLAY
2026-09-05 19:37:05 DEBUG    [SA_03] TRANSLATION_END
2026-09-05 19:37:05 DEBUG    [SA_03] ACTION: {'action': 'WAIT', 'source': 'pause_between_sentences'}
2026-09-05 19:37:07 DEBUG    [SA_03] PAUSE_END
2026-09-05 19:37:07 DEBUG    [SA_03] ACTION: {'action': 'HIDE', 'target': 'top'}
2026-09-05 19:37:07 DEBUG    [SA_03] ACTION: {'action': 'HIDE', 'target': 'bottom'}
2026-09-05 19:37:07 INFO     [SA_03] SCENARIO FINISHED
2026-09-05 19:37:07 DEBUG    [SA_03] FINISH_ITEM: repeat 2/2
2026-09-05 19:37:07 DEBUG    [SA_03] PREPARE_ITEM #2
2026-09-05 19:37:07 DEBUG    [SA_03] ACTION: {'action': 'SHOW', 'target': 'top', 'content': 'phrase_text'}
2026-09-05 19:37:07 DEBUG    [SA_03] ACTION: {'action': 'PLAY', 'source': 'phrase_text'}
2026-09-05 19:37:08 DEBUG    [SA_03] AudioProvider: CACHE HIT
2026-09-05 19:37:08 DEBUG    [SA_03] TEXT PLAY
2026-09-05 19:37:12 DEBUG    [SA_03] TEXT_END
2026-09-05 19:37:12 DEBUG    [SA_03] ACTION: {'action': 'WAIT', 'source': 'pause_before_translation'}
2026-09-05 19:37:14 INFO     [SA_03] Finsh Application
2026-09-05 19:37:18 INFO     [SA_03] Start Application
2026-09-05 19:37:18 DEBUG    [SA_03] INITIAL ITEM: phrase_code = pl phrase_locale = pl-PL phrase_voice = pl-PL-MarekNeural
2026-09-05 19:37:18 DEBUG    [SA_03] INITIAL SOURCE: language = pl locale = pl-PL voice = 
2026-09-05 19:37:22 DEBUG    [SA_03] Button: db
2026-09-05 19:37:23 INFO     [SA_03] Database sets loaded: 12
2026-09-05 19:37:23 DEBUG    [SA_03] Selected set: English A2-23
2026-09-05 19:37:29 DEBUG    [SA_03] Button: settodb
2026-09-05 19:37:29 DEBUG    [SA_03] SETTO​DB user_id=2
2026-09-05 19:37:29 DEBUG    [SA_03] SETTO​DB data items=11
2026-09-05 19:37:30 INFO     [SA_03] Session saved to database: {'set_id': 39}
2026-09-05 19:37:31 INFO     [SA_03] Database sets loaded: 13
2026-09-05 19:37:31 DEBUG    [SA_03] Selected set: English A2-23
2026-09-05 19:37:42 DEBUG    [SA_03] Selected set: Polisн  B2
2026-09-05 19:37:46 DEBUG    [SA_03] Button: dbtoset
2026-09-05 19:37:46 INFO     [SA_03] Set loaded into session: 39
2026-09-05 19:38:22 DEBUG    [SA_03] Button: settoexcel
2026-09-05 19:38:33 INFO     [SA_03] Session exported to Excel: C:/Users/liudm/SadowingApp/SA_03/tmp/session_export.xlsx
2026-09-05 20:02:09 DEBUG    [SA_03] Button: settodb
2026-09-05 20:02:09 DEBUG    [SA_03] SETTO​DB user_id=2
2026-09-05 20:02:09 DEBUG    [SA_03] SETTO​DB data items=11
2026-09-05 20:02:10 INFO     [SA_03] Session saved to database: {'set_id': 40}
2026-09-05 20:02:11 INFO     [SA_03] Database sets loaded: 14
2026-09-05 20:02:11 DEBUG    [SA_03] Selected set: English A2-23
2026-09-05 20:16:51 DEBUG    [SA_03] Button: settodb
2026-09-05 20:16:51 DEBUG    [SA_03] SETTO​DB user_id=2
2026-09-05 20:16:51 DEBUG    [SA_03] SETTO​DB data items=11
2026-09-05 20:16:52 INFO     [SA_03] Session saved to database: {'set_id': 41}
2026-09-05 20:16:53 INFO     [SA_03] Database sets loaded: 15
2026-09-05 20:16:53 DEBUG    [SA_03] Selected set: English A2-23
2026-09-05 20:21:41 INFO     [SA_03] Finsh Application
2026-09-05 20:23:21 INFO     [SA_03] Start Application
2026-09-05 20:23:21 DEBUG    [SA_03] INITIAL ITEM: phrase_code = en phrase_locale = en-GB phrase_voice = en-GB-SoniaNeural
2026-09-05 20:23:21 DEBUG    [SA_03] INITIAL SOURCE: language = en locale = en-GB voice = 
2026-09-05 20:23:23 DEBUG    [SA_03] Button: db
2026-09-05 20:23:24 INFO     [SA_03] Database sets loaded: 15
2026-09-05 20:23:24 DEBUG    [SA_03] Selected set: English A2-23
2026-09-05 20:23:30 DEBUG    [SA_03] Selected set: Polisн  B2
2026-09-05 20:23:32 DEBUG    [SA_03] Button: dropset
2026-09-05 20:23:32 DEBUG    [SA_03] DROPSET set_id=41
2026-09-05 20:23:33 INFO     [SA_03] Data deleted from database: {'set_id': 41, 'deleted': True}
2026-09-05 20:23:35 INFO     [SA_03] Database sets loaded: 14
2026-09-05 20:23:35 DEBUG    [SA_03] Selected set: English A2-23
2026-09-05 20:23:39 DEBUG    [SA_03] Selected set: Polisн  B2
2026-09-05 20:23:41 DEBUG    [SA_03] Button: dropset
2026-09-05 20:23:41 DEBUG    [SA_03] DROPSET set_id=40
2026-09-05 20:23:42 INFO     [SA_03] Data deleted from database: {'set_id': 40, 'deleted': True}
2026-09-05 20:23:44 INFO     [SA_03] Database sets loaded: 13
2026-09-05 20:23:44 DEBUG    [SA_03] Selected set: English A2-23
2026-09-05 20:24:01 DEBUG    [SA_03] Selected set: Dictation - dictation
2026-09-05 20:24:04 DEBUG    [SA_03] Button: settoexcel
2026-09-05 20:24:10 ERROR    [SA_03] Excel export error: [Errno 13] Permission denied: 'C:\\Users\\liudm\\SadowingApp\\SA_03\\tmp\\session_export.xlsx'
2026-09-05 20:24:58 DEBUG    [SA_03] Button: dbtoset
2026-09-05 20:24:59 INFO     [SA_03] Set loaded into session: 8
2026-09-05 20:25:20 DEBUG    [SA_03] Button: settoexcel
2026-09-05 20:25:24 INFO     [SA_03] Session exported to Excel: C:/Users/liudm/SadowingApp/SA_03/tmp/session_export.xlsx
2026-09-05 20:27:04 DEBUG    [SA_03] Button: exceltoset
2026-09-05 20:27:06 INFO     [SA_03] Session imported from Excel: C:/Users/liudm/SadowingApp/SA_03/tmp/session_export.xlsx
2026-09-05 20:27:11 DEBUG    [SA_03] Button: settodb
2026-09-05 20:27:11 DEBUG    [SA_03] SETTO​DB user_id=2
2026-09-05 20:27:11 DEBUG    [SA_03] SETTO​DB data items=82
2026-09-05 20:27:13 INFO     [SA_03] Session saved to database: {'set_id': 42}
2026-09-05 20:27:14 INFO     [SA_03] Database sets loaded: 14
2026-09-05 20:27:14 DEBUG    [SA_03] Selected set: English A2-23
2026-09-05 20:28:26 DEBUG    [SA_03] Selected set: Dictation Измененный
2026-09-05 20:28:31 DEBUG    [SA_03] Button: dbtoset
2026-09-05 20:28:31 INFO     [SA_03] Set loaded into session: 42
2026-09-05 20:30:59 DEBUG    [SA_03] Button: dropset
2026-09-05 20:30:59 DEBUG    [SA_03] DROPSET set_id=42
2026-09-05 20:31:01 INFO     [SA_03] Data deleted from database: {'set_id': 42, 'deleted': True}
2026-09-05 20:31:02 INFO     [SA_03] Database sets loaded: 13
2026-09-05 20:31:02 DEBUG    [SA_03] Selected set: English A2-23
2026-09-05 20:31:21 DEBUG    [SA_03] Button: login
2026-09-05 20:34:51 DEBUG    [SA_03] Button: exceltoset
2026-09-05 20:34:53 INFO     [SA_03] Session imported from Excel: C:/Users/liudm/SadowingApp/SA_03/tmp/session_export.xlsx
2026-09-05 20:35:17 DEBUG    [SA_03] Button: settodb
2026-09-05 20:35:17 DEBUG    [SA_03] SETTO​DB user_id=2
2026-09-05 20:35:17 DEBUG    [SA_03] SETTO​DB data items=82
2026-09-05 20:35:18 INFO     [SA_03] Session saved to database: {'set_id': 43}
2026-09-05 20:35:19 INFO     [SA_03] Database sets loaded: 14
2026-09-05 20:35:19 DEBUG    [SA_03] Selected set: English A2-23
2026-09-05 20:35:23 DEBUG    [SA_03] Selected set: Dictation Измененный
2026-09-05 20:35:27 DEBUG    [SA_03] Button: dbtoset
2026-09-05 20:35:29 INFO     [SA_03] Set loaded into session: 43
2026-09-05 20:36:38 DEBUG    [SA_03] Button: settoexcel
2026-09-05 20:36:42 INFO     [SA_03] Session exported to Excel: C:/Users/liudm/SadowingApp/SA_03/tmp/session_export.xlsx
2026-09-05 20:38:10 DEBUG    [SA_03] Button: exceltoset
2026-09-05 20:38:13 INFO     [SA_03] Session imported from Excel: C:/Users/liudm/SadowingApp/SA_03/tmp/session_export.xlsx
2026-09-05 20:39:13 DEBUG    [SA_03] Button: settings
2026-09-05 20:39:13 DEBUG    [SA_03] INITIAL ITEM: phrase_code = pl phrase_locale = pl-PL phrase_voice = pl-PL-MarekNeural
2026-09-05 20:39:13 DEBUG    [SA_03] INITIAL SOURCE: language = pl locale = pl-PL voice = 
2026-09-05 20:39:13 DEBUG    [SA_03] Target language: en
2026-09-05 20:39:14 DEBUG    [SA_03] Target locale: en-US
2026-09-05 20:39:24 DEBUG    [SA_03] Button: db
2026-09-05 20:39:26 INFO     [SA_03] Database sets loaded: 14
2026-09-05 20:39:26 DEBUG    [SA_03] Selected set: English A2-23
2026-09-05 20:40:47 DEBUG    [SA_03] Button: exceltoset
2026-09-05 20:40:49 INFO     [SA_03] Session imported from Excel: C:/Users/liudm/SadowingApp/SA_03/tmp/session_export.xlsx
2026-09-05 20:41:07 DEBUG    [SA_03] Button: settodb
2026-09-05 20:41:07 DEBUG    [SA_03] SETTO​DB user_id=2
2026-09-05 20:41:07 DEBUG    [SA_03] SETTO​DB data items=82
2026-09-05 20:41:07 INFO     [SA_03] Session saved to database: {'set_id': 44}
2026-09-05 20:41:08 INFO     [SA_03] Database sets loaded: 15
2026-09-05 20:41:08 DEBUG    [SA_03] Selected set: English A2-23
2026-09-05 20:41:14 DEBUG    [SA_03] Selected set: Dictation Измененный
2026-09-05 20:41:16 DEBUG    [SA_03] Button: dbtoset
2026-09-05 20:41:17 INFO     [SA_03] Set loaded into session: 44
2026-09-05 20:41:57 DEBUG    [SA_03] Selected set: Dictation Измененный
2026-09-05 20:42:07 DEBUG    [SA_03] Selected set: Polisн  B2
2026-09-05 20:42:12 DEBUG    [SA_03] Button: dbtoset
2026-09-05 20:42:12 INFO     [SA_03] Set loaded into session: 2
2026-09-05 20:43:10 INFO     [SA_03] Finsh Application
2026-09-05 20:43:21 INFO     [SA_03] Start Application
2026-09-05 20:43:21 DEBUG    [SA_03] INITIAL ITEM: phrase_code = pl phrase_locale = pl-PL phrase_voice = pl-PL-MarekNeural
2026-09-05 20:43:21 DEBUG    [SA_03] INITIAL SOURCE: language = pl locale = pl-PL voice = 
2026-09-05 20:43:30 DEBUG    [SA_03] Button: db
2026-09-05 20:43:30 INFO     [SA_03] Database sets loaded: 15
2026-09-05 20:43:30 DEBUG    [SA_03] Selected set: English A2-23
2026-09-05 20:43:43 DEBUG    [SA_03] Button: exceltoset
2026-09-05 20:43:47 DEBUG    [SA_03] Excel import cancelled
2026-09-05 20:44:01 DEBUG    [SA_03] Button: play
2026-09-05 20:44:01 DEBUG    [SA_03] PREPARE_ITEM #0
2026-09-05 20:44:01 DEBUG    [SA_03] ACTION: {'action': 'SHOW', 'target': 'top', 'content': 'phrase_text'}
2026-09-05 20:44:01 DEBUG    [SA_03] ACTION: {'action': 'PLAY', 'source': 'phrase_text'}
2026-09-05 20:44:01 DEBUG    [SA_03] AudioProvider: CACHE HIT
2026-09-05 20:44:01 DEBUG    [SA_03] TEXT PLAY
2026-09-05 20:44:04 DEBUG    [SA_03] TEXT_END
2026-09-05 20:44:04 DEBUG    [SA_03] ACTION: {'action': 'WAIT', 'source': 'pause_before_translation'}
2026-09-05 20:44:06 DEBUG    [SA_03] PAUSE_END
2026-09-05 20:44:06 DEBUG    [SA_03] ACTION: {'action': 'SHOW', 'target': 'bottom', 'content': 'translate_text'}
2026-09-05 20:44:06 DEBUG    [SA_03] ACTION: {'action': 'PLAY', 'source': 'translate_text'}
2026-09-05 20:44:06 DEBUG    [SA_03] AudioProvider: CACHE HIT
2026-09-05 20:44:06 DEBUG    [SA_03] TRANSLATION PLAY
2026-09-05 20:44:10 DEBUG    [SA_03] TRANSLATION_END
2026-09-05 20:44:10 DEBUG    [SA_03] ACTION: {'action': 'WAIT', 'source': 'pause_between_sentences'}
2026-09-05 20:44:12 DEBUG    [SA_03] PAUSE_END
2026-09-05 20:44:12 DEBUG    [SA_03] ACTION: {'action': 'HIDE', 'target': 'top'}
2026-09-05 20:44:12 DEBUG    [SA_03] ACTION: {'action': 'HIDE', 'target': 'bottom'}
2026-09-05 20:44:12 INFO     [SA_03] SCENARIO FINISHED
2026-09-05 20:44:12 DEBUG    [SA_03] FINISH_ITEM: repeat 1/1
2026-09-05 20:44:12 DEBUG    [SA_03] PREPARE_ITEM #1
2026-09-05 20:44:12 DEBUG    [SA_03] ACTION: {'action': 'SHOW', 'target': 'top', 'content': 'phrase_text'}
2026-09-05 20:44:12 DEBUG    [SA_03] ACTION: {'action': 'PLAY', 'source': 'phrase_text'}
2026-09-05 20:44:12 DEBUG    [SA_03] AudioProvider: CACHE HIT
2026-09-05 20:44:12 DEBUG    [SA_03] TEXT PLAY
2026-09-05 20:44:17 DEBUG    [SA_03] TEXT_END
2026-09-05 20:44:17 DEBUG    [SA_03] ACTION: {'action': 'WAIT', 'source': 'pause_before_translation'}
2026-09-05 20:44:20 DEBUG    [SA_03] PAUSE_END
2026-09-05 20:44:20 DEBUG    [SA_03] ACTION: {'action': 'SHOW', 'target': 'bottom', 'content': 'translate_text'}
2026-09-05 20:44:20 DEBUG    [SA_03] ACTION: {'action': 'PLAY', 'source': 'translate_text'}
2026-09-05 20:44:20 DEBUG    [SA_03] AudioProvider: CACHE HIT
2026-09-05 20:44:20 DEBUG    [SA_03] TRANSLATION PLAY
2026-09-05 20:44:26 DEBUG    [SA_03] TRANSLATION_END
2026-09-05 20:44:26 DEBUG    [SA_03] ACTION: {'action': 'WAIT', 'source': 'pause_between_sentences'}
2026-09-05 20:44:28 DEBUG    [SA_03] PAUSE_END
2026-09-05 20:44:28 DEBUG    [SA_03] ACTION: {'action': 'HIDE', 'target': 'top'}
2026-09-05 20:44:28 DEBUG    [SA_03] ACTION: {'action': 'HIDE', 'target': 'bottom'}
2026-09-05 20:44:28 INFO     [SA_03] SCENARIO FINISHED
2026-09-05 20:44:28 DEBUG    [SA_03] FINISH_ITEM: repeat 1/1
2026-09-05 20:44:28 DEBUG    [SA_03] PREPARE_ITEM #2
2026-09-05 20:44:28 DEBUG    [SA_03] ACTION: {'action': 'SHOW', 'target': 'top', 'content': 'phrase_text'}
2026-09-05 20:44:28 DEBUG    [SA_03] ACTION: {'action': 'PLAY', 'source': 'phrase_text'}
2026-09-05 20:44:28 DEBUG    [SA_03] AudioProvider: CACHE HIT
2026-09-05 20:44:28 DEBUG    [SA_03] TEXT PLAY
2026-09-05 20:44:31 DEBUG    [SA_03] TEXT_END
2026-09-05 20:44:31 DEBUG    [SA_03] ACTION: {'action': 'WAIT', 'source': 'pause_before_translation'}
2026-09-05 20:44:34 DEBUG    [SA_03] PAUSE_END
2026-09-05 20:44:34 DEBUG    [SA_03] ACTION: {'action': 'SHOW', 'target': 'bottom', 'content': 'translate_text'}
2026-09-05 20:44:34 DEBUG    [SA_03] ACTION: {'action': 'PLAY', 'source': 'translate_text'}
2026-09-05 20:44:34 DEBUG    [SA_03] AudioProvider: CACHE HIT
2026-09-05 20:44:34 DEBUG    [SA_03] TRANSLATION PLAY
2026-09-05 20:44:34 DEBUG    [SA_03] Button: pause
2026-09-05 20:44:39 DEBUG    [SA_03] Button: play
2026-09-05 20:44:39 DEBUG    [SA_03] PREPARE_ITEM #2
2026-09-05 20:44:39 DEBUG    [SA_03] ACTION: {'action': 'SHOW', 'target': 'top', 'content': 'phrase_text'}
2026-09-05 20:44:39 DEBUG    [SA_03] ACTION: {'action': 'PLAY', 'source': 'phrase_text'}
2026-09-05 20:44:39 DEBUG    [SA_03] AudioProvider: CACHE HIT
2026-09-05 20:44:39 DEBUG    [SA_03] TEXT PLAY
2026-09-05 20:44:41 DEBUG    [SA_03] Button: next
2026-09-05 20:44:41 DEBUG    [SA_03] PREPARE_ITEM #3
2026-09-05 20:44:41 DEBUG    [SA_03] ACTION: {'action': 'SHOW', 'target': 'top', 'content': 'phrase_text'}
2026-09-05 20:44:41 DEBUG    [SA_03] ACTION: {'action': 'PLAY', 'source': 'phrase_text'}
2026-09-05 20:44:41 DEBUG    [SA_03] AudioProvider: CACHE HIT
2026-09-05 20:44:41 DEBUG    [SA_03] TEXT PLAY
2026-09-05 20:44:47 DEBUG    [SA_03] TEXT_END
2026-09-05 20:44:47 DEBUG    [SA_03] ACTION: {'action': 'WAIT', 'source': 'pause_before_translation'}
2026-09-05 20:44:50 DEBUG    [SA_03] PAUSE_END
2026-09-05 20:44:50 DEBUG    [SA_03] ACTION: {'action': 'SHOW', 'target': 'bottom', 'content': 'translate_text'}
2026-09-05 20:44:50 DEBUG    [SA_03] ACTION: {'action': 'PLAY', 'source': 'translate_text'}
2026-09-05 20:44:50 DEBUG    [SA_03] AudioProvider: CACHE HIT
2026-09-05 20:44:51 DEBUG    [SA_03] TRANSLATION PLAY
2026-09-05 20:44:56 DEBUG    [SA_03] TRANSLATION_END
2026-09-05 20:44:56 DEBUG    [SA_03] ACTION: {'action': 'WAIT', 'source': 'pause_between_sentences'}
2026-09-05 20:44:58 DEBUG    [SA_03] Slider: factor_pause_before_translation = 3.415
2026-09-05 20:44:58 DEBUG    [SA_03] PAUSE_END
2026-09-05 20:44:58 DEBUG    [SA_03] ACTION: {'action': 'HIDE', 'target': 'top'}
2026-09-05 20:44:58 DEBUG    [SA_03] ACTION: {'action': 'HIDE', 'target': 'bottom'}
2026-09-05 20:44:58 INFO     [SA_03] SCENARIO FINISHED
2026-09-05 20:44:58 DEBUG    [SA_03] FINISH_ITEM: repeat 1/1
2026-09-05 20:44:58 DEBUG    [SA_03] PREPARE_ITEM #4
2026-09-05 20:44:58 DEBUG    [SA_03] ACTION: {'action': 'SHOW', 'target': 'top', 'content': 'phrase_text'}
2026-09-05 20:44:59 DEBUG    [SA_03] ACTION: {'action': 'PLAY', 'source': 'phrase_text'}
2026-09-05 20:44:59 DEBUG    [SA_03] AudioProvider: CACHE HIT
2026-09-05 20:44:59 DEBUG    [SA_03] TEXT PLAY
2026-09-05 20:45:01 DEBUG    [SA_03] TEXT_END
2026-09-05 20:45:01 DEBUG    [SA_03] ACTION: {'action': 'WAIT', 'source': 'pause_before_translation'}
2026-09-05 20:45:08 DEBUG    [SA_03] PAUSE_END
2026-09-05 20:45:08 DEBUG    [SA_03] ACTION: {'action': 'SHOW', 'target': 'bottom', 'content': 'translate_text'}
2026-09-05 20:45:08 DEBUG    [SA_03] ACTION: {'action': 'PLAY', 'source': 'translate_text'}
2026-09-05 20:45:08 DEBUG    [SA_03] AudioProvider: CACHE HIT
2026-09-05 20:45:08 DEBUG    [SA_03] TRANSLATION PLAY
2026-09-05 20:45:11 DEBUG    [SA_03] TRANSLATION_END
2026-09-05 20:45:11 DEBUG    [SA_03] ACTION: {'action': 'WAIT', 'source': 'pause_between_sentences'}
2026-09-05 20:45:13 DEBUG    [SA_03] PAUSE_END
2026-09-05 20:45:13 DEBUG    [SA_03] ACTION: {'action': 'HIDE', 'target': 'top'}
2026-09-05 20:45:13 DEBUG    [SA_03] ACTION: {'action': 'HIDE', 'target': 'bottom'}
2026-09-05 20:45:13 INFO     [SA_03] SCENARIO FINISHED
2026-09-05 20:45:13 DEBUG    [SA_03] FINISH_ITEM: repeat 1/1
2026-09-05 20:45:13 DEBUG    [SA_03] PREPARE_ITEM #5
2026-09-05 20:45:13 DEBUG    [SA_03] ACTION: {'action': 'SHOW', 'target': 'top', 'content': 'phrase_text'}
2026-09-05 20:45:13 DEBUG    [SA_03] ACTION: {'action': 'PLAY', 'source': 'phrase_text'}
2026-09-05 20:45:13 DEBUG    [SA_03] AudioProvider: CACHE HIT
2026-09-05 20:45:13 DEBUG    [SA_03] TEXT PLAY
2026-09-05 20:45:17 DEBUG    [SA_03] TEXT_END
2026-09-05 20:45:17 DEBUG    [SA_03] ACTION: {'action': 'WAIT', 'source': 'pause_before_translation'}
2026-09-05 20:45:26 DEBUG    [SA_03] PAUSE_END
2026-09-05 20:45:26 DEBUG    [SA_03] ACTION: {'action': 'SHOW', 'target': 'bottom', 'content': 'translate_text'}
2026-09-05 20:45:26 DEBUG    [SA_03] ACTION: {'action': 'PLAY', 'source': 'translate_text'}
2026-09-05 20:45:26 DEBUG    [SA_03] AudioProvider: CACHE HIT
2026-09-05 20:45:26 DEBUG    [SA_03] TRANSLATION PLAY
2026-09-05 20:45:31 DEBUG    [SA_03] TRANSLATION_END
2026-09-05 20:45:31 DEBUG    [SA_03] ACTION: {'action': 'WAIT', 'source': 'pause_between_sentences'}
2026-09-05 20:45:33 DEBUG    [SA_03] Button: pause
2026-09-05 20:51:05 DEBUG    [SA_03] Button: settings
2026-09-05 20:51:05 DEBUG    [SA_03] INITIAL ITEM: phrase_code = pl phrase_locale = pl-PL phrase_voice = pl-PL-MarekNeural
2026-09-05 20:51:05 DEBUG    [SA_03] INITIAL SOURCE: language = pl locale = pl-PL voice = 
2026-09-05 20:51:05 DEBUG    [SA_03] Target language: en
2026-09-05 20:51:09 DEBUG    [SA_03] Target locale: en-US
2026-09-05 20:51:25 DEBUG    [SA_03] Target language: ru
2026-09-05 20:51:25 DEBUG    [SA_03] Target locale: ru-RU
2026-09-05 20:51:34 ERROR    [SA_03] Checking source language before generation...
2026-09-05 20:51:39 INFO     [SA_03] Detected language: pl
2026-09-05 20:51:39 DEBUG    [SA_03] Generate language check: source = pl detected = pl
2026-09-05 20:51:39 DEBUG    [SA_03] Source language matches.
2026-09-05 20:51:39 INFO     [SA_03] Generator: ShadowingGenerator
2026-09-05 20:51:39 INFO     [SA_03] Generating plan...
2026-09-05 20:52:16 INFO     [SA_03] 
2026-09-05 20:52:16 INFO     [SA_03] ==============
2026-09-05 20:52:16 INFO     [SA_03] PLAN GENERATED
2026-09-05 20:52:16 INFO     [SA_03] ==============
2026-09-05 20:52:16 INFO     [SA_03] Items: 64
2026-09-05 20:52:16 INFO     [SA_03] --------------
2026-09-05 20:52:16 INFO     [SA_03] 1 Dzień dobry, proszę usiąść. | pause: 1054 | repeat: 1
2026-09-05 20:52:16 INFO     [SA_03] 2 Czy może Pan krótko opowiedzieć o sobie? | pause: 1240 | repeat: 1
2026-09-05 20:52:16 INFO     [SA_03] 3 Dzień dobry. | pause: 784 | repeat: 1
2026-09-05 20:52:16 INFO     [SA_03] 4 Mam doświadczenie w programowaniu i interesuję się nowymi technologiami. | pause: 1464 | repeat: 1
2026-09-05 20:52:16 INFO     [SA_03] 5 Dlaczego chce Pan pracować właśnie w naszej firmie? | pause: 1342 | repeat: 1
2026-09-05 20:52:16 INFO     [SA_03] 6 Państwa firma ma ciekawe projekty i daje możliwość rozwoju zawodowego. | pause: 1540 | repeat: 1
2026-09-05 20:52:16 INFO     [SA_03] 7 Jakie technologie zna Pan najlepiej? | pause: 1072 | repeat: 1
2026-09-05 20:52:16 INFO     [SA_03] 8 Najlepiej znam Pythona, ale mam również doświadczenie z SQL i pracą z API. | pause: 1868 | repeat: 1
2026-09-05 20:52:16 INFO     [SA_03] 9 Od jak dawna zajmuje się Pan programowaniem? | pause: 1248 | repeat: 1
2026-09-05 20:52:16 INFO     [SA_03] 10 Programowaniem zajmuję się od kilku lat, a wcześniej pracowałem również przy projektach technicznych. | pause: 1922 | repeat: 1
2026-09-05 20:52:16 INFO     [SA_03] 11 Czy pracował Pan wcześniej w zespole? | pause: 1154 | repeat: 1
2026-09-05 20:52:16 INFO     [SA_03] 12 Tak, pracowałem w zespole i wiem, jak ważna jest dobra komunikacja między pracownikami. | pause: 1974 | repeat: 1
2026-09-05 20:52:16 INFO     [SA_03] 13 Czy woli Pan pracować samodzielnie czy w zespole? | pause: 1338 | repeat: 1
2026-09-05 20:52:16 INFO     [SA_03] 14 Potrafię pracować samodzielnie, ale dobrze czuję się również w zespole. | pause: 1622 | repeat: 1
2026-09-05 20:52:16 INFO     [SA_03] 15 Jak wygląda Pana typowy dzień pracy programisty? | pause: 1256 | repeat: 1
2026-09-05 20:52:16 INFO     [SA_03] 16 Najpierw sprawdzam zadania, potem planuję pracę i zaczynam realizować najważniejsze zadania. | pause: 1744 | repeat: 1
2026-09-05 20:52:16 INFO     [SA_03] 17 Co robi Pan, kiedy ma Pan problem z kodem? | pause: 1484 | repeat: 1
2026-09-05 20:52:16 INFO     [SA_03] 18 Najpierw próbuję sam znaleźć błąd, a jeśli problem jest trudny, korzystam z dokumentacji lub pytam kolegę. | pause: 2252 | repeat: 1
2026-09-05 20:52:16 INFO     [SA_03] 19 Czy często korzysta Pan z dokumentacji technicznej? | pause: 1262 | repeat: 1
2026-09-05 20:52:16 INFO     [SA_03] 20 Tak, dokumentacja jest dla mnie bardzo ważnym źródłem informacji. | pause: 1530 | repeat: 1
2026-09-05 20:52:16 INFO     [SA_03] 21 Czy zna Pan system kontroli wersji Git? | pause: 1238 | repeat: 1
2026-09-05 20:52:16 INFO     [SA_03] 22 Tak, używam Gita do zapisywania zmian i pracy z repozytorium. | pause: 1602 | repeat: 1
2026-09-05 20:52:16 INFO     [SA_03] 23 Czy może Pan wyjaśnić, czym jest commit? | pause: 1320 | repeat: 1
2026-09-05 20:52:16 INFO     [SA_03] 24 Commit to zapis zmian w projekcie, który pozwala później sprawdzić historię pracy. | pause: 1804 | repeat: 1
2026-09-05 20:52:16 INFO     [SA_03] 25 Czy pracował Pan z bazami danych? | pause: 1146 | repeat: 1
2026-09-05 20:52:16 INFO     [SA_03] 26 Tak, pracowałem z bazami danych i potrafię pisać zapytania SQL. | pause: 1606 | repeat: 1
2026-09-05 20:52:16 INFO     [SA_03] 27 Jakie operacje SQL zna Pan najlepiej? | pause: 1154 | repeat: 1
2026-09-05 20:52:16 INFO     [SA_03] 28 Znam między innymi SELECT, INSERT, UPDATE i DELETE. | pause: 1502 | repeat: 1
2026-09-05 20:52:16 INFO     [SA_03] 29 Czy miał Pan kiedyś problem z bazą danych? | pause: 1324 | repeat: 1
2026-09-05 20:52:16 INFO     [SA_03] 30 Tak, kilka razy miałem problemy z zapytaniami lub połączeniem z bazą. | pause: 1698 | repeat: 1
2026-09-05 20:52:16 INFO     [SA_03] 31 Jak rozwiązał Pan taki problem? | pause: 1062 | repeat: 1
2026-09-05 20:52:16 INFO     [SA_03] 32 Sprawdziłem komunikat błędu, przeanalizowałem kod i krok po kroku znalazłem przyczynę. | pause: 1732 | repeat: 1
2026-09-05 20:52:16 INFO     [SA_03] 33 Czy zna Pan pojęcie API? | pause: 1048 | repeat: 1
2026-09-05 20:52:16 INFO     [SA_03] 34 Tak. | pause: 688 | repeat: 1
2026-09-05 20:52:16 INFO     [SA_03] 35 API pozwala różnym programom komunikować się ze sobą i wymieniać dane. | pause: 1620 | repeat: 1
2026-09-05 20:52:16 INFO     [SA_03] 36 Czy pracował Pan z REST API? | pause: 1136 | repeat: 1
2026-09-05 20:52:16 INFO     [SA_03] 37 Tak, korzystałem z REST API i pracowałem między innymi z metodami GET, POST, PUT i DELETE. | pause: 2300 | repeat: 1
2026-09-05 20:52:16 INFO     [SA_03] 38 Czy zna Pan format JSON? | pause: 1048 | repeat: 1
2026-09-05 20:52:16 INFO     [SA_03] 39 Tak, JSON jest często używany do przesyłania danych między aplikacjami. | pause: 1622 | repeat: 1
2026-09-05 20:52:16 INFO     [SA_03] 40 Co robi Pan, kiedy program nie działa poprawnie? | pause: 1416 | repeat: 1
2026-09-05 20:52:16 INFO     [SA_03] 41 Najpierw sprawdzam logi i komunikaty błędów, a następnie próbuję znaleźć miejsce, w którym pojawia się problem. | pause: 2262 | repeat: 1
2026-09-05 20:52:16 INFO     [SA_03] 42 Czy potrafi Pan testować swój kod? | pause: 1148 | repeat: 1
2026-09-05 20:52:16 INFO     [SA_03] 43 Tak, staram się testować najważniejsze części programu i sprawdzać różne przypadki. | pause: 1726 | repeat: 1
2026-09-05 20:52:16 INFO     [SA_03] 44 Czy zna Pan testy jednostkowe? | pause: 1060 | repeat: 1
2026-09-05 20:52:16 INFO     [SA_03] 45 Tak, testy jednostkowe pozwalają sprawdzić, czy konkretna część programu działa prawidłowo. | pause: 1822 | repeat: 1
2026-09-05 20:52:16 INFO     [SA_03] 46 Jak reaguje Pan na krytykę swojej pracy? | pause: 1240 | repeat: 1
2026-09-05 20:52:16 INFO     [SA_03] 47 Staram się traktować krytykę jako możliwość poprawy swoich umiejętności. | pause: 1464 | repeat: 1
2026-09-05 20:52:16 INFO     [SA_03] 48 Co jest dla Pana najważniejsze w pracy? | pause: 1238 | repeat: 1
2026-09-05 20:52:16 INFO     [SA_03] 49 Ważne są dla mnie dobra atmosfera, ciekawe zadania i możliwość rozwoju. | pause: 1702 | repeat: 1
2026-09-05 20:52:16 INFO     [SA_03] 50 Czy potrafi Pan pracować pod presją czasu? | pause: 1244 | repeat: 1
2026-09-05 20:52:16 INFO     [SA_03] 51 Tak, ale staram się dobrze planować pracę, żeby unikać niepotrzebnego stresu. | pause: 1794 | repeat: 1
2026-09-05 20:52:16 INFO     [SA_03] 52 Co zrobi Pan, jeśli nie zdąży wykonać zadania na czas? | pause: 1588 | repeat: 1
2026-09-05 20:52:16 INFO     [SA_03] 53 Poinformuję o tym wcześniej osobę odpowiedzialną za projekt i wyjaśnię przyczynę opóźnienia. | pause: 1744 | repeat: 1
2026-09-05 20:52:16 INFO     [SA_03] 54 Czy potrafi Pan szybko nauczyć się nowej technologii? | pause: 1346 | repeat: 1
2026-09-05 20:52:16 INFO     [SA_03] 55 Tak, jeśli technologia jest potrzebna w projekcie, uczę się jej przez dokumentację, przykłady i praktykę. | pause: 2250 | repeat: 1
2026-09-05 20:52:16 INFO     [SA_03] 56 Jakie są Pana mocne strony? | pause: 1054 | repeat: 1
2026-09-05 20:52:16 INFO     [SA_03] 57 Jestem dokładny, cierpliwy i lubię analizować problemy. | pause: 1350 | repeat: 1
2026-09-05 20:52:16 INFO     [SA_03] 58 A jakie są Pana słabe strony? | pause: 1138 | repeat: 1
2026-09-05 20:52:16 INFO     [SA_03] 59 Czasami poświęcam zbyt dużo czasu na szczegóły, dlatego uczę się lepiej planować czas. | pause: 1892 | repeat: 1
2026-09-05 20:52:16 INFO     [SA_03] 60 Jakie ma Pan oczekiwania finansowe? | pause: 1070 | repeat: 1
2026-09-05 20:52:16 INFO     [SA_03] 61 Jestem otwarty na rozmowę i chciałbym poznać Państwa propozycję oraz zakres obowiązków. | pause: 1734 | repeat: 1
2026-09-05 20:52:16 INFO     [SA_03] 62 Czy ma Pan jakieś pytania dotyczące stanowiska? | pause: 1254 | repeat: 1
2026-09-05 20:52:16 INFO     [SA_03] 63 Tak. | pause: 688 | repeat: 1
2026-09-05 20:52:16 INFO     [SA_03] 64 Chciałbym wiedzieć, nad jakimi projektami będę pracować i jak wygląda typowy dzień pracy na tym stanowisku. | pause: 2174 | repeat: 1
2026-09-05 20:52:16 INFO     [SA_03] ==============================
2026-09-05 20:52:16 INFO     [SA_03] 
2026-09-05 20:52:38 DEBUG    [SA_03] Button: play
2026-09-05 20:52:38 DEBUG    [SA_03] PREPARE_ITEM #0
2026-09-05 20:52:38 DEBUG    [SA_03] ACTION: {'action': 'SHOW', 'target': 'top', 'content': 'phrase_text'}
2026-09-05 20:52:38 DEBUG    [SA_03] ACTION: {'action': 'PLAY', 'source': 'phrase_text'}
2026-09-05 20:52:38 DEBUG    [SA_03] AudioProvider: CACHE MISS
2026-09-05 20:52:39 DEBUG    [SA_03] TEXT PLAY
2026-09-05 20:52:42 DEBUG    [SA_03] TEXT_END
2026-09-05 20:52:42 DEBUG    [SA_03] ACTION: {'action': 'WAIT', 'source': 'pause_before_translation'}
2026-09-05 20:52:45 DEBUG    [SA_03] PAUSE_END
2026-09-05 20:52:45 DEBUG    [SA_03] ACTION: {'action': 'SHOW', 'target': 'bottom', 'content': 'translate_text'}
2026-09-05 20:52:45 DEBUG    [SA_03] ACTION: {'action': 'PLAY', 'source': 'translate_text'}
2026-09-05 20:52:45 DEBUG    [SA_03] AudioProvider: CACHE MISS
2026-09-05 20:52:48 DEBUG    [SA_03] TRANSLATION PLAY
2026-09-05 20:52:52 DEBUG    [SA_03] TRANSLATION_END
2026-09-05 20:52:52 DEBUG    [SA_03] ACTION: {'action': 'WAIT', 'source': 'pause_between_sentences'}
2026-09-05 20:52:54 DEBUG    [SA_03] PAUSE_END
2026-09-05 20:52:54 DEBUG    [SA_03] ACTION: {'action': 'HIDE', 'target': 'top'}
2026-09-05 20:52:54 DEBUG    [SA_03] ACTION: {'action': 'HIDE', 'target': 'bottom'}
2026-09-05 20:52:54 INFO     [SA_03] SCENARIO FINISHED
2026-09-05 20:52:54 DEBUG    [SA_03] FINISH_ITEM: repeat 1/1
2026-09-05 20:52:54 DEBUG    [SA_03] PREPARE_ITEM #1
2026-09-05 20:52:54 DEBUG    [SA_03] ACTION: {'action': 'SHOW', 'target': 'top', 'content': 'phrase_text'}
2026-09-05 20:52:54 DEBUG    [SA_03] ACTION: {'action': 'PLAY', 'source': 'phrase_text'}
2026-09-05 20:52:54 DEBUG    [SA_03] AudioProvider: CACHE MISS
2026-09-05 20:52:55 DEBUG    [SA_03] TEXT PLAY
2026-09-05 20:52:58 DEBUG    [SA_03] TEXT_END
2026-09-05 20:52:58 DEBUG    [SA_03] ACTION: {'action': 'WAIT', 'source': 'pause_before_translation'}
2026-09-05 20:53:03 DEBUG    [SA_03] PAUSE_END
2026-09-05 20:53:03 DEBUG    [SA_03] ACTION: {'action': 'SHOW', 'target': 'bottom', 'content': 'translate_text'}
2026-09-05 20:53:03 DEBUG    [SA_03] ACTION: {'action': 'PLAY', 'source': 'translate_text'}
2026-09-05 20:53:03 DEBUG    [SA_03] AudioProvider: CACHE MISS
2026-09-05 20:53:06 DEBUG    [SA_03] TRANSLATION PLAY
2026-09-05 20:53:09 DEBUG    [SA_03] TRANSLATION_END
2026-09-05 20:53:09 DEBUG    [SA_03] ACTION: {'action': 'WAIT', 'source': 'pause_between_sentences'}
2026-09-05 20:53:11 DEBUG    [SA_03] PAUSE_END
2026-09-05 20:53:11 DEBUG    [SA_03] ACTION: {'action': 'HIDE', 'target': 'top'}
2026-09-05 20:53:11 DEBUG    [SA_03] ACTION: {'action': 'HIDE', 'target': 'bottom'}
2026-09-05 20:53:11 INFO     [SA_03] SCENARIO FINISHED
2026-09-05 20:53:11 DEBUG    [SA_03] FINISH_ITEM: repeat 1/1
2026-09-05 20:53:11 DEBUG    [SA_03] PREPARE_ITEM #2
2026-09-05 20:53:11 DEBUG    [SA_03] ACTION: {'action': 'SHOW', 'target': 'top', 'content': 'phrase_text'}
2026-09-05 20:53:11 DEBUG    [SA_03] ACTION: {'action': 'PLAY', 'source': 'phrase_text'}
2026-09-05 20:53:11 DEBUG    [SA_03] AudioProvider: CACHE MISS
2026-09-05 20:53:12 DEBUG    [SA_03] TEXT PLAY
2026-09-05 20:53:14 DEBUG    [SA_03] TEXT_END
2026-09-05 20:53:14 DEBUG    [SA_03] ACTION: {'action': 'WAIT', 'source': 'pause_before_translation'}
2026-09-05 20:53:16 DEBUG    [SA_03] PAUSE_END
2026-09-05 20:53:16 DEBUG    [SA_03] ACTION: {'action': 'SHOW', 'target': 'bottom', 'content': 'translate_text'}
2026-09-05 20:53:16 DEBUG    [SA_03] ACTION: {'action': 'PLAY', 'source': 'translate_text'}
2026-09-05 20:53:16 DEBUG    [SA_03] AudioProvider: CACHE MISS
2026-09-05 20:53:17 DEBUG    [SA_03] TRANSLATION PLAY
2026-09-05 20:53:19 DEBUG    [SA_03] TRANSLATION_END
2026-09-05 20:53:19 DEBUG    [SA_03] ACTION: {'action': 'WAIT', 'source': 'pause_between_sentences'}
2026-09-05 20:53:21 DEBUG    [SA_03] PAUSE_END
2026-09-05 20:53:21 DEBUG    [SA_03] ACTION: {'action': 'HIDE', 'target': 'top'}
2026-09-05 20:53:21 DEBUG    [SA_03] ACTION: {'action': 'HIDE', 'target': 'bottom'}
2026-09-05 20:53:21 INFO     [SA_03] SCENARIO FINISHED
2026-09-05 20:53:21 DEBUG    [SA_03] FINISH_ITEM: repeat 1/1
2026-09-05 20:53:21 DEBUG    [SA_03] PREPARE_ITEM #3
2026-09-05 20:53:21 DEBUG    [SA_03] ACTION: {'action': 'SHOW', 'target': 'top', 'content': 'phrase_text'}
2026-09-05 20:53:21 DEBUG    [SA_03] ACTION: {'action': 'PLAY', 'source': 'phrase_text'}
2026-09-05 20:53:21 DEBUG    [SA_03] AudioProvider: CACHE MISS
2026-09-05 20:53:23 DEBUG    [SA_03] TEXT PLAY
2026-09-05 20:53:28 DEBUG    [SA_03] TEXT_END
2026-09-05 20:53:28 DEBUG    [SA_03] ACTION: {'action': 'WAIT', 'source': 'pause_before_translation'}
2026-09-05 20:53:33 DEBUG    [SA_03] PAUSE_END
2026-09-05 20:53:33 DEBUG    [SA_03] ACTION: {'action': 'SHOW', 'target': 'bottom', 'content': 'translate_text'}
2026-09-05 20:53:33 DEBUG    [SA_03] ACTION: {'action': 'PLAY', 'source': 'translate_text'}
2026-09-05 20:53:33 DEBUG    [SA_03] AudioProvider: CACHE MISS
2026-09-05 20:53:35 WARNING  [SA_03] AudioProvider: TTS failed: No audio was received. Please verify that your parameters are correct.
2026-09-05 20:53:35 DEBUG    [SA_03] TRANSLATION SKIPPED
2026-09-05 20:53:35 DEBUG    [SA_03] ACTION: {'action': 'WAIT', 'source': 'pause_between_sentences'}
2026-09-05 20:53:37 DEBUG    [SA_03] PAUSE_END
2026-09-05 20:53:37 DEBUG    [SA_03] ACTION: {'action': 'HIDE', 'target': 'top'}
2026-09-05 20:53:37 DEBUG    [SA_03] ACTION: {'action': 'HIDE', 'target': 'bottom'}
2026-09-05 20:53:37 INFO     [SA_03] SCENARIO FINISHED
2026-09-05 20:53:37 DEBUG    [SA_03] FINISH_ITEM: repeat 1/1
2026-09-05 20:53:37 DEBUG    [SA_03] PREPARE_ITEM #4
2026-09-05 20:53:37 DEBUG    [SA_03] ACTION: {'action': 'SHOW', 'target': 'top', 'content': 'phrase_text'}
2026-09-05 20:53:37 DEBUG    [SA_03] ACTION: {'action': 'PLAY', 'source': 'phrase_text'}
2026-09-05 20:53:37 DEBUG    [SA_03] AudioProvider: CACHE MISS
2026-09-05 20:53:40 DEBUG    [SA_03] TEXT PLAY
2026-09-05 20:53:43 DEBUG    [SA_03] TEXT_END
2026-09-05 20:53:43 DEBUG    [SA_03] ACTION: {'action': 'WAIT', 'source': 'pause_before_translation'}
2026-09-05 20:53:48 DEBUG    [SA_03] PAUSE_END
2026-09-05 20:53:48 DEBUG    [SA_03] ACTION: {'action': 'SHOW', 'target': 'bottom', 'content': 'translate_text'}
2026-09-05 20:53:48 DEBUG    [SA_03] ACTION: {'action': 'PLAY', 'source': 'translate_text'}
2026-09-05 20:53:48 DEBUG    [SA_03] AudioProvider: CACHE MISS
2026-09-05 20:53:52 DEBUG    [SA_03] TRANSLATION PLAY
2026-09-05 20:53:56 DEBUG    [SA_03] TRANSLATION_END
2026-09-05 20:53:56 DEBUG    [SA_03] ACTION: {'action': 'WAIT', 'source': 'pause_between_sentences'}
2026-09-05 20:53:58 DEBUG    [SA_03] PAUSE_END
2026-09-05 20:53:58 DEBUG    [SA_03] ACTION: {'action': 'HIDE', 'target': 'top'}
2026-09-05 20:53:58 DEBUG    [SA_03] ACTION: {'action': 'HIDE', 'target': 'bottom'}
2026-09-05 20:53:58 INFO     [SA_03] SCENARIO FINISHED
2026-09-05 20:53:58 DEBUG    [SA_03] FINISH_ITEM: repeat 1/1
2026-09-05 20:53:58 DEBUG    [SA_03] PREPARE_ITEM #5
2026-09-05 20:53:58 DEBUG    [SA_03] ACTION: {'action': 'SHOW', 'target': 'top', 'content': 'phrase_text'}
2026-09-05 20:53:58 DEBUG    [SA_03] ACTION: {'action': 'PLAY', 'source': 'phrase_text'}
2026-09-05 20:53:58 DEBUG    [SA_03] AudioProvider: CACHE MISS
2026-09-05 20:53:59 DEBUG    [SA_03] TEXT PLAY
2026-09-05 20:54:04 DEBUG    [SA_03] TEXT_END
2026-09-05 20:54:04 DEBUG    [SA_03] ACTION: {'action': 'WAIT', 'source': 'pause_before_translation'}
2026-09-05 20:54:09 DEBUG    [SA_03] Button: pause
2026-09-05 20:54:40 DEBUG    [SA_03] Button: settings
2026-09-05 20:54:40 DEBUG    [SA_03] INITIAL ITEM: phrase_code = pl phrase_locale = pl-PL phrase_voice = pl-PL-MarekNeural
2026-09-05 20:54:40 DEBUG    [SA_03] INITIAL SOURCE: language = pl locale = pl-PL voice = 
2026-09-05 20:54:40 DEBUG    [SA_03] Target language: en
2026-09-05 20:54:41 DEBUG    [SA_03] Target locale: en-US
2026-09-05 20:54:46 DEBUG    [SA_03] Button: settings
2026-09-05 20:54:46 DEBUG    [SA_03] INITIAL ITEM: phrase_code = pl phrase_locale = pl-PL phrase_voice = pl-PL-MarekNeural
2026-09-05 20:54:46 DEBUG    [SA_03] INITIAL SOURCE: language = pl locale = pl-PL voice = 
2026-09-05 20:54:46 DEBUG    [SA_03] Target language: en
2026-09-05 20:54:47 DEBUG    [SA_03] Target locale: en-US
2026-09-05 20:55:13 DEBUG    [SA_03] Button: settings
2026-09-05 20:55:13 DEBUG    [SA_03] INITIAL ITEM: phrase_code = pl phrase_locale = pl-PL phrase_voice = pl-PL-MarekNeural
2026-09-05 20:55:13 DEBUG    [SA_03] INITIAL SOURCE: language = pl locale = pl-PL voice = 
2026-09-05 20:55:13 DEBUG    [SA_03] Target language: en
2026-09-05 20:55:13 DEBUG    [SA_03] Target locale: en-US
2026-09-05 20:55:21 DEBUG    [SA_03] Scenario: translation_first
2026-09-05 20:55:24 DEBUG    [SA_03] Button: play
2026-09-05 20:55:24 DEBUG    [SA_03] PREPARE_ITEM #5
2026-09-05 20:55:24 DEBUG    [SA_03] ACTION: {'action': 'HIDE', 'target': 'top'}
2026-09-05 20:55:24 DEBUG    [SA_03] ACTION: {'action': 'SHOW', 'target': 'bottom', 'content': 'translate_text'}
2026-09-05 20:55:24 DEBUG    [SA_03] ACTION: {'action': 'PLAY', 'source': 'translate_text'}
2026-09-05 20:55:24 DEBUG    [SA_03] AudioProvider: CACHE MISS
2026-09-05 20:55:31 DEBUG    [SA_03] TRANSLATION PLAY
2026-09-05 20:55:37 DEBUG    [SA_03] TRANSLATION_END
2026-09-05 20:55:37 DEBUG    [SA_03] ACTION: {'action': 'WAIT', 'source': 'pause_before_translation'}
2026-09-05 20:55:43 DEBUG    [SA_03] PAUSE_END
2026-09-05 20:55:43 DEBUG    [SA_03] ACTION: {'action': 'SHOW', 'target': 'top', 'content': 'phrase_text'}
2026-09-05 20:55:43 DEBUG    [SA_03] ACTION: {'action': 'PLAY', 'source': 'phrase_text'}
2026-09-05 20:55:43 DEBUG    [SA_03] AudioProvider: CACHE HIT
2026-09-05 20:55:43 DEBUG    [SA_03] TEXT PLAY
2026-09-05 20:55:47 DEBUG    [SA_03] TEXT_END
2026-09-05 20:55:47 DEBUG    [SA_03] ACTION: {'action': 'WAIT', 'source': 'pause_between_sentences'}
2026-09-05 20:55:49 DEBUG    [SA_03] PAUSE_END
2026-09-05 20:55:49 DEBUG    [SA_03] ACTION: {'action': 'HIDE', 'target': 'top'}
2026-09-05 20:55:49 DEBUG    [SA_03] ACTION: {'action': 'HIDE', 'target': 'bottom'}
2026-09-05 20:55:49 INFO     [SA_03] SCENARIO FINISHED
2026-09-05 20:55:50 DEBUG    [SA_03] FINISH_ITEM: repeat 1/1
2026-09-05 20:55:50 DEBUG    [SA_03] PREPARE_ITEM #6
2026-09-05 20:55:50 DEBUG    [SA_03] ACTION: {'action': 'HIDE', 'target': 'top'}
2026-09-05 20:55:50 DEBUG    [SA_03] ACTION: {'action': 'SHOW', 'target': 'bottom', 'content': 'translate_text'}
2026-09-05 20:55:50 DEBUG    [SA_03] ACTION: {'action': 'PLAY', 'source': 'translate_text'}
2026-09-05 20:55:50 DEBUG    [SA_03] AudioProvider: CACHE MISS
2026-09-05 20:55:56 DEBUG    [SA_03] TRANSLATION PLAY
2026-09-05 20:56:00 DEBUG    [SA_03] TRANSLATION_END
2026-09-05 20:56:00 DEBUG    [SA_03] ACTION: {'action': 'WAIT', 'source': 'pause_before_translation'}
2026-09-05 20:56:03 DEBUG    [SA_03] PAUSE_END
2026-09-05 20:56:03 DEBUG    [SA_03] ACTION: {'action': 'SHOW', 'target': 'top', 'content': 'phrase_text'}
2026-09-05 20:56:03 DEBUG    [SA_03] ACTION: {'action': 'PLAY', 'source': 'phrase_text'}
2026-09-05 20:56:03 DEBUG    [SA_03] AudioProvider: CACHE MISS
2026-09-05 20:56:05 DEBUG    [SA_03] TEXT PLAY
2026-09-05 20:56:08 DEBUG    [SA_03] TEXT_END
2026-09-05 20:56:08 DEBUG    [SA_03] ACTION: {'action': 'WAIT', 'source': 'pause_between_sentences'}
2026-09-05 20:56:10 DEBUG    [SA_03] PAUSE_END
2026-09-05 20:56:10 DEBUG    [SA_03] ACTION: {'action': 'HIDE', 'target': 'top'}
2026-09-05 20:56:10 DEBUG    [SA_03] ACTION: {'action': 'HIDE', 'target': 'bottom'}
2026-09-05 20:56:10 INFO     [SA_03] SCENARIO FINISHED
2026-09-05 20:56:10 DEBUG    [SA_03] FINISH_ITEM: repeat 1/1
2026-09-05 20:56:10 DEBUG    [SA_03] PREPARE_ITEM #7
2026-09-05 20:56:10 DEBUG    [SA_03] ACTION: {'action': 'HIDE', 'target': 'top'}
2026-09-05 20:56:10 DEBUG    [SA_03] ACTION: {'action': 'SHOW', 'target': 'bottom', 'content': 'translate_text'}
2026-09-05 20:56:10 DEBUG    [SA_03] ACTION: {'action': 'PLAY', 'source': 'translate_text'}
2026-09-05 20:56:10 DEBUG    [SA_03] AudioProvider: CACHE MISS
2026-09-05 20:56:14 DEBUG    [SA_03] TRANSLATION PLAY
2026-09-05 20:56:20 DEBUG    [SA_03] TRANSLATION_END
2026-09-05 20:56:20 DEBUG    [SA_03] ACTION: {'action': 'WAIT', 'source': 'pause_before_translation'}
2026-09-05 20:56:26 DEBUG    [SA_03] PAUSE_END
2026-09-05 20:56:26 DEBUG    [SA_03] ACTION: {'action': 'SHOW', 'target': 'top', 'content': 'phrase_text'}
2026-09-05 20:56:26 DEBUG    [SA_03] ACTION: {'action': 'PLAY', 'source': 'phrase_text'}
2026-09-05 20:56:26 DEBUG    [SA_03] AudioProvider: CACHE MISS
2026-09-05 20:56:28 DEBUG    [SA_03] TEXT PLAY
2026-09-05 20:56:33 DEBUG    [SA_03] TEXT_END
2026-09-05 20:56:33 DEBUG    [SA_03] ACTION: {'action': 'WAIT', 'source': 'pause_between_sentences'}
2026-09-05 20:56:35 DEBUG    [SA_03] PAUSE_END
2026-09-05 20:56:35 DEBUG    [SA_03] ACTION: {'action': 'HIDE', 'target': 'top'}
2026-09-05 20:56:35 DEBUG    [SA_03] ACTION: {'action': 'HIDE', 'target': 'bottom'}
2026-09-05 20:56:35 INFO     [SA_03] SCENARIO FINISHED
2026-09-05 20:56:35 DEBUG    [SA_03] FINISH_ITEM: repeat 1/1
2026-09-05 20:56:35 DEBUG    [SA_03] PREPARE_ITEM #8
2026-09-05 20:56:35 DEBUG    [SA_03] ACTION: {'action': 'HIDE', 'target': 'top'}
2026-09-05 20:56:35 DEBUG    [SA_03] ACTION: {'action': 'SHOW', 'target': 'bottom', 'content': 'translate_text'}
2026-09-05 20:56:35 DEBUG    [SA_03] ACTION: {'action': 'PLAY', 'source': 'translate_text'}
2026-09-05 20:56:35 DEBUG    [SA_03] AudioProvider: CACHE MISS
2026-09-05 20:56:38 DEBUG    [SA_03] Button: pause
2026-09-05 20:56:42 DEBUG    [SA_03] Button: db
2026-09-05 20:56:43 INFO     [SA_03] Database sets loaded: 15
2026-09-05 20:56:43 DEBUG    [SA_03] Selected set: English A2-23
2026-09-05 20:57:00 DEBUG    [SA_03] Button: db
2026-09-05 20:57:02 INFO     [SA_03] Database sets loaded: 15
2026-09-05 20:57:02 DEBUG    [SA_03] Selected set: English A2-23
2026-09-05 20:57:04 DEBUG    [SA_03] Button: settodb
2026-09-05 20:57:04 DEBUG    [SA_03] SETTO​DB user_id=2
2026-09-05 20:57:04 DEBUG    [SA_03] SETTO​DB data items=64
2026-09-05 20:57:06 INFO     [SA_03] Session saved to database: {'set_id': 45}
2026-09-05 20:57:07 INFO     [SA_03] Database sets loaded: 16
2026-09-05 20:57:07 DEBUG    [SA_03] Selected set: English A2-23
2026-09-05 20:57:15 DEBUG    [SA_03] Selected set: Shadowing
2026-09-05 21:02:15 DEBUG    [SA_03] Button: datatodb
2026-09-05 21:02:15 DEBUG    [SA_03] DATATODB set_id=45
2026-09-05 21:02:17 INFO     [SA_03] Data saved to database: {'set_id': 45, 'set_name': 'dialogi  kwalifikacyjny', 'set_description': 'Są to dialogi  kwalifikacyjnych przy przyjęncu do pracy', 'set_update_date': '2026-09-05T19:02:17'}
2026-09-05 21:02:18 INFO     [SA_03] Database sets loaded: 16
2026-09-05 21:02:18 DEBUG    [SA_03] Selected set: dialogi  kwalifikacyjny
2026-09-05 21:02:25 DEBUG    [SA_03] Button: settodb
2026-09-05 21:02:25 DEBUG    [SA_03] SETTO​DB user_id=2
2026-09-05 21:02:25 DEBUG    [SA_03] SETTO​DB data items=64
2026-09-05 21:02:27 INFO     [SA_03] Session saved to database: {'set_id': 46}
2026-09-05 21:02:28 INFO     [SA_03] Database sets loaded: 17
2026-09-05 21:02:28 DEBUG    [SA_03] Selected set: English A2-23
2026-09-05 21:02:32 DEBUG    [SA_03] Selected set: Dictation Измененный
2026-09-05 21:02:39 DEBUG    [SA_03] Selected set: dialogi  kwalifikacyjny
2026-09-05 21:02:42 DEBUG    [SA_03] Button: dbtoset
2026-09-05 21:02:44 INFO     [SA_03] Set loaded into session: 45
2026-09-05 21:08:25 INFO     [SA_03] Finsh Application
2026-09-06 16:44:51 INFO     [SA_03] Start Application
2026-09-06 16:44:51 DEBUG    [SA_03] INITIAL ITEM: phrase_code = pl phrase_locale = pl-PL phrase_voice = pl-PL-MarekNeural
2026-09-06 16:44:51 DEBUG    [SA_03] INITIAL SOURCE: language = pl locale = pl-PL voice = 
2026-09-06 16:44:55 DEBUG    [SA_03] Button: db
2026-09-06 16:44:57 INFO     [SA_03] Database sets loaded: 17
2026-09-06 16:44:57 DEBUG    [SA_03] Selected set: English A2-23
2026-09-06 16:47:28 DEBUG    [SA_03] Button: db
2026-09-06 16:47:29 INFO     [SA_03] Database sets loaded: 17
2026-09-06 16:47:29 DEBUG    [SA_03] Selected set: English A2-23
2026-09-06 16:47:33 DEBUG    [SA_03] Button: register
2026-09-06 16:47:50 INFO     [SA_03] Finsh Application
2026-09-06 16:53:55 INFO     [SA_03] Start Application
2026-09-06 16:53:56 DEBUG    [SA_03] INITIAL ITEM: phrase_code = pl phrase_locale = pl-PL phrase_voice = pl-PL-MarekNeural
2026-09-06 16:53:56 DEBUG    [SA_03] INITIAL SOURCE: language = pl locale = pl-PL voice = 
2026-09-06 16:53:57 DEBUG    [SA_03] Button: db
2026-09-06 16:53:58 INFO     [SA_03] Database sets loaded: 17
2026-09-06 16:53:58 DEBUG    [SA_03] Selected set: English A2-23
2026-09-06 16:53:59 DEBUG    [SA_03] Button: register
2026-09-06 16:54:18 DEBUG    [SA_03] Button: login
2026-09-06 16:54:47 DEBUG    [SA_03] Button: db
2026-09-06 16:54:48 INFO     [SA_03] Database sets loaded: 17
2026-09-06 16:54:48 DEBUG    [SA_03] Selected set: English A2-23
2026-09-06 17:03:55 INFO     [SA_03] Finsh Application
2026-09-06 17:03:58 INFO     [SA_03] Start Application
2026-09-06 17:03:58 DEBUG    [SA_03] INITIAL ITEM: phrase_code = pl phrase_locale = pl-PL phrase_voice = pl-PL-MarekNeural
2026-09-06 17:03:58 DEBUG    [SA_03] INITIAL SOURCE: language = pl locale = pl-PL voice = 
2026-09-06 17:04:00 DEBUG    [SA_03] Button: db
2026-09-06 17:04:01 INFO     [SA_03] Database sets loaded: 17
2026-09-06 17:04:01 DEBUG    [SA_03] Selected set: English A2-23
2026-09-06 17:04:08 DEBUG    [SA_03] Selected set: English A2-23
2026-09-06 17:04:15 DEBUG    [SA_03] Button: login
2026-09-06 17:04:22 DEBUG    [SA_03] Button: settings
2026-09-06 17:04:22 DEBUG    [SA_03] INITIAL ITEM: phrase_code = pl phrase_locale = pl-PL phrase_voice = pl-PL-MarekNeural
2026-09-06 17:04:22 DEBUG    [SA_03] INITIAL SOURCE: language = pl locale = pl-PL voice = 
2026-09-06 17:04:22 DEBUG    [SA_03] Target language: en
2026-09-06 17:04:22 DEBUG    [SA_03] Target locale: en-US
2026-09-06 17:04:46 DEBUG    [SA_03] Button: db
2026-09-06 17:04:47 INFO     [SA_03] Database sets loaded: 17
2026-09-06 17:04:47 DEBUG    [SA_03] Selected set: English A2-23
2026-09-06 17:05:07 DEBUG    [SA_03] Button: settings
2026-09-06 17:05:07 DEBUG    [SA_03] INITIAL ITEM: phrase_code = pl phrase_locale = pl-PL phrase_voice = pl-PL-MarekNeural
2026-09-06 17:05:07 DEBUG    [SA_03] INITIAL SOURCE: language = pl locale = pl-PL voice = 
2026-09-06 17:05:07 DEBUG    [SA_03] Target language: en
2026-09-06 17:05:07 DEBUG    [SA_03] Target locale: en-US
2026-09-06 17:05:37 INFO     [SA_03] Finsh Application
2026-09-06 17:09:41 INFO     [SA_03] Start Application
2026-09-06 17:09:41 DEBUG    [SA_03] INITIAL ITEM: phrase_code = pl phrase_locale = pl-PL phrase_voice = pl-PL-MarekNeural
2026-09-06 17:09:41 DEBUG    [SA_03] INITIAL SOURCE: language = pl locale = pl-PL voice = 
2026-09-06 17:09:49 DEBUG    [SA_03] Button: db
2026-09-06 17:09:51 INFO     [SA_03] Database sets loaded: 17
2026-09-06 17:09:51 DEBUG    [SA_03] Selected set: English A2-23
2026-09-06 17:12:04 INFO     [SA_03] Finsh Application
2026-09-06 17:23:22 INFO     [SA_03] Start Application
2026-09-06 17:23:23 DEBUG    [SA_03] INITIAL ITEM: phrase_code = pl phrase_locale = pl-PL phrase_voice = pl-PL-MarekNeural
2026-09-06 17:23:23 DEBUG    [SA_03] INITIAL SOURCE: language = pl locale = pl-PL voice = 
2026-09-06 17:23:24 DEBUG    [SA_03] Button: db
2026-09-06 17:23:26 INFO     [SA_03] Database sets loaded: 17
2026-09-06 17:23:26 DEBUG    [SA_03] Selected set: English A2-23
2026-09-06 17:23:29 DEBUG    [SA_03] Button: login
2026-09-06 17:23:39 INFO     [SA_03] Finsh Application
2026-09-06 17:28:25 INFO     [SA_03] Start Application
2026-09-06 17:28:26 DEBUG    [SA_03] INITIAL ITEM: phrase_code = pl phrase_locale = pl-PL phrase_voice = pl-PL-MarekNeural
2026-09-06 17:28:26 DEBUG    [SA_03] INITIAL SOURCE: language = pl locale = pl-PL voice = 
2026-09-06 17:28:34 DEBUG    [SA_03] Button: db
2026-09-06 17:28:35 INFO     [SA_03] Database sets loaded: 17
2026-09-06 17:28:35 DEBUG    [SA_03] Selected set: English A2-23
2026-09-06 17:28:37 DEBUG    [SA_03] Button: login
2026-09-06 17:28:51 INFO     [SA_03] Finsh Application
2026-09-06 17:28:55 INFO     [SA_03] Start Application
2026-09-06 17:28:55 DEBUG    [SA_03] INITIAL ITEM: phrase_code = pl phrase_locale = pl-PL phrase_voice = pl-PL-MarekNeural
2026-09-06 17:28:55 DEBUG    [SA_03] INITIAL SOURCE: language = pl locale = pl-PL voice = 
2026-09-06 17:28:59 DEBUG    [SA_03] Button: settings
2026-09-06 17:28:59 DEBUG    [SA_03] INITIAL ITEM: phrase_code = pl phrase_locale = pl-PL phrase_voice = pl-PL-MarekNeural
2026-09-06 17:28:59 DEBUG    [SA_03] INITIAL SOURCE: language = pl locale = pl-PL voice = 
2026-09-06 17:28:59 DEBUG    [SA_03] Target language: en
2026-09-06 17:29:00 DEBUG    [SA_03] Target locale: en-US
2026-09-06 17:29:02 DEBUG    [SA_03] Button: db
2026-09-06 17:29:03 INFO     [SA_03] Database sets loaded: 17
2026-09-06 17:29:03 DEBUG    [SA_03] Selected set: English A2-23
2026-09-06 17:29:17 INFO     [SA_03] Finsh Application
2026-09-06 17:35:00 INFO     [SA_03] Start Application
2026-09-06 17:35:00 DEBUG    [SA_03] INITIAL ITEM: phrase_code = pl phrase_locale = pl-PL phrase_voice = pl-PL-MarekNeural
2026-09-06 17:35:00 DEBUG    [SA_03] INITIAL SOURCE: language = pl locale = pl-PL voice = 
2026-09-06 17:35:02 DEBUG    [SA_03] Button: db
2026-09-06 17:35:03 INFO     [SA_03] Database sets loaded: 17
2026-09-06 17:35:03 DEBUG    [SA_03] Selected set: English A2-23
2026-09-06 17:37:17 DEBUG    [SA_03] Button: play
2026-09-06 17:37:17 DEBUG    [SA_03] PREPARE_ITEM #0
2026-09-06 17:37:17 DEBUG    [SA_03] ACTION: {'action': 'HIDE', 'target': 'top'}
2026-09-06 17:37:17 DEBUG    [SA_03] ACTION: {'action': 'SHOW', 'target': 'bottom', 'content': 'translate_text'}
2026-09-06 17:37:17 DEBUG    [SA_03] ACTION: {'action': 'PLAY', 'source': 'translate_text'}
2026-09-06 17:37:17 DEBUG    [SA_03] AudioProvider: CACHE HIT
2026-09-06 17:37:17 DEBUG    [SA_03] TRANSLATION PLAY
2026-09-06 17:37:20 DEBUG    [SA_03] Button: pause
2026-09-06 17:37:24 INFO     [SA_03] Finsh Application
2026-09-06 17:47:53 INFO     [SA_03] Start Application
2026-09-06 17:47:54 DEBUG    [SA_03] INITIAL ITEM: phrase_code = pl phrase_locale = pl-PL phrase_voice = pl-PL-MarekNeural
2026-09-06 17:47:54 DEBUG    [SA_03] INITIAL SOURCE: language = pl locale = pl-PL voice = 
2026-09-06 17:48:57 INFO     [SA_03] Finsh Application
2026-09-06 17:50:52 INFO     [SA_03] Start Application
2026-09-06 17:50:52 DEBUG    [SA_03] INITIAL ITEM: phrase_code = pl phrase_locale = pl-PL phrase_voice = pl-PL-MarekNeural
2026-09-06 17:50:52 DEBUG    [SA_03] INITIAL SOURCE: language = pl locale = pl-PL voice = 
2026-09-06 17:51:03 INFO     [SA_03] Finsh Application
2026-09-07 09:08:14 INFO     [SA_03] Start Application
2026-09-07 09:08:14 DEBUG    [SA_03] INITIAL ITEM: phrase_code = pl phrase_locale = pl-PL phrase_voice = pl-PL-MarekNeural
2026-09-07 09:08:14 DEBUG    [SA_03] INITIAL SOURCE: language = pl locale = pl-PL voice = 
2026-09-07 09:08:32 DEBUG    [SA_03] Button: db
2026-09-07 09:08:34 INFO     [SA_03] Database sets loaded: 17
2026-09-07 09:08:34 DEBUG    [SA_03] Selected set: English A2-23
2026-09-07 09:15:01 INFO     [SA_03] Finsh Application
2026-09-07 09:16:28 INFO     [SA_03] Start Application
2026-09-07 09:16:28 DEBUG    [SA_03] INITIAL ITEM: phrase_code = pl phrase_locale = pl-PL phrase_voice = pl-PL-MarekNeural
2026-09-07 09:16:28 DEBUG    [SA_03] INITIAL SOURCE: language = pl locale = pl-PL voice = 
2026-09-07 09:16:36 DEBUG    [SA_03] Button: db
2026-09-07 09:16:37 INFO     [SA_03] Database sets loaded: 17
2026-09-07 09:16:37 DEBUG    [SA_03] Selected set: English A2-23
2026-09-07 09:18:11 INFO     [SA_03] Finsh Application
2026-09-07 09:18:15 INFO     [SA_03] Start Application
2026-09-07 09:18:15 DEBUG    [SA_03] INITIAL ITEM: phrase_code = pl phrase_locale = pl-PL phrase_voice = pl-PL-MarekNeural
2026-09-07 09:18:15 DEBUG    [SA_03] INITIAL SOURCE: language = pl locale = pl-PL voice = 
2026-09-07 09:18:24 DEBUG    [SA_03] Button: db
2026-09-07 09:18:25 INFO     [SA_03] Database sets loaded: 17
2026-09-07 09:18:25 DEBUG    [SA_03] Selected set: English A2-23
2026-09-07 09:18:50 DEBUG    [SA_03] Button: settings
2026-09-07 09:18:50 DEBUG    [SA_03] INITIAL ITEM: phrase_code = pl phrase_locale = pl-PL phrase_voice = pl-PL-MarekNeural
2026-09-07 09:18:50 DEBUG    [SA_03] INITIAL SOURCE: language = pl locale = pl-PL voice = 
2026-09-07 09:18:50 DEBUG    [SA_03] Target language: en
2026-09-07 09:18:51 DEBUG    [SA_03] Target locale: en-US
2026-09-07 09:18:54 DEBUG    [SA_03] Button: db
2026-09-07 09:18:56 INFO     [SA_03] Database sets loaded: 17
2026-09-07 09:18:56 DEBUG    [SA_03] Selected set: English A2-23
2026-09-07 09:19:00 INFO     [SA_03] Finsh Application
2026-09-07 09:32:28 INFO     [SA_03] Start Application
2026-09-07 09:32:28 DEBUG    [SA_03] INITIAL ITEM: phrase_code = pl phrase_locale = pl-PL phrase_voice = pl-PL-MarekNeural
2026-09-07 09:32:28 DEBUG    [SA_03] INITIAL SOURCE: language = pl locale = pl-PL voice = 
2026-09-07 09:32:33 DEBUG    [SA_03] Button: quit
2026-09-07 09:32:48 INFO     [SA_03] Finsh Application
2026-09-07 09:48:35 INFO     [SA_03] Start Application
2026-09-07 09:48:36 DEBUG    [SA_03] INITIAL ITEM: phrase_code = pl phrase_locale = pl-PL phrase_voice = pl-PL-MarekNeural
2026-09-07 09:48:36 DEBUG    [SA_03] INITIAL SOURCE: language = pl locale = pl-PL voice = 
2026-09-07 09:48:37 DEBUG    [SA_03] Button: db
2026-09-07 09:48:39 INFO     [SA_03] Database sets loaded: 17
2026-09-07 09:48:39 DEBUG    [SA_03] Selected set: English A2-23
2026-09-07 09:48:42 DEBUG    [SA_03] Button: login
2026-09-07 09:48:46 DEBUG    [SA_03] Button: register
2026-09-07 09:48:56 DEBUG    [SA_03] Button: login
2026-09-07 09:49:01 INFO     [SA_03] Finsh Application
2026-09-07 09:52:14 INFO     [SA_03] Start Application
2026-09-07 09:52:14 DEBUG    [SA_03] INITIAL ITEM: phrase_code = pl phrase_locale = pl-PL phrase_voice = pl-PL-MarekNeural
2026-09-07 09:52:14 DEBUG    [SA_03] INITIAL SOURCE: language = pl locale = pl-PL voice = 
2026-09-07 09:52:15 DEBUG    [SA_03] Button: db
2026-09-07 09:52:17 INFO     [SA_03] Database sets loaded: 17
2026-09-07 09:52:17 DEBUG    [SA_03] Selected set: English A2-23
2026-09-07 09:52:18 DEBUG    [SA_03] Button: login
2026-09-07 09:52:24 INFO     [SA_03] Finsh Application
2026-09-07 09:54:53 INFO     [SA_03] Start Application
2026-09-07 09:54:54 DEBUG    [SA_03] INITIAL ITEM: phrase_code = pl phrase_locale = pl-PL phrase_voice = pl-PL-MarekNeural
2026-09-07 09:54:54 DEBUG    [SA_03] INITIAL SOURCE: language = pl locale = pl-PL voice = 
2026-09-07 09:54:56 DEBUG    [SA_03] Button: db
2026-09-07 09:54:57 INFO     [SA_03] Database sets loaded: 17
2026-09-07 09:54:57 DEBUG    [SA_03] Selected set: English A2-23
2026-09-07 09:54:58 DEBUG    [SA_03] Button: login
2026-09-07 09:57:04 INFO     [SA_03] Start Application
2026-09-07 09:57:04 DEBUG    [SA_03] INITIAL ITEM: phrase_code = pl phrase_locale = pl-PL phrase_voice = pl-PL-MarekNeural
2026-09-07 09:57:04 DEBUG    [SA_03] INITIAL SOURCE: language = pl locale = pl-PL voice = 
2026-09-07 09:57:06 DEBUG    [SA_03] Button: db
2026-09-07 09:57:06 INFO     [SA_03] Database sets loaded: 17
2026-09-07 09:57:06 DEBUG    [SA_03] Selected set: English A2-23
2026-09-07 09:57:08 DEBUG    [SA_03] Button: login
2026-09-07 09:59:04 INFO     [SA_03] Start Application
2026-09-07 09:59:04 DEBUG    [SA_03] INITIAL ITEM: phrase_code = pl phrase_locale = pl-PL phrase_voice = pl-PL-MarekNeural
2026-09-07 09:59:04 DEBUG    [SA_03] INITIAL SOURCE: language = pl locale = pl-PL voice = 
2026-09-07 09:59:06 DEBUG    [SA_03] Button: db
2026-09-07 09:59:07 INFO     [SA_03] Database sets loaded: 17
2026-09-07 09:59:07 DEBUG    [SA_03] Selected set: English A2-23
2026-09-07 09:59:08 DEBUG    [SA_03] Button: login
2026-09-07 09:59:17 DEBUG    [SA_03] Button: login
2026-09-07 09:59:22 DEBUG    [SA_03] Button: login
2026-09-07 09:59:31 DEBUG    [SA_03] Button: register
2026-09-07 09:59:34 DEBUG    [SA_03] Button: login
2026-09-07 09:59:52 INFO     [SA_03] Finsh Application
2026-09-07 10:02:49 INFO     [SA_03] Start Application
2026-09-07 10:02:49 DEBUG    [SA_03] INITIAL ITEM: phrase_code = pl phrase_locale = pl-PL phrase_voice = pl-PL-MarekNeural
2026-09-07 10:02:49 DEBUG    [SA_03] INITIAL SOURCE: language = pl locale = pl-PL voice = 
2026-09-07 10:02:50 DEBUG    [SA_03] Button: db
2026-09-07 10:02:52 INFO     [SA_03] Database sets loaded: 17
2026-09-07 10:02:52 DEBUG    [SA_03] Selected set: English A2-23
2026-09-07 10:02:52 DEBUG    [SA_03] Button: login
2026-09-07 10:03:49 DEBUG    [SA_03] Button: login
2026-09-07 10:03:56 DEBUG    [SA_03] Button: login
2026-09-07 10:04:17 INFO     [SA_03] Finsh Application
2026-09-07 10:04:21 INFO     [SA_03] Start Application
2026-09-07 10:04:21 DEBUG    [SA_03] INITIAL ITEM: phrase_code = pl phrase_locale = pl-PL phrase_voice = pl-PL-MarekNeural
2026-09-07 10:04:21 DEBUG    [SA_03] INITIAL SOURCE: language = pl locale = pl-PL voice = 
2026-09-07 10:04:23 DEBUG    [SA_03] Button: db
2026-09-07 10:04:23 INFO     [SA_03] Database sets loaded: 17
2026-09-07 10:04:23 DEBUG    [SA_03] Selected set: English A2-23
2026-09-07 10:04:24 DEBUG    [SA_03] Button: login
2026-09-07 10:04:51 DEBUG    [SA_03] Button: login
2026-09-07 10:05:10 DEBUG    [SA_03] Button: login
2026-09-07 10:05:44 DEBUG    [SA_03] Button: login
2026-09-07 10:12:23 INFO     [SA_03] Finsh Application
2026-09-07 10:12:26 INFO     [SA_03] Start Application
2026-09-07 10:12:26 DEBUG    [SA_03] INITIAL ITEM: phrase_code = pl phrase_locale = pl-PL phrase_voice = pl-PL-MarekNeural
2026-09-07 10:12:26 DEBUG    [SA_03] INITIAL SOURCE: language = pl locale = pl-PL voice = 
2026-09-07 10:12:28 DEBUG    [SA_03] Button: db
2026-09-07 10:12:29 INFO     [SA_03] Database sets loaded: 17
2026-09-07 10:12:29 DEBUG    [SA_03] Selected set: English A2-23
2026-09-07 10:12:30 DEBUG    [SA_03] Button: login
2026-09-07 10:12:51 DEBUG    [SA_03] Button: login
2026-09-07 10:14:08 INFO     [SA_03] Finsh Application
2026-09-07 10:14:12 INFO     [SA_03] Start Application
2026-09-07 10:14:12 DEBUG    [SA_03] INITIAL ITEM: phrase_code = pl phrase_locale = pl-PL phrase_voice = pl-PL-MarekNeural
2026-09-07 10:14:12 DEBUG    [SA_03] INITIAL SOURCE: language = pl locale = pl-PL voice = 
2026-09-07 10:14:14 DEBUG    [SA_03] Button: db
2026-09-07 10:14:14 INFO     [SA_03] Database sets loaded: 17
2026-09-07 10:14:14 DEBUG    [SA_03] Selected set: English A2-23
2026-09-07 10:14:15 DEBUG    [SA_03] Button: login
2026-09-07 10:14:20 DEBUG    [SA_03] Button: login
2026-09-07 10:26:10 INFO     [SA_03] Finsh Application
2026-09-07 10:26:16 INFO     [SA_03] Start Application
2026-09-07 10:26:16 DEBUG    [SA_03] INITIAL ITEM: phrase_code = pl phrase_locale = pl-PL phrase_voice = pl-PL-MarekNeural
2026-09-07 10:26:16 DEBUG    [SA_03] INITIAL SOURCE: language = pl locale = pl-PL voice = 
2026-09-07 10:26:18 DEBUG    [SA_03] Button: db
2026-09-07 10:26:19 INFO     [SA_03] Database sets loaded: 17
2026-09-07 10:26:19 DEBUG    [SA_03] Selected set: English A2-23
2026-09-07 10:26:20 DEBUG    [SA_03] Button: login
2026-09-07 10:26:22 DEBUG    [SA_03] Button: login
2026-09-07 10:26:23 DEBUG    [SA_03] Button: login
2026-09-07 10:26:29 DEBUG    [SA_03] Button: login
2026-09-07 10:26:33 DEBUG    [SA_03] Button: login
2026-09-07 10:26:34 DEBUG    [SA_03] Button: login
2026-09-07 10:26:40 INFO     [SA_03] Finsh Application
2026-09-07 10:28:40 INFO     [SA_03] Start Application
2026-09-07 10:28:41 DEBUG    [SA_03] INITIAL ITEM: phrase_code = pl phrase_locale = pl-PL phrase_voice = pl-PL-MarekNeural
2026-09-07 10:28:41 DEBUG    [SA_03] INITIAL SOURCE: language = pl locale = pl-PL voice = 
2026-09-07 10:28:43 DEBUG    [SA_03] Button: db
2026-09-07 10:28:43 INFO     [SA_03] Database sets loaded: 17
2026-09-07 10:28:43 DEBUG    [SA_03] Selected set: English A2-23
2026-09-07 10:28:44 DEBUG    [SA_03] Button: login
2026-09-07 10:28:49 DEBUG    [SA_03] Button: login
2026-09-07 10:29:02 INFO     [SA_03] Finsh Application
2026-09-07 10:30:24 INFO     [SA_03] Start Application
2026-09-07 10:30:24 DEBUG    [SA_03] INITIAL ITEM: phrase_code = pl phrase_locale = pl-PL phrase_voice = pl-PL-MarekNeural
2026-09-07 10:30:24 DEBUG    [SA_03] INITIAL SOURCE: language = pl locale = pl-PL voice = 
2026-09-07 10:30:26 DEBUG    [SA_03] Button: db
2026-09-07 10:30:26 INFO     [SA_03] Database sets loaded: 17
2026-09-07 10:30:26 DEBUG    [SA_03] Selected set: English A2-23
2026-09-07 10:30:27 DEBUG    [SA_03] Button: login
2026-09-07 10:30:30 DEBUG    [SA_03] Button: login
2026-09-07 10:30:35 DEBUG    [SA_03] Button: login
2026-09-07 10:30:41 DEBUG    [SA_03] Button: login
2026-09-07 10:31:23 DEBUG    [SA_03] Button: db
2026-09-07 10:31:24 INFO     [SA_03] Database sets loaded: 17
2026-09-07 10:31:24 DEBUG    [SA_03] Selected set: English A2-23
2026-09-07 10:31:25 DEBUG    [SA_03] Button: login
2026-09-07 10:31:29 DEBUG    [SA_03] Button: login
2026-09-07 10:31:32 DEBUG    [SA_03] Button: login
2026-09-07 10:31:36 DEBUG    [SA_03] Button: login
2026-09-07 10:31:40 DEBUG    [SA_03] Button: login
2026-09-07 10:31:44 DEBUG    [SA_03] Button: login
2026-09-07 10:31:49 DEBUG    [SA_03] Button: login
2026-09-07 10:31:52 DEBUG    [SA_03] Button: login
2026-09-07 10:32:04 DEBUG    [SA_03] Button: register
2026-09-07 10:32:06 DEBUG    [SA_03] Button: login
2026-09-07 10:32:21 DEBUG    [SA_03] Button: login
2026-09-07 10:32:24 DEBUG    [SA_03] Button: login
2026-09-07 10:34:14 DEBUG    [SA_03] Button: login
2026-09-07 10:34:21 DEBUG    [SA_03] Button: login
2026-09-07 10:34:23 DEBUG    [SA_03] Button: login
2026-09-07 10:34:26 DEBUG    [SA_03] Button: login
2026-09-07 10:34:28 DEBUG    [SA_03] Button: login
2026-09-07 10:34:30 DEBUG    [SA_03] Button: login
2026-09-07 10:34:32 DEBUG    [SA_03] Button: login
2026-09-07 10:34:37 DEBUG    [SA_03] Button: login
2026-09-07 10:34:40 DEBUG    [SA_03] Button: login
2026-09-07 10:34:44 DEBUG    [SA_03] Button: login
2026-09-07 10:34:47 DEBUG    [SA_03] Button: login
2026-09-07 10:34:52 DEBUG    [SA_03] Button: login
2026-09-07 10:34:55 DEBUG    [SA_03] Button: login
2026-09-07 10:36:53 INFO     [SA_03] Finsh Application
2026-09-07 11:13:12 INFO     [SA_03] Start Application
2026-09-07 11:13:12 DEBUG    [SA_03] INITIAL ITEM: phrase_code = pl phrase_locale = pl-PL phrase_voice = pl-PL-MarekNeural
2026-09-07 11:13:12 DEBUG    [SA_03] INITIAL SOURCE: language = pl locale = pl-PL voice = 
2026-09-07 11:13:13 DEBUG    [SA_03] Button: db
2026-09-07 11:13:14 INFO     [SA_03] Database sets loaded: 17
2026-09-07 11:13:14 DEBUG    [SA_03] Selected set: English A2-23
2026-09-07 11:13:16 DEBUG    [SA_03] Button: login
2026-09-07 11:13:19 DEBUG    [SA_03] Button: login
2026-09-07 11:13:22 DEBUG    [SA_03] Button: login
2026-09-07 11:13:26 DEBUG    [SA_03] Button: register
2026-09-07 11:13:30 DEBUG    [SA_03] Button: register
2026-09-07 11:13:38 DEBUG    [SA_03] Button: login
2026-09-07 11:13:42 DEBUG    [SA_03] Button: login
2026-09-07 11:14:31 DEBUG    [SA_03] Button: login
2026-09-07 11:14:36 DEBUG    [SA_03] Button: register
2026-09-07 11:15:05 DEBUG    [SA_03] Button: login
2026-09-07 11:15:21 DEBUG    [SA_03] Button: login
2026-09-07 11:16:33 INFO     [SA_03] Finsh Application
2026-09-07 11:20:04 INFO     [SA_03] Start Application
2026-09-07 11:20:04 DEBUG    [SA_03] INITIAL ITEM: phrase_code = pl phrase_locale = pl-PL phrase_voice = pl-PL-MarekNeural
2026-09-07 11:20:04 DEBUG    [SA_03] INITIAL SOURCE: language = pl locale = pl-PL voice = 
2026-09-07 11:20:06 DEBUG    [SA_03] Button: db
2026-09-07 11:20:07 INFO     [SA_03] Database sets loaded: 17
2026-09-07 11:20:07 DEBUG    [SA_03] Selected set: English A2-23
2026-09-07 11:20:09 DEBUG    [SA_03] Button: login
2026-09-07 11:20:14 DEBUG    [SA_03] Button: register
2026-09-07 11:20:21 DEBUG    [SA_03] Button: login
2026-09-07 11:20:33 INFO     [SA_03] Finsh Application
2026-09-07 12:15:53 INFO     [SA_03] Start Application
2026-09-07 12:15:53 DEBUG    [SA_03] INITIAL ITEM: phrase_code = pl phrase_locale = pl-PL phrase_voice = pl-PL-MarekNeural
2026-09-07 12:15:53 DEBUG    [SA_03] INITIAL SOURCE: language = pl locale = pl-PL voice = 
2026-09-07 12:15:55 DEBUG    [SA_03] Button: db
2026-09-07 12:15:56 INFO     [SA_03] Database sets loaded: 17
2026-09-07 12:15:56 DEBUG    [SA_03] Selected set: English A2-23
2026-09-07 12:15:57 DEBUG    [SA_03] Button: login
2026-09-07 12:16:01 DEBUG    [SA_03] Button: login
2026-09-07 12:16:07 DEBUG    [SA_03] Button: login
2026-09-07 12:16:18 INFO     [SA_03] Database sets loaded: 17
2026-09-07 12:16:18 DEBUG    [SA_03] Selected set: English A2-23
2026-09-07 12:16:31 INFO     [SA_03] Finsh Application
2026-09-07 13:03:16 INFO     [SA_03] Start Application
2026-09-07 13:03:16 DEBUG    [SA_03] INITIAL ITEM: phrase_code = pl phrase_locale = pl-PL phrase_voice = pl-PL-MarekNeural
2026-09-07 13:03:16 DEBUG    [SA_03] INITIAL SOURCE: language = pl locale = pl-PL voice = 
2026-09-07 13:03:17 DEBUG    [SA_03] Button: db
2026-09-07 13:03:18 INFO     [SA_03] Database sets loaded: 17
2026-09-07 13:03:18 DEBUG    [SA_03] Selected set: English A2-23
2026-09-07 13:03:30 DEBUG    [SA_03] Selected set: Dictation - dictation
2026-09-07 13:03:32 DEBUG    [SA_03] Button: dropset
2026-09-07 13:03:38 DEBUG    [SA_03] Button: dropset
2026-09-07 13:03:39 DEBUG    [SA_03] DROPSET set_id=23
2026-09-07 13:03:40 INFO     [SA_03] Data deleted from database: {'set_id': 23, 'deleted': True}
2026-09-07 13:03:41 INFO     [SA_03] Database sets loaded: 16
2026-09-07 13:03:41 DEBUG    [SA_03] Selected set: English A2-23
2026-09-07 13:03:55 INFO     [SA_03] Finsh Application
2026-09-07 13:16:22 INFO     [SA_03] Start Application
2026-09-07 13:16:23 DEBUG    [SA_03] INITIAL ITEM: phrase_code = pl phrase_locale = pl-PL phrase_voice = pl-PL-MarekNeural
2026-09-07 13:16:23 DEBUG    [SA_03] INITIAL SOURCE: language = pl locale = pl-PL voice = 
2026-09-07 13:16:24 DEBUG    [SA_03] Button: db
2026-09-07 13:16:25 INFO     [SA_03] Database sets loaded: 16
2026-09-07 13:16:25 DEBUG    [SA_03] Selected set: English A2-23
2026-09-07 13:17:16 DEBUG    [SA_03] Button: datatodb
2026-09-07 13:17:27 DEBUG    [SA_03] Button: datatodb
2026-09-07 13:17:28 DEBUG    [SA_03] DATATODB set_id=1
2026-09-07 13:17:29 INFO     [SA_03] Data saved to database: {'set_id': 1, 'set_name': '_English A1', 'set_description': 'Dlogue simple new', 'set_update_date': '2026-09-07T11:17:28'}
2026-09-07 13:17:30 INFO     [SA_03] Database sets loaded: 16
2026-09-07 13:17:30 DEBUG    [SA_03] Selected set: _English A1
2026-09-07 13:18:21 DEBUG    [SA_03] Button: dropset
2026-09-07 13:18:34 DEBUG    [SA_03] Button: login
2026-09-07 13:20:04 INFO     [SA_03] Finsh Application
2026-09-07 13:29:06 INFO     [SA_03] Start Application
2026-09-07 13:29:06 DEBUG    [SA_03] INITIAL ITEM: phrase_code = pl phrase_locale = pl-PL phrase_voice = pl-PL-MarekNeural
2026-09-07 13:29:06 DEBUG    [SA_03] INITIAL SOURCE: language = pl locale = pl-PL voice = 
2026-09-07 13:29:08 DEBUG    [SA_03] Button: db
2026-09-07 13:29:09 INFO     [SA_03] Database sets loaded: 16
2026-09-07 13:29:09 DEBUG    [SA_03] Selected set: _English A1
2026-09-07 13:29:10 DEBUG    [SA_03] Button: datatodb
2026-09-07 13:29:28 DEBUG    [SA_03] Button: datatodb
2026-09-07 13:29:52 DEBUG    [SA_03] Button: dbtoset
2026-09-07 13:30:00 DEBUG    [SA_03] DBTOSET set_id=1
2026-09-07 13:30:01 INFO     [SA_03] Set loaded into session: 1
2026-09-07 13:30:06 DEBUG    [SA_03] Selected set: _English A1
2026-09-07 13:30:15 DEBUG    [SA_03] Selected set: Dictation - dictation
2026-09-07 13:30:33 DEBUG    [SA_03] Button: datatodb
2026-09-07 13:30:35 DEBUG    [SA_03] DATATODB set_id=8
2026-09-07 13:30:35 INFO     [SA_03] Data saved to database: {'set_id': 8, 'set_name': 'Dictation -', 'set_description': 'Generated dictation-----', 'set_update_date': '2026-09-07T11:30:34'}
2026-09-07 13:30:36 INFO     [SA_03] Database sets loaded: 16
2026-09-07 13:30:36 DEBUG    [SA_03] Selected set: Dictation -
2026-09-07 13:30:53 DEBUG    [SA_03] Selected set: Shadowing
2026-09-07 13:30:58 DEBUG    [SA_03] Button: dbtoset
2026-09-07 13:31:01 DEBUG    [SA_03] DBTOSET set_id=35
2026-09-07 13:31:01 INFO     [SA_03] Set loaded into session: 35
2026-09-07 13:31:20 DEBUG    [SA_03] Button: db
2026-09-07 13:31:21 INFO     [SA_03] Database sets loaded: 16
2026-09-07 13:31:21 DEBUG    [SA_03] Selected set: _English A1
2026-09-07 13:31:22 DEBUG    [SA_03] Button: settodb
2026-09-07 13:31:22 DEBUG    [SA_03] SETTO​DB user_id=2
2026-09-07 13:31:22 DEBUG    [SA_03] SETTO​DB data items=24
2026-09-07 13:31:25 INFO     [SA_03] Session saved to database: {'set_id': 47}
2026-09-07 13:31:26 INFO     [SA_03] Database sets loaded: 17
2026-09-07 13:31:26 DEBUG    [SA_03] Selected set: _English A1
2026-09-07 13:31:59 DEBUG    [SA_03] Button: datatodb
2026-09-07 13:32:01 DEBUG    [SA_03] DATATODB set_id=1
2026-09-07 13:32:01 INFO     [SA_03] Data saved to database: {'set_id': 1, 'set_name': 'English A1', 'set_description': 'Dlogue simple new', 'set_update_date': '2026-09-07T11:32:00'}
2026-09-07 13:32:02 INFO     [SA_03] Database sets loaded: 17
2026-09-07 13:32:02 DEBUG    [SA_03] Selected set: English A1
2026-09-07 13:32:15 DEBUG    [SA_03] Selected set: Shadowing
2026-09-07 13:38:45 DEBUG    [SA_03] Button: dbtoset
2026-09-07 13:39:13 DEBUG    [SA_03] Selected set: Shg
2026-09-07 13:39:15 DEBUG    [SA_03] Button: dbtoset
2026-09-07 13:39:16 DEBUG    [SA_03] DBTOSET set_id=34
2026-09-07 13:39:17 INFO     [SA_03] Set loaded into session: 34
2026-09-07 13:39:20 DEBUG    [SA_03] Button: play
2026-09-07 13:39:20 DEBUG    [SA_03] PREPARE_ITEM #0
2026-09-07 13:39:20 DEBUG    [SA_03] ACTION: {'action': 'HIDE', 'target': 'top'}
2026-09-07 13:39:20 DEBUG    [SA_03] ACTION: {'action': 'SHOW', 'target': 'bottom', 'content': 'translate_text'}
2026-09-07 13:39:20 DEBUG    [SA_03] ACTION: {'action': 'PLAY', 'source': 'translate_text'}
2026-09-07 13:39:20 DEBUG    [SA_03] AudioProvider: CACHE HIT
2026-09-07 13:39:20 DEBUG    [SA_03] TRANSLATION PLAY
2026-09-07 13:39:23 DEBUG    [SA_03] TRANSLATION_END
2026-09-07 13:39:23 DEBUG    [SA_03] ACTION: {'action': 'WAIT', 'source': 'pause_before_translation'}
2026-09-07 13:39:26 DEBUG    [SA_03] PAUSE_END
2026-09-07 13:39:26 DEBUG    [SA_03] ACTION: {'action': 'SHOW', 'target': 'top', 'content': 'phrase_text'}
2026-09-07 13:39:26 DEBUG    [SA_03] ACTION: {'action': 'PLAY', 'source': 'phrase_text'}
2026-09-07 13:39:26 DEBUG    [SA_03] AudioProvider: CACHE HIT
2026-09-07 13:39:26 DEBUG    [SA_03] TEXT PLAY
2026-09-07 13:39:27 DEBUG    [SA_03] TEXT_END
2026-09-07 13:39:27 DEBUG    [SA_03] ACTION: {'action': 'WAIT', 'source': 'pause_between_sentences'}
2026-09-07 13:39:29 DEBUG    [SA_03] Button: pause
2026-09-07 13:39:32 DEBUG    [SA_03] Button: db
2026-09-07 13:39:33 INFO     [SA_03] Database sets loaded: 17
2026-09-07 13:39:33 DEBUG    [SA_03] Selected set: English A1
2026-09-07 13:39:49 DEBUG    [SA_03] Button: db
2026-09-07 13:39:50 INFO     [SA_03] Database sets loaded: 17
2026-09-07 13:39:50 DEBUG    [SA_03] Selected set: English A1
2026-09-07 13:39:53 DEBUG    [SA_03] Selected set: Shg
2026-09-07 13:42:53 DEBUG    [SA_03] Button: datatodb
2026-09-07 13:42:55 DEBUG    [SA_03] DATATODB set_id=34
2026-09-07 13:42:56 INFO     [SA_03] Data saved to database: {'set_id': 34, 'set_name': 'auto_awesome\nПоказан перевод фразы Красная шапочка. Французский\nПеревести вместо этого фразу Красная', 'set_description': 'Generated', 'set_update_date': '2026-09-07T11:42:55'}
2026-09-07 13:42:57 INFO     [SA_03] Database sets loaded: 17
2026-09-07 13:42:57 DEBUG    [SA_03] Selected set: auto_awesome
Показан перевод фразы Красная шапочка. Французский
Перевести вместо этого фразу Красная
2026-09-07 13:43:33 DEBUG    [SA_03] Button: datatodb
2026-09-07 13:43:34 DEBUG    [SA_03] DATATODB set_id=34
2026-09-07 13:43:35 INFO     [SA_03] Data saved to database: {'set_id': 34, 'set_name': 'Little Red Riding Hood. French', 'set_description': 'Generated', 'set_update_date': '2026-09-07T11:43:34'}
2026-09-07 13:43:36 INFO     [SA_03] Database sets loaded: 17
2026-09-07 13:43:36 DEBUG    [SA_03] Selected set: Little Red Riding Hood. French
2026-09-07 13:43:40 DEBUG    [SA_03] Button: dbtoset
2026-09-07 13:43:42 DEBUG    [SA_03] DBTOSET set_id=34
2026-09-07 13:43:42 INFO     [SA_03] Set loaded into session: 34
2026-09-07 13:43:47 DEBUG    [SA_03] Button: play
2026-09-07 13:43:47 DEBUG    [SA_03] PREPARE_ITEM #0
2026-09-07 13:43:47 DEBUG    [SA_03] ACTION: {'action': 'HIDE', 'target': 'top'}
2026-09-07 13:43:47 DEBUG    [SA_03] ACTION: {'action': 'SHOW', 'target': 'bottom', 'content': 'translate_text'}
2026-09-07 13:43:47 DEBUG    [SA_03] ACTION: {'action': 'PLAY', 'source': 'translate_text'}
2026-09-07 13:43:47 DEBUG    [SA_03] AudioProvider: CACHE HIT
2026-09-07 13:43:47 DEBUG    [SA_03] TRANSLATION PLAY
2026-09-07 13:43:49 DEBUG    [SA_03] TRANSLATION_END
2026-09-07 13:43:49 DEBUG    [SA_03] ACTION: {'action': 'WAIT', 'source': 'pause_before_translation'}
2026-09-07 13:43:51 DEBUG    [SA_03] Button: stop
2026-09-07 13:43:54 INFO     [SA_03] Finsh Application
2026-09-07 13:47:56 INFO     [SA_03] Start Application
2026-09-07 13:47:56 DEBUG    [SA_03] INITIAL ITEM: phrase_code = fr phrase_locale = fr-FR phrase_voice = fr-FR-RemyMultilingualNeural
2026-09-07 13:47:56 DEBUG    [SA_03] INITIAL SOURCE: language = fr locale = fr-FR voice = 
2026-09-07 13:48:06 DEBUG    [SA_03] Button: db
2026-09-07 13:48:07 INFO     [SA_03] Database sets loaded: 17
2026-09-07 13:48:07 DEBUG    [SA_03] Selected set: English A1
2026-09-07 13:48:39 DEBUG    [SA_03] Button: settodb
2026-09-07 13:48:42 DEBUG    [SA_03] Button: settodb
2026-09-07 13:48:44 DEBUG    [SA_03] SETTO​DB user_id=2
2026-09-07 13:48:44 DEBUG    [SA_03] SETTO​DB data items=24
2026-09-07 13:48:45 INFO     [SA_03] Session saved to database: {'set_id': 48}
2026-09-07 13:48:46 INFO     [SA_03] Database sets loaded: 18
2026-09-07 13:48:46 DEBUG    [SA_03] Selected set: English A1
2026-09-07 13:48:56 DEBUG    [SA_03] Selected set: Little Red Riding Hood. French
2026-09-07 13:48:57 DEBUG    [SA_03] Button: dbtoset
2026-09-07 13:48:58 DEBUG    [SA_03] DBTOSET set_id=48
2026-09-07 13:48:59 INFO     [SA_03] Set loaded into session: 48
2026-09-07 13:49:16 DEBUG    [SA_03] Selected set: Little Red Riding Hood. French
2026-09-07 13:49:19 DEBUG    [SA_03] Button: settodb
2026-09-07 13:49:21 DEBUG    [SA_03] SETTO​DB user_id=2
2026-09-07 13:49:21 DEBUG    [SA_03] SETTO​DB data items=24
2026-09-07 13:49:21 INFO     [SA_03] Session saved to database: {'set_id': 49}
2026-09-07 13:49:22 INFO     [SA_03] Database sets loaded: 19
2026-09-07 13:49:22 DEBUG    [SA_03] Selected set: English A1
2026-09-07 13:49:30 DEBUG    [SA_03] Selected set: Little Red Riding Hood. French
2026-09-07 13:49:36 DEBUG    [SA_03] Button: dropset
2026-09-07 13:49:37 DEBUG    [SA_03] DROPSET set_id=49
2026-09-07 13:49:38 INFO     [SA_03] Data deleted from database: {'set_id': 49, 'deleted': True}
2026-09-07 13:49:39 INFO     [SA_03] Database sets loaded: 18
2026-09-07 13:49:39 DEBUG    [SA_03] Selected set: English A1
2026-09-07 13:50:16 DEBUG    [SA_03] Selected set: dialogi  kwalifikacyjny
2026-09-07 13:51:09 INFO     [SA_03] Finsh Application
2026-09-07 13:57:38 INFO     [SA_03] Start Application
2026-09-07 13:57:38 DEBUG    [SA_03] INITIAL ITEM: phrase_code = fr phrase_locale = fr-FR phrase_voice = fr-FR-RemyMultilingualNeural
2026-09-07 13:57:38 DEBUG    [SA_03] INITIAL SOURCE: language = fr locale = fr-FR voice = 
2026-09-07 13:57:42 DEBUG    [SA_03] Button: db
2026-09-07 13:57:43 INFO     [SA_03] Database sets loaded: 18
2026-09-07 13:57:43 DEBUG    [SA_03] Selected set: English A1
2026-09-07 13:57:47 DEBUG    [SA_03] Button: exceltoset
2026-09-07 13:58:11 DEBUG    [SA_03] Excel import cancelled
2026-09-07 13:59:34 DEBUG    [SA_03] Button: exceltoset
2026-09-07 13:59:37 INFO     [SA_03] Session imported from Excel: C:/Users/liudm/SadowingApp/SA_03/tmp/session_export.xlsx
2026-09-07 14:00:16 DEBUG    [SA_03] Button: play
2026-09-07 14:00:16 DEBUG    [SA_03] PREPARE_ITEM #0
2026-09-07 14:00:16 DEBUG    [SA_03] ACTION: {'action': 'HIDE', 'target': 'top'}
2026-09-07 14:00:16 DEBUG    [SA_03] ACTION: {'action': 'SHOW', 'target': 'bottom', 'content': 'translate_text'}
2026-09-07 14:00:16 DEBUG    [SA_03] ACTION: {'action': 'PLAY', 'source': 'translate_text'}
2026-09-07 14:00:16 DEBUG    [SA_03] AudioProvider: CACHE MISS
2026-09-07 14:00:16 DEBUG    [SA_03] TRANSLATION PLAY
2026-09-07 14:00:19 DEBUG    [SA_03] TRANSLATION_END
2026-09-07 14:00:19 DEBUG    [SA_03] ACTION: {'action': 'WAIT', 'source': 'pause_before_translation'}
2026-09-07 14:00:21 DEBUG    [SA_03] PAUSE_END
2026-09-07 14:00:21 DEBUG    [SA_03] ACTION: {'action': 'SHOW', 'target': 'top', 'content': 'phrase_text'}
2026-09-07 14:00:21 DEBUG    [SA_03] ACTION: {'action': 'PLAY', 'source': 'phrase_text'}
2026-09-07 14:00:21 DEBUG    [SA_03] AudioProvider: CACHE HIT
2026-09-07 14:00:21 DEBUG    [SA_03] TEXT PLAY
2026-09-07 14:00:23 DEBUG    [SA_03] TEXT_END
2026-09-07 14:00:23 DEBUG    [SA_03] ACTION: {'action': 'WAIT', 'source': 'pause_between_sentences'}
2026-09-07 14:00:25 DEBUG    [SA_03] PAUSE_END
2026-09-07 14:00:25 DEBUG    [SA_03] ACTION: {'action': 'HIDE', 'target': 'top'}
2026-09-07 14:00:25 DEBUG    [SA_03] ACTION: {'action': 'HIDE', 'target': 'bottom'}
2026-09-07 14:00:25 INFO     [SA_03] SCENARIO FINISHED
2026-09-07 14:00:25 DEBUG    [SA_03] FINISH_ITEM: repeat 1/2
2026-09-07 14:00:25 DEBUG    [SA_03] ACTION: {'action': 'HIDE', 'target': 'top'}
2026-09-07 14:00:25 DEBUG    [SA_03] ACTION: {'action': 'SHOW', 'target': 'bottom', 'content': 'translate_text'}
2026-09-07 14:00:25 DEBUG    [SA_03] ACTION: {'action': 'PLAY', 'source': 'translate_text'}
2026-09-07 14:00:25 DEBUG    [SA_03] AudioProvider: CACHE HIT
2026-09-07 14:00:25 DEBUG    [SA_03] TRANSLATION PLAY
2026-09-07 14:00:27 DEBUG    [SA_03] TRANSLATION_END
2026-09-07 14:00:27 DEBUG    [SA_03] ACTION: {'action': 'WAIT', 'source': 'pause_before_translation'}
2026-09-07 14:00:29 DEBUG    [SA_03] PAUSE_END
2026-09-07 14:00:29 DEBUG    [SA_03] ACTION: {'action': 'SHOW', 'target': 'top', 'content': 'phrase_text'}
2026-09-07 14:00:29 DEBUG    [SA_03] ACTION: {'action': 'PLAY', 'source': 'phrase_text'}
2026-09-07 14:00:29 DEBUG    [SA_03] AudioProvider: CACHE HIT
2026-09-07 14:00:29 DEBUG    [SA_03] TEXT PLAY
2026-09-07 14:00:32 DEBUG    [SA_03] TEXT_END
2026-09-07 14:00:32 DEBUG    [SA_03] ACTION: {'action': 'WAIT', 'source': 'pause_between_sentences'}
2026-09-07 14:00:34 DEBUG    [SA_03] PAUSE_END
2026-09-07 14:00:34 DEBUG    [SA_03] ACTION: {'action': 'HIDE', 'target': 'top'}
2026-09-07 14:00:34 DEBUG    [SA_03] ACTION: {'action': 'HIDE', 'target': 'bottom'}
2026-09-07 14:00:34 INFO     [SA_03] SCENARIO FINISHED
2026-09-07 14:00:34 DEBUG    [SA_03] FINISH_ITEM: repeat 2/2
2026-09-07 14:00:34 DEBUG    [SA_03] PREPARE_ITEM #1
2026-09-07 14:00:34 DEBUG    [SA_03] ACTION: {'action': 'HIDE', 'target': 'top'}
2026-09-07 14:00:34 DEBUG    [SA_03] ACTION: {'action': 'SHOW', 'target': 'bottom', 'content': 'translate_text'}
2026-09-07 14:00:34 DEBUG    [SA_03] ACTION: {'action': 'PLAY', 'source': 'translate_text'}
2026-09-07 14:00:34 DEBUG    [SA_03] Translation audio skipped: empty translate_text
2026-09-07 14:00:34 DEBUG    [SA_03] TRANSLATION SKIPPED
2026-09-07 14:00:34 DEBUG    [SA_03] ACTION: {'action': 'WAIT', 'source': 'pause_before_translation'}
2026-09-07 14:00:37 DEBUG    [SA_03] PAUSE_END
2026-09-07 14:00:37 DEBUG    [SA_03] ACTION: {'action': 'SHOW', 'target': 'top', 'content': 'phrase_text'}
2026-09-07 14:00:37 DEBUG    [SA_03] ACTION: {'action': 'PLAY', 'source': 'phrase_text'}
2026-09-07 14:00:37 DEBUG    [SA_03] AudioProvider: CACHE HIT
2026-09-07 14:00:37 DEBUG    [SA_03] TEXT PLAY
2026-09-07 14:00:41 DEBUG    [SA_03] TEXT_END
2026-09-07 14:00:41 DEBUG    [SA_03] ACTION: {'action': 'WAIT', 'source': 'pause_between_sentences'}
2026-09-07 14:00:43 DEBUG    [SA_03] Button: pause
2026-09-07 14:00:45 DEBUG    [SA_03] Button: db
2026-09-07 14:00:46 INFO     [SA_03] Database sets loaded: 18
2026-09-07 14:00:46 DEBUG    [SA_03] Selected set: English A1
2026-09-07 14:00:55 DEBUG    [SA_03] Button: dbtoset
2026-09-07 14:01:01 DEBUG    [SA_03] DBTOSET set_id=1
2026-09-07 14:01:02 INFO     [SA_03] Set loaded into session: 1
2026-09-07 14:01:44 DEBUG    [SA_03] Button: db
2026-09-07 14:01:44 INFO     [SA_03] Database sets loaded: 18
2026-09-07 14:01:44 DEBUG    [SA_03] Selected set: English A1
2026-09-07 14:02:12 DEBUG    [SA_03] Button: play
2026-09-07 14:02:12 DEBUG    [SA_03] PREPARE_ITEM #0
2026-09-07 14:02:12 DEBUG    [SA_03] ACTION: {'action': 'HIDE', 'target': 'top'}
2026-09-07 14:02:12 DEBUG    [SA_03] ACTION: {'action': 'SHOW', 'target': 'bottom', 'content': 'translate_text'}
2026-09-07 14:02:12 DEBUG    [SA_03] ACTION: {'action': 'PLAY', 'source': 'translate_text'}
2026-09-07 14:02:12 DEBUG    [SA_03] AudioProvider: CACHE HIT
2026-09-07 14:02:12 DEBUG    [SA_03] TRANSLATION PLAY
2026-09-07 14:02:17 DEBUG    [SA_03] Button: pause
2026-09-07 14:02:19 DEBUG    [SA_03] Button: db
2026-09-07 14:02:20 INFO     [SA_03] Database sets loaded: 18
2026-09-07 14:02:20 DEBUG    [SA_03] Selected set: English A1
2026-09-07 14:02:27 DEBUG    [SA_03] Button: exceltoset
2026-09-07 14:02:30 INFO     [SA_03] Session imported from Excel: C:/Users/liudm/SadowingApp/SA_03/tmp/session_export.xlsx
2026-09-07 14:02:48 DEBUG    [SA_03] Button: play
2026-09-07 14:02:48 DEBUG    [SA_03] PREPARE_ITEM #0
2026-09-07 14:02:48 DEBUG    [SA_03] ACTION: {'action': 'HIDE', 'target': 'top'}
2026-09-07 14:02:48 DEBUG    [SA_03] ACTION: {'action': 'SHOW', 'target': 'bottom', 'content': 'translate_text'}
2026-09-07 14:02:48 DEBUG    [SA_03] ACTION: {'action': 'PLAY', 'source': 'translate_text'}
2026-09-07 14:02:48 DEBUG    [SA_03] AudioProvider: CACHE HIT
2026-09-07 14:02:48 DEBUG    [SA_03] TRANSLATION PLAY
2026-09-07 14:02:50 DEBUG    [SA_03] TRANSLATION_END
2026-09-07 14:02:50 DEBUG    [SA_03] ACTION: {'action': 'WAIT', 'source': 'pause_before_translation'}
2026-09-07 14:02:50 DEBUG    [SA_03] Button: pause
2026-09-07 14:02:51 DEBUG    [SA_03] Button: db
2026-09-07 14:02:52 INFO     [SA_03] Database sets loaded: 18
2026-09-07 14:02:52 DEBUG    [SA_03] Selected set: English A1
2026-09-07 14:02:55 DEBUG    [SA_03] Button: settodb
2026-09-07 14:02:57 DEBUG    [SA_03] SETTO​DB user_id=2
2026-09-07 14:02:57 DEBUG    [SA_03] SETTO​DB data items=82
2026-09-07 14:02:58 INFO     [SA_03] Session saved to database: {'set_id': 50}
2026-09-07 14:03:00 INFO     [SA_03] Database sets loaded: 19
2026-09-07 14:03:00 DEBUG    [SA_03] Selected set: English A1
2026-09-07 14:03:11 DEBUG    [SA_03] Selected set: Polsky Dictation 
2026-09-07 14:04:09 DEBUG    [SA_03] Button: db
2026-09-07 14:04:09 INFO     [SA_03] Database sets loaded: 19
2026-09-07 14:04:09 DEBUG    [SA_03] Selected set: English A1
2026-09-07 14:04:21 DEBUG    [SA_03] Button: settodb
2026-09-07 14:04:23 DEBUG    [SA_03] Button: dbtoset
2026-09-07 14:04:28 DEBUG    [SA_03] Button: settoexcel
2026-09-07 14:04:31 DEBUG    [SA_03] Excel export cancelled
2026-09-07 14:04:57 DEBUG    [SA_03] Selected set: Shadowing
2026-09-07 14:05:27 DEBUG    [SA_03] Button: dbtoset
2026-09-07 14:05:28 DEBUG    [SA_03] DBTOSET set_id=37
2026-09-07 14:05:29 INFO     [SA_03] Set loaded into session: 37
2026-09-07 14:05:33 DEBUG    [SA_03] Button: settoexcel
2026-09-07 14:05:43 INFO     [SA_03] Session exported to Excel: C:/Users/liudm/SadowingApp/SA_03/tmp/session_export_16
2026-09-07 14:05:47 DEBUG    [SA_03] Button: settoexcel
2026-09-07 14:05:59 INFO     [SA_03] Session exported to Excel: C:/Users/liudm/SadowingApp/SA_03/tmp/session_export_16
2026-09-07 14:06:07 DEBUG    [SA_03] Button: exceltoset
2026-09-07 14:06:18 DEBUG    [SA_03] Excel import cancelled
2026-09-07 14:06:26 DEBUG    [SA_03] Button: play
2026-09-07 14:06:26 DEBUG    [SA_03] PREPARE_ITEM #0
2026-09-07 14:06:26 DEBUG    [SA_03] ACTION: {'action': 'HIDE', 'target': 'top'}
2026-09-07 14:06:26 DEBUG    [SA_03] ACTION: {'action': 'SHOW', 'target': 'bottom', 'content': 'translate_text'}
2026-09-07 14:06:26 DEBUG    [SA_03] ACTION: {'action': 'PLAY', 'source': 'translate_text'}
2026-09-07 14:06:26 DEBUG    [SA_03] AudioProvider: CACHE HIT
2026-09-07 14:06:26 DEBUG    [SA_03] TRANSLATION PLAY
2026-09-07 14:06:30 DEBUG    [SA_03] TRANSLATION_END
2026-09-07 14:06:30 DEBUG    [SA_03] ACTION: {'action': 'WAIT', 'source': 'pause_before_translation'}
2026-09-07 14:06:35 DEBUG    [SA_03] PAUSE_END
2026-09-07 14:06:35 DEBUG    [SA_03] ACTION: {'action': 'SHOW', 'target': 'top', 'content': 'phrase_text'}
2026-09-07 14:06:35 DEBUG    [SA_03] ACTION: {'action': 'PLAY', 'source': 'phrase_text'}
2026-09-07 14:06:35 DEBUG    [SA_03] AudioProvider: CACHE HIT
2026-09-07 14:06:35 DEBUG    [SA_03] TEXT PLAY
2026-09-07 14:06:38 DEBUG    [SA_03] Button: pause
2026-09-07 14:06:40 DEBUG    [SA_03] Button: db
2026-09-07 14:06:41 INFO     [SA_03] Database sets loaded: 19
2026-09-07 14:06:41 DEBUG    [SA_03] Selected set: English A1
2026-09-07 14:06:44 DEBUG    [SA_03] Button: settoexcel
2026-09-07 14:07:03 INFO     [SA_03] Session exported to Excel: C:/Users/liudm/SadowingApp/SA_03/tmp/session_export_16
2026-09-07 14:07:12 DEBUG    [SA_03] Button: exceltoset
2026-09-07 14:07:20 DEBUG    [SA_03] Excel import cancelled
2026-09-07 14:07:26 DEBUG    [SA_03] Button: exceltoset
2026-09-07 14:07:43 DEBUG    [SA_03] Excel import cancelled
2026-09-07 14:08:06 DEBUG    [SA_03] Button: play
2026-09-07 14:08:06 DEBUG    [SA_03] PREPARE_ITEM #0
2026-09-07 14:08:06 DEBUG    [SA_03] ACTION: {'action': 'HIDE', 'target': 'top'}
2026-09-07 14:08:06 DEBUG    [SA_03] ACTION: {'action': 'SHOW', 'target': 'bottom', 'content': 'translate_text'}
2026-09-07 14:08:06 DEBUG    [SA_03] ACTION: {'action': 'PLAY', 'source': 'translate_text'}
2026-09-07 14:08:06 DEBUG    [SA_03] AudioProvider: CACHE HIT
2026-09-07 14:08:07 DEBUG    [SA_03] TRANSLATION PLAY
2026-09-07 14:08:11 DEBUG    [SA_03] TRANSLATION_END
2026-09-07 14:08:11 DEBUG    [SA_03] ACTION: {'action': 'WAIT', 'source': 'pause_before_translation'}
2026-09-07 14:08:16 DEBUG    [SA_03] PAUSE_END
2026-09-07 14:08:16 DEBUG    [SA_03] ACTION: {'action': 'SHOW', 'target': 'top', 'content': 'phrase_text'}
2026-09-07 14:08:16 DEBUG    [SA_03] ACTION: {'action': 'PLAY', 'source': 'phrase_text'}
2026-09-07 14:08:16 DEBUG    [SA_03] AudioProvider: CACHE HIT
2026-09-07 14:08:16 DEBUG    [SA_03] TEXT PLAY
2026-09-07 14:08:17 DEBUG    [SA_03] Button: next
2026-09-07 14:08:17 DEBUG    [SA_03] PREPARE_ITEM #1
2026-09-07 14:08:17 DEBUG    [SA_03] ACTION: {'action': 'HIDE', 'target': 'top'}
2026-09-07 14:08:17 DEBUG    [SA_03] ACTION: {'action': 'SHOW', 'target': 'bottom', 'content': 'translate_text'}
2026-09-07 14:08:17 DEBUG    [SA_03] ACTION: {'action': 'PLAY', 'source': 'translate_text'}
2026-09-07 14:08:17 DEBUG    [SA_03] AudioProvider: CACHE HIT
2026-09-07 14:08:17 DEBUG    [SA_03] TRANSLATION PLAY
2026-09-07 14:08:17 DEBUG    [SA_03] Button: next
2026-09-07 14:08:17 DEBUG    [SA_03] PREPARE_ITEM #2
2026-09-07 14:08:17 DEBUG    [SA_03] ACTION: {'action': 'HIDE', 'target': 'top'}
2026-09-07 14:08:17 DEBUG    [SA_03] ACTION: {'action': 'SHOW', 'target': 'bottom', 'content': 'translate_text'}
2026-09-07 14:08:17 DEBUG    [SA_03] ACTION: {'action': 'PLAY', 'source': 'translate_text'}
2026-09-07 14:08:17 DEBUG    [SA_03] AudioProvider: CACHE HIT
2026-09-07 14:08:17 DEBUG    [SA_03] TRANSLATION PLAY
2026-09-07 14:08:21 DEBUG    [SA_03] TRANSLATION_END
2026-09-07 14:08:21 DEBUG    [SA_03] ACTION: {'action': 'WAIT', 'source': 'pause_before_translation'}
2026-09-07 14:08:24 DEBUG    [SA_03] Button: settings
2026-09-07 14:08:24 DEBUG    [SA_03] INITIAL ITEM: phrase_code = pl phrase_locale = pl-PL phrase_voice = pl-PL-MarekNeural
2026-09-07 14:08:24 DEBUG    [SA_03] INITIAL SOURCE: language = pl locale = pl-PL voice = 
2026-09-07 14:08:24 DEBUG    [SA_03] Target language: en
2026-09-07 14:08:24 DEBUG    [SA_03] Target locale: en-US
2026-09-07 14:08:26 DEBUG    [SA_03] Scenario: shadowing
2026-09-07 14:08:26 DEBUG    [SA_03] PAUSE_END
2026-09-07 14:08:26 DEBUG    [SA_03] ACTION: {'action': 'SHOW', 'target': 'top', 'content': 'phrase_text'}
2026-09-07 14:08:26 DEBUG    [SA_03] ACTION: {'action': 'PLAY', 'source': 'phrase_text'}
2026-09-07 14:08:26 DEBUG    [SA_03] AudioProvider: CACHE HIT
2026-09-07 14:08:26 DEBUG    [SA_03] TEXT PLAY
2026-09-07 14:08:30 DEBUG    [SA_03] TEXT_END
2026-09-07 14:08:30 DEBUG    [SA_03] ACTION: {'action': 'WAIT', 'source': 'pause_between_sentences'}
2026-09-07 14:08:30 DEBUG    [SA_03] Button: play
2026-09-07 14:08:30 DEBUG    [SA_03] PREPARE_ITEM #2
2026-09-07 14:08:30 DEBUG    [SA_03] ACTION: {'action': 'SHOW', 'target': 'top', 'content': 'phrase_text'}
2026-09-07 14:08:30 DEBUG    [SA_03] ACTION: {'action': 'PLAY', 'source': 'phrase_text'}
2026-09-07 14:08:30 DEBUG    [SA_03] AudioProvider: CACHE HIT
2026-09-07 14:08:30 DEBUG    [SA_03] TEXT PLAY
2026-09-07 14:08:34 DEBUG    [SA_03] TEXT_END
2026-09-07 14:08:34 DEBUG    [SA_03] ACTION: {'action': 'WAIT', 'source': 'pause_before_translation'}
2026-09-07 14:08:35 DEBUG    [SA_03] Button: db
2026-09-07 14:08:35 INFO     [SA_03] Database sets loaded: 19
2026-09-07 14:08:35 DEBUG    [SA_03] Selected set: English A1
2026-09-07 14:08:39 DEBUG    [SA_03] PAUSE_END
2026-09-07 14:08:39 DEBUG    [SA_03] ACTION: {'action': 'SHOW', 'target': 'bottom', 'content': 'translate_text'}
2026-09-07 14:08:39 DEBUG    [SA_03] ACTION: {'action': 'PLAY', 'source': 'translate_text'}
2026-09-07 14:08:39 DEBUG    [SA_03] AudioProvider: CACHE HIT
2026-09-07 14:08:39 DEBUG    [SA_03] TRANSLATION PLAY
2026-09-07 14:08:43 DEBUG    [SA_03] TRANSLATION_END
2026-09-07 14:08:43 DEBUG    [SA_03] ACTION: {'action': 'WAIT', 'source': 'pause_between_sentences'}
2026-09-07 14:08:45 DEBUG    [SA_03] PAUSE_END
2026-09-07 14:08:45 DEBUG    [SA_03] ACTION: {'action': 'HIDE', 'target': 'top'}
2026-09-07 14:08:45 DEBUG    [SA_03] ACTION: {'action': 'HIDE', 'target': 'bottom'}
2026-09-07 14:08:45 INFO     [SA_03] SCENARIO FINISHED
2026-09-07 14:08:45 DEBUG    [SA_03] FINISH_ITEM: repeat 1/1
2026-09-07 14:08:45 DEBUG    [SA_03] PREPARE_ITEM #3
2026-09-07 14:08:45 DEBUG    [SA_03] ACTION: {'action': 'SHOW', 'target': 'top', 'content': 'phrase_text'}
2026-09-07 14:08:45 DEBUG    [SA_03] ACTION: {'action': 'PLAY', 'source': 'phrase_text'}
2026-09-07 14:08:45 DEBUG    [SA_03] AudioProvider: CACHE HIT
2026-09-07 14:08:45 DEBUG    [SA_03] TEXT PLAY
2026-09-07 14:08:47 DEBUG    [SA_03] Button: db
2026-09-07 14:08:48 INFO     [SA_03] Database sets loaded: 19
2026-09-07 14:08:48 DEBUG    [SA_03] Selected set: English A1
2026-09-07 14:08:49 DEBUG    [SA_03] TEXT_END
2026-09-07 14:08:49 DEBUG    [SA_03] ACTION: {'action': 'WAIT', 'source': 'pause_before_translation'}
2026-09-07 14:08:52 DEBUG    [SA_03] Button: settoexcel
2026-09-07 14:08:57 DEBUG    [SA_03] PAUSE_END
2026-09-07 14:08:57 DEBUG    [SA_03] ACTION: {'action': 'SHOW', 'target': 'bottom', 'content': 'translate_text'}
2026-09-07 14:08:57 DEBUG    [SA_03] ACTION: {'action': 'PLAY', 'source': 'translate_text'}
2026-09-07 14:08:57 DEBUG    [SA_03] AudioProvider: CACHE HIT
2026-09-07 14:08:57 DEBUG    [SA_03] TRANSLATION PLAY
2026-09-07 14:08:57 INFO     [SA_03] Session exported to Excel: C:/Users/liudm/SadowingApp/SA_03/tmp/session_export.xlsx
2026-09-07 14:08:59 DEBUG    [SA_03] Button: exceltoset
2026-09-07 14:09:17 DEBUG    [SA_03] Excel import cancelled
2026-09-07 14:09:17 DEBUG    [SA_03] TRANSLATION_END
2026-09-07 14:09:17 DEBUG    [SA_03] ACTION: {'action': 'WAIT', 'source': 'pause_between_sentences'}
2026-09-07 14:09:19 DEBUG    [SA_03] PAUSE_END
2026-09-07 14:09:19 DEBUG    [SA_03] ACTION: {'action': 'HIDE', 'target': 'top'}
2026-09-07 14:09:19 DEBUG    [SA_03] ACTION: {'action': 'HIDE', 'target': 'bottom'}
2026-09-07 14:09:19 INFO     [SA_03] SCENARIO FINISHED
2026-09-07 14:09:19 DEBUG    [SA_03] FINISH_ITEM: repeat 1/1
2026-09-07 14:09:19 DEBUG    [SA_03] PREPARE_ITEM #4
2026-09-07 14:09:19 DEBUG    [SA_03] ACTION: {'action': 'SHOW', 'target': 'top', 'content': 'phrase_text'}
2026-09-07 14:09:19 DEBUG    [SA_03] ACTION: {'action': 'PLAY', 'source': 'phrase_text'}
2026-09-07 14:09:19 DEBUG    [SA_03] AudioProvider: CACHE HIT
2026-09-07 14:09:19 DEBUG    [SA_03] TEXT PLAY
2026-09-07 14:09:20 DEBUG    [SA_03] Button: settoexcel
2026-09-07 14:09:38 DEBUG    [SA_03] TEXT_END
2026-09-07 14:09:38 DEBUG    [SA_03] ACTION: {'action': 'WAIT', 'source': 'pause_before_translation'}
2026-09-07 14:09:39 INFO     [SA_03] Session exported to Excel: C:/Users/liudm/SadowingApp/SA_03/tmp/sess_export_polish
2026-09-07 14:09:43 DEBUG    [SA_03] PAUSE_END
2026-09-07 14:09:43 DEBUG    [SA_03] ACTION: {'action': 'SHOW', 'target': 'bottom', 'content': 'translate_text'}
2026-09-07 14:09:43 DEBUG    [SA_03] ACTION: {'action': 'PLAY', 'source': 'translate_text'}
2026-09-07 14:09:43 DEBUG    [SA_03] AudioProvider: CACHE HIT
2026-09-07 14:09:43 DEBUG    [SA_03] TRANSLATION PLAY
2026-09-07 14:09:47 DEBUG    [SA_03] TRANSLATION_END
2026-09-07 14:09:47 DEBUG    [SA_03] ACTION: {'action': 'WAIT', 'source': 'pause_between_sentences'}
2026-09-07 14:09:49 DEBUG    [SA_03] PAUSE_END
2026-09-07 14:09:49 DEBUG    [SA_03] ACTION: {'action': 'HIDE', 'target': 'top'}
2026-09-07 14:09:49 DEBUG    [SA_03] ACTION: {'action': 'HIDE', 'target': 'bottom'}
2026-09-07 14:09:49 INFO     [SA_03] SCENARIO FINISHED
2026-09-07 14:09:49 DEBUG    [SA_03] FINISH_ITEM: repeat 1/1
2026-09-07 14:09:49 DEBUG    [SA_03] PREPARE_ITEM #5
2026-09-07 14:09:49 DEBUG    [SA_03] ACTION: {'action': 'SHOW', 'target': 'top', 'content': 'phrase_text'}
2026-09-07 14:09:49 DEBUG    [SA_03] ACTION: {'action': 'PLAY', 'source': 'phrase_text'}
2026-09-07 14:09:49 DEBUG    [SA_03] AudioProvider: CACHE HIT
2026-09-07 14:09:49 DEBUG    [SA_03] TEXT PLAY
2026-09-07 14:09:52 DEBUG    [SA_03] TEXT_END
2026-09-07 14:09:52 DEBUG    [SA_03] ACTION: {'action': 'WAIT', 'source': 'pause_before_translation'}
2026-09-07 14:09:56 DEBUG    [SA_03] PAUSE_END
2026-09-07 14:09:56 DEBUG    [SA_03] ACTION: {'action': 'SHOW', 'target': 'bottom', 'content': 'translate_text'}
2026-09-07 14:09:56 DEBUG    [SA_03] ACTION: {'action': 'PLAY', 'source': 'translate_text'}
2026-09-07 14:09:56 DEBUG    [SA_03] AudioProvider: CACHE HIT
2026-09-07 14:09:56 DEBUG    [SA_03] TRANSLATION PLAY
2026-09-07 14:09:59 DEBUG    [SA_03] TRANSLATION_END
2026-09-07 14:09:59 DEBUG    [SA_03] ACTION: {'action': 'WAIT', 'source': 'pause_between_sentences'}
2026-09-07 14:10:01 DEBUG    [SA_03] PAUSE_END
2026-09-07 14:10:01 DEBUG    [SA_03] ACTION: {'action': 'HIDE', 'target': 'top'}
2026-09-07 14:10:01 DEBUG    [SA_03] ACTION: {'action': 'HIDE', 'target': 'bottom'}
2026-09-07 14:10:01 INFO     [SA_03] SCENARIO FINISHED
2026-09-07 14:10:01 DEBUG    [SA_03] FINISH_ITEM: repeat 1/1
2026-09-07 14:10:01 DEBUG    [SA_03] PREPARE_ITEM #6
2026-09-07 14:10:01 DEBUG    [SA_03] ACTION: {'action': 'SHOW', 'target': 'top', 'content': 'phrase_text'}
2026-09-07 14:10:01 DEBUG    [SA_03] ACTION: {'action': 'PLAY', 'source': 'phrase_text'}
2026-09-07 14:10:01 DEBUG    [SA_03] AudioProvider: CACHE HIT
2026-09-07 14:10:01 DEBUG    [SA_03] TEXT PLAY
2026-09-07 14:10:04 DEBUG    [SA_03] TEXT_END
2026-09-07 14:10:04 DEBUG    [SA_03] ACTION: {'action': 'WAIT', 'source': 'pause_before_translation'}
2026-09-07 14:10:09 DEBUG    [SA_03] Button: settoexcel
2026-09-07 14:10:32 DEBUG    [SA_03] PAUSE_END
2026-09-07 14:10:32 DEBUG    [SA_03] ACTION: {'action': 'SHOW', 'target': 'bottom', 'content': 'translate_text'}
2026-09-07 14:10:32 DEBUG    [SA_03] ACTION: {'action': 'PLAY', 'source': 'translate_text'}
2026-09-07 14:10:32 DEBUG    [SA_03] AudioProvider: CACHE HIT
2026-09-07 14:10:32 DEBUG    [SA_03] TRANSLATION PLAY
2026-09-07 14:10:32 INFO     [SA_03] Session exported to Excel: C:/Users/liudm/SadowingApp/SA_03/tmp/session_export_16
2026-09-07 14:10:37 DEBUG    [SA_03] TRANSLATION_END
2026-09-07 14:10:37 DEBUG    [SA_03] ACTION: {'action': 'WAIT', 'source': 'pause_between_sentences'}
2026-09-07 14:10:39 DEBUG    [SA_03] PAUSE_END
2026-09-07 14:10:39 DEBUG    [SA_03] ACTION: {'action': 'HIDE', 'target': 'top'}
2026-09-07 14:10:39 DEBUG    [SA_03] ACTION: {'action': 'HIDE', 'target': 'bottom'}
2026-09-07 14:10:39 INFO     [SA_03] SCENARIO FINISHED
2026-09-07 14:10:39 DEBUG    [SA_03] FINISH_ITEM: repeat 1/1
2026-09-07 14:10:39 DEBUG    [SA_03] PREPARE_ITEM #7
2026-09-07 14:10:39 DEBUG    [SA_03] ACTION: {'action': 'SHOW', 'target': 'top', 'content': 'phrase_text'}
2026-09-07 14:10:39 DEBUG    [SA_03] ACTION: {'action': 'PLAY', 'source': 'phrase_text'}
2026-09-07 14:10:39 DEBUG    [SA_03] AudioProvider: CACHE HIT
2026-09-07 14:10:39 DEBUG    [SA_03] TEXT PLAY
2026-09-07 14:10:43 DEBUG    [SA_03] TEXT_END
2026-09-07 14:10:43 DEBUG    [SA_03] ACTION: {'action': 'WAIT', 'source': 'pause_before_translation'}
2026-09-07 14:10:48 DEBUG    [SA_03] PAUSE_END
2026-09-07 14:10:48 DEBUG    [SA_03] ACTION: {'action': 'SHOW', 'target': 'bottom', 'content': 'translate_text'}
2026-09-07 14:10:48 DEBUG    [SA_03] ACTION: {'action': 'PLAY', 'source': 'translate_text'}
2026-09-07 14:10:48 DEBUG    [SA_03] AudioProvider: CACHE HIT
2026-09-07 14:10:48 DEBUG    [SA_03] TRANSLATION PLAY
2026-09-07 14:10:53 DEBUG    [SA_03] TRANSLATION_END
2026-09-07 14:10:53 DEBUG    [SA_03] ACTION: {'action': 'WAIT', 'source': 'pause_between_sentences'}
2026-09-07 14:10:55 DEBUG    [SA_03] PAUSE_END
2026-09-07 14:10:55 DEBUG    [SA_03] ACTION: {'action': 'HIDE', 'target': 'top'}
2026-09-07 14:10:55 DEBUG    [SA_03] ACTION: {'action': 'HIDE', 'target': 'bottom'}
2026-09-07 14:10:55 INFO     [SA_03] SCENARIO FINISHED
2026-09-07 14:10:55 DEBUG    [SA_03] FINISH_ITEM: repeat 1/1
2026-09-07 14:10:55 DEBUG    [SA_03] PREPARE_ITEM #8
2026-09-07 14:10:55 DEBUG    [SA_03] ACTION: {'action': 'SHOW', 'target': 'top', 'content': 'phrase_text'}
2026-09-07 14:10:55 DEBUG    [SA_03] ACTION: {'action': 'PLAY', 'source': 'phrase_text'}
2026-09-07 14:10:55 DEBUG    [SA_03] AudioProvider: CACHE HIT
2026-09-07 14:10:55 DEBUG    [SA_03] TEXT PLAY
2026-09-07 14:10:56 DEBUG    [SA_03] Button: pause
2026-09-07 14:11:31 INFO     [SA_03] Finsh Application
2026-09-07 14:12:12 INFO     [SA_03] Start Application
2026-09-07 14:12:12 DEBUG    [SA_03] INITIAL ITEM: phrase_code = pl phrase_locale = pl-PL phrase_voice = pl-PL-MarekNeural
2026-09-07 14:12:12 DEBUG    [SA_03] INITIAL SOURCE: language = pl locale = pl-PL voice = 
2026-09-07 14:12:17 DEBUG    [SA_03] Button: db
2026-09-07 14:12:19 INFO     [SA_03] Database sets loaded: 19
2026-09-07 14:12:19 DEBUG    [SA_03] Selected set: English A1
2026-09-07 14:12:24 DEBUG    [SA_03] Button: settoexcel
2026-09-07 14:13:16 DEBUG    [SA_03] Excel export cancelled
2026-09-07 14:16:20 INFO     [SA_03] Finsh Application
2026-09-07 14:29:36 INFO     [SA_03] Start Application
2026-09-07 14:29:36 DEBUG    [SA_03] INITIAL ITEM: phrase_code = pl phrase_locale = pl-PL phrase_voice = pl-PL-MarekNeural
2026-09-07 14:29:36 DEBUG    [SA_03] INITIAL SOURCE: language = pl locale = pl-PL voice = 
2026-09-07 14:29:38 DEBUG    [SA_03] Button: db
2026-09-07 14:29:39 INFO     [SA_03] Database sets loaded: 19
2026-09-07 14:29:39 DEBUG    [SA_03] Selected set: English A1
2026-09-07 14:29:44 DEBUG    [SA_03] Button: settoexcel
2026-09-07 14:29:52 INFO     [SA_03] Session exported to Excel: C:/Users/liudm/SadowingApp/SA_03/tmp/session_export_16.xlsx
2026-09-07 14:29:54 DEBUG    [SA_03] Button: settoexcel
2026-09-07 14:29:57 DEBUG    [SA_03] Excel export cancelled
2026-09-07 14:30:23 INFO     [SA_03] Finsh Application
2026-09-07 14:42:35 INFO     [SA_03] Start Application
2026-09-07 14:42:36 DEBUG    [SA_03] INITIAL ITEM: phrase_code = pl phrase_locale = pl-PL phrase_voice = pl-PL-MarekNeural
2026-09-07 14:42:36 DEBUG    [SA_03] INITIAL SOURCE: language = pl locale = pl-PL voice = 
2026-09-07 14:42:43 DEBUG    [SA_03] Button: db
2026-09-07 14:42:44 INFO     [SA_03] Database sets loaded: 19
2026-09-07 14:42:44 DEBUG    [SA_03] Selected set: English A1
2026-09-07 14:42:49 DEBUG    [SA_03] Button: settings
2026-09-07 14:42:49 DEBUG    [SA_03] INITIAL ITEM: phrase_code = pl phrase_locale = pl-PL phrase_voice = pl-PL-MarekNeural
2026-09-07 14:42:49 DEBUG    [SA_03] INITIAL SOURCE: language = pl locale = pl-PL voice = 
2026-09-07 14:42:49 DEBUG    [SA_03] Target language: en
2026-09-07 14:42:49 DEBUG    [SA_03] Target locale: en-US
2026-09-07 14:43:37 DEBUG    [SA_03] Button: settings
2026-09-07 14:43:37 DEBUG    [SA_03] INITIAL ITEM: phrase_code = pl phrase_locale = pl-PL phrase_voice = pl-PL-MarekNeural
2026-09-07 14:43:37 DEBUG    [SA_03] INITIAL SOURCE: language = pl locale = pl-PL voice = 
2026-09-07 14:43:37 DEBUG    [SA_03] Target language: en
2026-09-07 14:43:37 DEBUG    [SA_03] Target locale: en-US
2026-09-07 14:44:14 INFO     [SA_03] Detected language: pl
2026-09-07 14:44:14 DEBUG    [SA_03] Source locale: pl-PL
2026-09-07 14:44:37 INFO     [SA_03] Detected language: ru
2026-09-07 14:44:38 DEBUG    [SA_03] Source locale: ru-RU
2026-09-07 14:45:12 DEBUG    [SA_03] Target voice: en-US-EmmaNeural
2026-09-07 14:45:14 ERROR    [SA_03] Checking source language before generation...
2026-09-07 14:45:18 INFO     [SA_03] Detected language: ru
2026-09-07 14:45:18 DEBUG    [SA_03] Generate language check: source = ru detected = ru
2026-09-07 14:45:18 DEBUG    [SA_03] Source language matches.
2026-09-07 14:45:18 INFO     [SA_03] Generator: ShadowingGenerator
2026-09-07 14:45:18 INFO     [SA_03] Generating plan...
2026-09-07 14:45:33 INFO     [SA_03] 
2026-09-07 14:45:33 INFO     [SA_03] ==============
2026-09-07 14:45:33 INFO     [SA_03] PLAN GENERATED
2026-09-07 14:45:33 INFO     [SA_03] ==============
2026-09-07 14:45:33 INFO     [SA_03] Items: 11
2026-09-07 14:45:33 INFO     [SA_03] --------------
2026-09-07 14:45:33 INFO     [SA_03] 1 Жили-были старик со старухой. | pause: 1128 | repeat: 1
2026-09-07 14:45:33 INFO     [SA_03] 2 Жили ладно, дружно. | pause: 958 | repeat: 1
2026-09-07 14:45:33 INFO     [SA_03] 3 Все бы хорошо, да одно горе — детей у них не было. | pause: 1890 | repeat: 1
2026-09-07 14:45:33 INFO     [SA_03] 4 Вот пришла зима снежная, намело сугробов до пояса, высыпали ребятишки на улицу поиграть, а старик со старухой на них из окна глядят да про свое горе думают. | pause: 3312 | repeat: 1
2026-09-07 14:45:33 INFO     [SA_03] 5 — Знаешь, старуха, — говорит старик, — а давай-ка мы себе из снега дочку сделаем. | pause: 2802 | repeat: 1
2026-09-07 14:45:33 INFO     [SA_03] 6 — Давай, — говорит старуха. | pause: 1434 | repeat: 1
2026-09-07 14:45:33 INFO     [SA_03] 7 Надел старик шапку, вышли они на огород и принялись дочку из снега лепить. | pause: 1868 | repeat: 1
2026-09-07 14:45:33 INFO     [SA_03] 8 Скатали снежный ком, ручки, ножки приладили, сверху снежную голову приставили. | pause: 1796 | repeat: 1
2026-09-07 14:45:33 INFO     [SA_03] 9 Вылепил старик носик, рот, подбородок. | pause: 1236 | repeat: 1
2026-09-07 14:45:33 INFO     [SA_03] 10 Глядь — а у Снегурочки губы порозовели, глазки открылись; смотрит она на стариков и улыбается. | pause: 2298 | repeat: 1
2026-09-07 14:45:33 INFO     [SA_03] 11 Потом закивала головой, зашевелила ручками, ножками, стряхнула с себя снег — и вышла из сугроба живая девочка. | pause: 2570 | repeat: 1
2026-09-07 14:45:33 INFO     [SA_03] ==============================
2026-09-07 14:45:33 INFO     [SA_03] 
2026-09-07 14:45:46 DEBUG    [SA_03] Button: play
2026-09-07 14:45:46 DEBUG    [SA_03] PREPARE_ITEM #0
2026-09-07 14:45:46 DEBUG    [SA_03] ACTION: {'action': 'SHOW', 'target': 'top', 'content': 'phrase_text'}
2026-09-07 14:45:46 DEBUG    [SA_03] ACTION: {'action': 'PLAY', 'source': 'phrase_text'}
2026-09-07 14:45:46 DEBUG    [SA_03] AudioProvider: CACHE HIT
2026-09-07 14:45:46 DEBUG    [SA_03] TEXT PLAY
2026-09-07 14:45:49 DEBUG    [SA_03] TEXT_END
2026-09-07 14:45:49 DEBUG    [SA_03] ACTION: {'action': 'WAIT', 'source': 'pause_before_translation'}
2026-09-07 14:45:50 DEBUG    [SA_03] PAUSE_END
2026-09-07 14:45:50 DEBUG    [SA_03] ACTION: {'action': 'SHOW', 'target': 'bottom', 'content': 'translate_text'}
2026-09-07 14:45:50 DEBUG    [SA_03] ACTION: {'action': 'PLAY', 'source': 'translate_text'}
2026-09-07 14:45:50 DEBUG    [SA_03] AudioProvider: CACHE MISS
2026-09-07 14:45:51 DEBUG    [SA_03] TRANSLATION PLAY
2026-09-07 14:45:55 DEBUG    [SA_03] TRANSLATION_END
2026-09-07 14:45:55 DEBUG    [SA_03] ACTION: {'action': 'WAIT', 'source': 'pause_between_sentences'}
2026-09-07 14:45:57 DEBUG    [SA_03] PAUSE_END
2026-09-07 14:45:57 DEBUG    [SA_03] Button: pause
2026-09-07 14:46:24 DEBUG    [SA_03] Button: play
2026-09-07 14:46:24 DEBUG    [SA_03] PREPARE_ITEM #0
2026-09-07 14:46:24 DEBUG    [SA_03] ACTION: {'action': 'SHOW', 'target': 'top', 'content': 'phrase_text'}
2026-09-07 14:46:24 DEBUG    [SA_03] ACTION: {'action': 'PLAY', 'source': 'phrase_text'}
2026-09-07 14:46:24 DEBUG    [SA_03] AudioProvider: CACHE HIT
2026-09-07 14:46:25 DEBUG    [SA_03] TEXT PLAY
2026-09-07 14:46:27 DEBUG    [SA_03] TEXT_END
2026-09-07 14:46:27 DEBUG    [SA_03] ACTION: {'action': 'WAIT', 'source': 'pause_before_translation'}
2026-09-07 14:46:29 DEBUG    [SA_03] PAUSE_END
2026-09-07 14:46:29 DEBUG    [SA_03] ACTION: {'action': 'SHOW', 'target': 'bottom', 'content': 'translate_text'}
2026-09-07 14:46:29 DEBUG    [SA_03] ACTION: {'action': 'PLAY', 'source': 'translate_text'}
2026-09-07 14:46:29 DEBUG    [SA_03] AudioProvider: CACHE HIT
2026-09-07 14:46:29 DEBUG    [SA_03] TRANSLATION PLAY
2026-09-07 14:46:32 DEBUG    [SA_03] TRANSLATION_END
2026-09-07 14:46:32 DEBUG    [SA_03] ACTION: {'action': 'WAIT', 'source': 'pause_between_sentences'}
2026-09-07 14:46:34 DEBUG    [SA_03] PAUSE_END
2026-09-07 14:46:34 DEBUG    [SA_03] ACTION: {'action': 'HIDE', 'target': 'top'}
2026-09-07 14:46:34 DEBUG    [SA_03] ACTION: {'action': 'HIDE', 'target': 'bottom'}
2026-09-07 14:46:34 INFO     [SA_03] SCENARIO FINISHED
2026-09-07 14:46:34 DEBUG    [SA_03] FINISH_ITEM: repeat 1/1
2026-09-07 14:46:34 DEBUG    [SA_03] PREPARE_ITEM #1
2026-09-07 14:46:34 DEBUG    [SA_03] ACTION: {'action': 'SHOW', 'target': 'top', 'content': 'phrase_text'}
2026-09-07 14:46:34 DEBUG    [SA_03] ACTION: {'action': 'PLAY', 'source': 'phrase_text'}
2026-09-07 14:46:34 DEBUG    [SA_03] AudioProvider: CACHE HIT
2026-09-07 14:46:34 DEBUG    [SA_03] TEXT PLAY
2026-09-07 14:46:37 DEBUG    [SA_03] TEXT_END
2026-09-07 14:46:37 DEBUG    [SA_03] ACTION: {'action': 'WAIT', 'source': 'pause_before_translation'}
2026-09-07 14:46:38 DEBUG    [SA_03] PAUSE_END
2026-09-07 14:46:38 DEBUG    [SA_03] ACTION: {'action': 'SHOW', 'target': 'bottom', 'content': 'translate_text'}
2026-09-07 14:46:38 DEBUG    [SA_03] ACTION: {'action': 'PLAY', 'source': 'translate_text'}
2026-09-07 14:46:38 DEBUG    [SA_03] AudioProvider: CACHE MISS
2026-09-07 14:46:41 DEBUG    [SA_03] TRANSLATION PLAY
2026-09-07 14:46:44 DEBUG    [SA_03] TRANSLATION_END
2026-09-07 14:46:44 DEBUG    [SA_03] ACTION: {'action': 'WAIT', 'source': 'pause_between_sentences'}
2026-09-07 14:46:46 DEBUG    [SA_03] PAUSE_END
2026-09-07 14:46:46 DEBUG    [SA_03] ACTION: {'action': 'HIDE', 'target': 'top'}
2026-09-07 14:46:46 DEBUG    [SA_03] ACTION: {'action': 'HIDE', 'target': 'bottom'}
2026-09-07 14:46:46 INFO     [SA_03] SCENARIO FINISHED
2026-09-07 14:46:46 DEBUG    [SA_03] FINISH_ITEM: repeat 1/1
2026-09-07 14:46:46 DEBUG    [SA_03] PREPARE_ITEM #2
2026-09-07 14:46:46 DEBUG    [SA_03] ACTION: {'action': 'SHOW', 'target': 'top', 'content': 'phrase_text'}
2026-09-07 14:46:46 DEBUG    [SA_03] ACTION: {'action': 'PLAY', 'source': 'phrase_text'}
2026-09-07 14:46:46 DEBUG    [SA_03] AudioProvider: CACHE MISS
2026-09-07 14:46:48 DEBUG    [SA_03] TEXT PLAY
2026-09-07 14:46:53 DEBUG    [SA_03] TEXT_END
2026-09-07 14:46:53 DEBUG    [SA_03] ACTION: {'action': 'WAIT', 'source': 'pause_before_translation'}
2026-09-07 14:46:54 DEBUG    [SA_03] PAUSE_END
2026-09-07 14:46:54 DEBUG    [SA_03] ACTION: {'action': 'SHOW', 'target': 'bottom', 'content': 'translate_text'}
2026-09-07 14:46:54 DEBUG    [SA_03] ACTION: {'action': 'PLAY', 'source': 'translate_text'}
2026-09-07 14:46:54 DEBUG    [SA_03] AudioProvider: CACHE MISS
2026-09-07 14:46:58 DEBUG    [SA_03] TRANSLATION PLAY
2026-09-07 14:47:03 DEBUG    [SA_03] TRANSLATION_END
2026-09-07 14:47:03 DEBUG    [SA_03] ACTION: {'action': 'WAIT', 'source': 'pause_between_sentences'}
2026-09-07 14:47:05 DEBUG    [SA_03] PAUSE_END
2026-09-07 14:47:05 DEBUG    [SA_03] ACTION: {'action': 'HIDE', 'target': 'top'}
2026-09-07 14:47:05 DEBUG    [SA_03] ACTION: {'action': 'HIDE', 'target': 'bottom'}
2026-09-07 14:47:05 INFO     [SA_03] SCENARIO FINISHED
2026-09-07 14:47:05 DEBUG    [SA_03] FINISH_ITEM: repeat 1/1
2026-09-07 14:47:05 DEBUG    [SA_03] PREPARE_ITEM #3
2026-09-07 14:47:05 DEBUG    [SA_03] ACTION: {'action': 'SHOW', 'target': 'top', 'content': 'phrase_text'}
2026-09-07 14:47:05 DEBUG    [SA_03] ACTION: {'action': 'PLAY', 'source': 'phrase_text'}
2026-09-07 14:47:05 DEBUG    [SA_03] AudioProvider: CACHE MISS
2026-09-07 14:47:09 DEBUG    [SA_03] TEXT PLAY
2026-09-07 14:47:19 DEBUG    [SA_03] TEXT_END
2026-09-07 14:47:19 DEBUG    [SA_03] ACTION: {'action': 'WAIT', 'source': 'pause_before_translation'}
2026-09-07 14:47:22 DEBUG    [SA_03] PAUSE_END
2026-09-07 14:47:22 DEBUG    [SA_03] ACTION: {'action': 'SHOW', 'target': 'bottom', 'content': 'translate_text'}
2026-09-07 14:47:22 DEBUG    [SA_03] ACTION: {'action': 'PLAY', 'source': 'translate_text'}
2026-09-07 14:47:23 DEBUG    [SA_03] AudioProvider: CACHE MISS
2026-09-07 14:47:28 DEBUG    [SA_03] TRANSLATION PLAY
2026-09-07 14:47:38 DEBUG    [SA_03] Button: pause
2026-09-07 14:47:45 DEBUG    [SA_03] Button: db
2026-09-07 14:47:46 INFO     [SA_03] Database sets loaded: 19
2026-09-07 14:47:46 DEBUG    [SA_03] Selected set: English A1
2026-09-07 14:47:53 DEBUG    [SA_03] Button: settoexcel
2026-09-07 14:48:24 INFO     [SA_03] Session exported to Excel: C:/Users/liudm/SadowingApp/SA_03/tmp/Russian_fair.xlsx
2026-09-07 14:50:18 DEBUG    [SA_03] Button: settodb
2026-09-07 14:50:24 DEBUG    [SA_03] SETTO​DB user_id=2
2026-09-07 14:50:24 DEBUG    [SA_03] SETTO​DB data items=11
2026-09-07 14:50:25 ERROR    [SA_03] SAVE  set API error: Translation voice not found
2026-09-07 14:50:57 DEBUG    [SA_03] Selected set: Polsky Dictation 
2026-09-07 14:51:13 DEBUG    [SA_03] Button: play
2026-09-07 14:51:13 DEBUG    [SA_03] PREPARE_ITEM #3
2026-09-07 14:51:13 DEBUG    [SA_03] ACTION: {'action': 'SHOW', 'target': 'top', 'content': 'phrase_text'}
2026-09-07 14:51:13 DEBUG    [SA_03] ACTION: {'action': 'PLAY', 'source': 'phrase_text'}
2026-09-07 14:51:13 DEBUG    [SA_03] AudioProvider: CACHE HIT
2026-09-07 14:51:13 DEBUG    [SA_03] TEXT PLAY
2026-09-07 14:51:15 DEBUG    [SA_03] Button: pause
2026-09-07 14:51:20 DEBUG    [SA_03] Button: db
2026-09-07 14:51:21 INFO     [SA_03] Database sets loaded: 19
2026-09-07 14:51:21 DEBUG    [SA_03] Selected set: English A1
2026-09-07 14:51:45 DEBUG    [SA_03] Button: play
2026-09-07 14:51:45 DEBUG    [SA_03] PREPARE_ITEM #3
2026-09-07 14:51:45 DEBUG    [SA_03] ACTION: {'action': 'SHOW', 'target': 'top', 'content': 'phrase_text'}
2026-09-07 14:51:45 DEBUG    [SA_03] ACTION: {'action': 'PLAY', 'source': 'phrase_text'}
2026-09-07 14:51:45 DEBUG    [SA_03] AudioProvider: CACHE HIT
2026-09-07 14:51:45 DEBUG    [SA_03] TEXT PLAY
2026-09-07 14:51:55 DEBUG    [SA_03] TEXT_END
2026-09-07 14:51:55 DEBUG    [SA_03] ACTION: {'action': 'WAIT', 'source': 'pause_before_translation'}
2026-09-07 14:51:59 DEBUG    [SA_03] PAUSE_END
2026-09-07 14:51:59 DEBUG    [SA_03] ACTION: {'action': 'SHOW', 'target': 'bottom', 'content': 'translate_text'}
2026-09-07 14:51:59 DEBUG    [SA_03] ACTION: {'action': 'PLAY', 'source': 'translate_text'}
2026-09-07 14:51:59 DEBUG    [SA_03] AudioProvider: CACHE HIT
2026-09-07 14:51:59 DEBUG    [SA_03] TRANSLATION PLAY
2026-09-07 14:52:05 DEBUG    [SA_03] Button: pause
2026-09-07 14:52:05 DEBUG    [SA_03] Button: db
2026-09-07 14:52:06 INFO     [SA_03] Database sets loaded: 19
2026-09-07 14:52:06 DEBUG    [SA_03] Selected set: English A1
2026-09-07 14:52:09 DEBUG    [SA_03] Button: settodb
2026-09-07 14:52:12 DEBUG    [SA_03] SETTO​DB user_id=2
2026-09-07 14:52:12 DEBUG    [SA_03] SETTO​DB data items=11
2026-09-07 14:52:13 ERROR    [SA_03] SAVE  set API error: Translation voice not found
2026-09-07 14:53:56 DEBUG    [SA_03] Button: exceltoset
2026-09-07 14:54:01 INFO     [SA_03] Session imported from Excel: C:/Users/liudm/SadowingApp/SA_03/tmp/Russian_fair.xlsx
2026-09-07 14:54:10 DEBUG    [SA_03] Button: settodb
2026-09-07 14:54:12 DEBUG    [SA_03] SETTO​DB user_id=2
2026-09-07 14:54:12 DEBUG    [SA_03] SETTO​DB data items=11
2026-09-07 14:54:12 ERROR    [SA_03] SAVE  set API error: Translation voice not found
2026-09-07 14:54:26 DEBUG    [SA_03] Button: play
2026-09-07 14:54:26 DEBUG    [SA_03] PREPARE_ITEM #0
2026-09-07 14:54:26 DEBUG    [SA_03] ACTION: {'action': 'SHOW', 'target': 'top', 'content': 'phrase_text'}
2026-09-07 14:54:26 DEBUG    [SA_03] ACTION: {'action': 'PLAY', 'source': 'phrase_text'}
2026-09-07 14:54:26 DEBUG    [SA_03] AudioProvider: CACHE HIT
2026-09-07 14:54:26 DEBUG    [SA_03] TEXT PLAY
2026-09-07 14:54:29 DEBUG    [SA_03] TEXT_END
2026-09-07 14:54:29 DEBUG    [SA_03] ACTION: {'action': 'WAIT', 'source': 'pause_before_translation'}
2026-09-07 14:54:30 DEBUG    [SA_03] PAUSE_END
2026-09-07 14:54:30 DEBUG    [SA_03] ACTION: {'action': 'SHOW', 'target': 'bottom', 'content': 'translate_text'}
2026-09-07 14:54:30 DEBUG    [SA_03] ACTION: {'action': 'PLAY', 'source': 'translate_text'}
2026-09-07 14:54:30 DEBUG    [SA_03] AudioProvider: CACHE HIT
2026-09-07 14:54:30 DEBUG    [SA_03] TRANSLATION PLAY
2026-09-07 14:54:32 DEBUG    [SA_03] Button: pause
2026-09-07 14:54:35 DEBUG    [SA_03] Button: db
2026-09-07 14:54:35 INFO     [SA_03] Database sets loaded: 19
2026-09-07 14:54:35 DEBUG    [SA_03] Selected set: English A1
2026-09-07 14:54:37 DEBUG    [SA_03] Button: settodb
2026-09-07 14:54:39 DEBUG    [SA_03] SETTO​DB user_id=2
2026-09-07 14:54:39 DEBUG    [SA_03] SETTO​DB data items=11
2026-09-07 14:54:40 ERROR    [SA_03] SAVE  set API error: Translation voice not found
2026-09-07 14:55:01 DEBUG    [SA_03] Selected set: Little Red Riding Hood. French
2026-09-07 14:55:14 DEBUG    [SA_03] Selected set: Little Red Riding Hood. French
2026-09-07 14:55:36 INFO     [SA_03] Finsh Application
2026-09-07 14:55:42 INFO     [SA_03] Start Application
2026-09-07 14:55:42 DEBUG    [SA_03] INITIAL ITEM: phrase_code = ru phrase_locale = ru-RU phrase_voice = ru-RU-DmitryNeural
2026-09-07 14:55:42 DEBUG    [SA_03] INITIAL SOURCE: language = ru locale = ru-RU voice = 
2026-09-07 14:55:44 DEBUG    [SA_03] Button: play
2026-09-07 14:55:44 DEBUG    [SA_03] PREPARE_ITEM #0
2026-09-07 14:55:44 DEBUG    [SA_03] ACTION: {'action': 'SHOW', 'target': 'top', 'content': 'phrase_text'}
2026-09-07 14:55:44 DEBUG    [SA_03] ACTION: {'action': 'PLAY', 'source': 'phrase_text'}
2026-09-07 14:55:44 DEBUG    [SA_03] AudioProvider: CACHE HIT
2026-09-07 14:55:44 DEBUG    [SA_03] TEXT PLAY
2026-09-07 14:55:46 DEBUG    [SA_03] Button: pause
2026-09-07 14:56:03 DEBUG    [SA_03] Button: db
2026-09-07 14:56:03 INFO     [SA_03] Database sets loaded: 19
2026-09-07 14:56:03 DEBUG    [SA_03] Selected set: English A1
2026-09-07 15:00:27 INFO     [SA_03] Finsh Application
2026-09-07 15:00:32 INFO     [SA_03] Start Application
2026-09-07 15:00:32 DEBUG    [SA_03] INITIAL ITEM: phrase_code = ru phrase_locale = ru-RU phrase_voice = ru-RU-DmitryNeural
2026-09-07 15:00:32 DEBUG    [SA_03] INITIAL SOURCE: language = ru locale = ru-RU voice = 
2026-09-07 15:00:36 DEBUG    [SA_03] Button: db
2026-09-07 15:00:38 INFO     [SA_03] Database sets loaded: 19
2026-09-07 15:00:38 DEBUG    [SA_03] Selected set: English A1
2026-09-07 15:00:39 DEBUG    [SA_03] Button: settodb
2026-09-07 15:00:41 DEBUG    [SA_03] SETTO​DB user_id=2
2026-09-07 15:00:41 DEBUG    [SA_03] SETTO​DB data items=11
2026-09-07 15:00:42 ERROR    [SA_03] SAVE  set API error: Translation voice not found
2026-09-07 15:00:48 INFO     [SA_03] Finsh Application
2026-09-07 15:28:14 INFO     [SA_03] Start Application
2026-09-07 15:28:14 DEBUG    [SA_03] INITIAL ITEM: phrase_code = ru phrase_locale = ru-RU phrase_voice = ru-RU-DmitryNeural
2026-09-07 15:28:14 DEBUG    [SA_03] INITIAL SOURCE: language = ru locale = ru-RU voice = 
2026-09-07 15:28:16 DEBUG    [SA_03] Button: db
2026-09-07 15:28:17 INFO     [SA_03] Database sets loaded: 19
2026-09-07 15:28:17 DEBUG    [SA_03] Selected set: English A1
2026-09-07 15:28:19 DEBUG    [SA_03] Button: settodb
2026-09-07 15:28:21 DEBUG    [SA_03] SETTO​DB user_id=2
2026-09-07 15:28:21 DEBUG    [SA_03] SETTO​DB data items=11
2026-09-07 15:28:22 INFO     [SA_03] Session saved to database: {'set_id': 56}
2026-09-07 15:28:24 INFO     [SA_03] Database sets loaded: 20
2026-09-07 15:28:24 DEBUG    [SA_03] Selected set: English A1
2026-09-07 15:28:35 DEBUG    [SA_03] Selected set: Snow Girl
2026-09-07 15:28:46 INFO     [SA_03] Finsh Application
2026-09-07 15:29:45 INFO     [SA_03] Start Application
2026-09-07 15:29:46 DEBUG    [SA_03] INITIAL ITEM: phrase_code = ru phrase_locale = ru-RU phrase_voice = ru-RU-DmitryNeural
2026-09-07 15:29:46 DEBUG    [SA_03] INITIAL SOURCE: language = ru locale = ru-RU voice = 
2026-09-07 15:30:03 DEBUG    [SA_03] Button: db
2026-09-07 15:30:04 INFO     [SA_03] Database sets loaded: 20
2026-09-07 15:30:04 DEBUG    [SA_03] Selected set: English A1
2026-09-07 15:30:08 DEBUG    [SA_03] Selected set: Snow Girl
2026-09-07 15:30:11 DEBUG    [SA_03] Button: dbtoset
2026-09-07 15:30:12 DEBUG    [SA_03] DBTOSET set_id=56
2026-09-07 15:30:13 INFO     [SA_03] Set loaded into session: 56
2026-09-07 15:31:20 INFO     [SA_03] Finsh Application
2026-09-07 15:31:28 INFO     [SA_03] Start Application
2026-09-07 15:31:28 DEBUG    [SA_03] INITIAL ITEM: phrase_code = ru phrase_locale = ru-RU phrase_voice = ru-RU-DmitryNeural
2026-09-07 15:31:28 DEBUG    [SA_03] INITIAL SOURCE: language = ru locale = ru-RU voice = 
2026-09-07 15:31:35 DEBUG    [SA_03] Button: db
2026-09-07 15:31:36 INFO     [SA_03] Database sets loaded: 20
2026-09-07 15:31:36 DEBUG    [SA_03] Selected set: English A1
2026-09-07 15:31:46 INFO     [SA_03] Finsh Application
2026-09-07 15:35:43 INFO     [SA_03] Start Application
2026-09-07 15:35:44 DEBUG    [SA_03] INITIAL ITEM: phrase_code = ru phrase_locale = ru-RU phrase_voice = ru-RU-DmitryNeural
2026-09-07 15:35:44 DEBUG    [SA_03] INITIAL SOURCE: language = ru locale = ru-RU voice = 
2026-09-07 15:35:46 DEBUG    [SA_03] Button: settings
2026-09-07 15:35:46 DEBUG    [SA_03] INITIAL ITEM: phrase_code = ru phrase_locale = ru-RU phrase_voice = ru-RU-DmitryNeural
2026-09-07 15:35:46 DEBUG    [SA_03] INITIAL SOURCE: language = ru locale = ru-RU voice = 
2026-09-07 15:35:46 DEBUG    [SA_03] Target language: en
2026-09-07 15:35:47 DEBUG    [SA_03] Target locale: en-US
2026-09-07 15:35:52 DEBUG    [SA_03] Button: db
2026-09-07 15:35:53 INFO     [SA_03] Database sets loaded: 20
2026-09-07 15:35:53 DEBUG    [SA_03] Selected set: English A1
2026-09-07 15:35:59 INFO     [SA_03] Finsh Application
2026-09-07 16:53:55 INFO     [SA_03] Start Application
2026-09-07 16:53:55 DEBUG    [SA_03] INITIAL ITEM: phrase_code = ru phrase_locale = ru-RU phrase_voice = ru-RU-DmitryNeural
2026-09-07 16:53:55 DEBUG    [SA_03] INITIAL SOURCE: language = ru locale = ru-RU voice = 
2026-09-07 16:53:57 DEBUG    [SA_03] Button: settings
2026-09-07 16:53:57 DEBUG    [SA_03] INITIAL ITEM: phrase_code = ru phrase_locale = ru-RU phrase_voice = ru-RU-DmitryNeural
2026-09-07 16:53:57 DEBUG    [SA_03] INITIAL SOURCE: language = ru locale = ru-RU voice = 
2026-09-07 16:53:57 DEBUG    [SA_03] Target language: en
2026-09-07 16:53:57 DEBUG    [SA_03] Target locale: en-US
2026-09-07 16:54:09 DEBUG    [SA_03] Button: db
2026-09-07 16:54:10 INFO     [SA_03] Database sets loaded: 20
2026-09-07 16:54:10 DEBUG    [SA_03] Selected set: English A1
2026-09-07 16:54:11 DEBUG    [SA_03] Button: datatodb
2026-09-07 16:54:16 DEBUG    [SA_03] Button: settings
2026-09-07 16:54:16 DEBUG    [SA_03] INITIAL ITEM: phrase_code = ru phrase_locale = ru-RU phrase_voice = ru-RU-DmitryNeural
2026-09-07 16:54:16 DEBUG    [SA_03] INITIAL SOURCE: language = ru locale = ru-RU voice = 
2026-09-07 16:54:16 DEBUG    [SA_03] Target language: en
2026-09-07 16:54:17 DEBUG    [SA_03] Target locale: en-US
2026-09-07 16:55:51 INFO     [SA_03] Finsh Application
2026-09-07 16:55:55 INFO     [SA_03] Start Application
2026-09-07 16:55:56 DEBUG    [SA_03] INITIAL ITEM: phrase_code = ru phrase_locale = ru-RU phrase_voice = ru-RU-DmitryNeural
2026-09-07 16:55:56 DEBUG    [SA_03] INITIAL SOURCE: language = ru locale = ru-RU voice = 
2026-09-07 16:55:57 DEBUG    [SA_03] Button: db
2026-09-07 16:55:58 INFO     [SA_03] Database sets loaded: 20
2026-09-07 16:55:58 DEBUG    [SA_03] Selected set: English A1
2026-09-07 16:56:14 INFO     [SA_03] Finsh Application
2026-09-07 16:56:18 INFO     [SA_03] Start Application
2026-09-07 16:56:18 DEBUG    [SA_03] INITIAL ITEM: phrase_code = ru phrase_locale = ru-RU phrase_voice = ru-RU-DmitryNeural
2026-09-07 16:56:18 DEBUG    [SA_03] INITIAL SOURCE: language = ru locale = ru-RU voice = 
2026-09-07 16:56:21 DEBUG    [SA_03] Button: db
2026-09-07 16:56:22 INFO     [SA_03] Database sets loaded: 20
2026-09-07 16:56:22 DEBUG    [SA_03] Selected set: English A1
2026-09-07 16:56:39 DEBUG    [SA_03] Button: datatodb
2026-09-07 16:58:05 DEBUG    [SA_03] Selected set: Little Red Riding Hood. French
2026-09-07 16:58:09 DEBUG    [SA_03] Selected set: Polisн  B2
2026-09-07 16:58:24 DEBUG    [SA_03] Selected set: Shadowing
2026-09-07 17:00:38 INFO     [SA_03] Finsh Application
2026-09-07 17:00:41 INFO     [SA_03] Start Application
2026-09-07 17:00:42 DEBUG    [SA_03] INITIAL ITEM: phrase_code = ru phrase_locale = ru-RU phrase_voice = ru-RU-DmitryNeural
2026-09-07 17:00:42 DEBUG    [SA_03] INITIAL SOURCE: language = ru locale = ru-RU voice = 
2026-09-07 17:00:43 DEBUG    [SA_03] Button: db
2026-09-07 17:00:45 INFO     [SA_03] Database sets loaded: 20
2026-09-07 17:00:45 DEBUG    [SA_03] Selected set: English A1
2026-09-07 17:02:06 INFO     [SA_03] Finsh Application
2026-09-07 17:02:09 INFO     [SA_03] Start Application
2026-09-07 17:02:10 DEBUG    [SA_03] INITIAL ITEM: phrase_code = ru phrase_locale = ru-RU phrase_voice = ru-RU-DmitryNeural
2026-09-07 17:02:10 DEBUG    [SA_03] INITIAL SOURCE: language = ru locale = ru-RU voice = 
2026-09-07 17:02:11 DEBUG    [SA_03] Button: db
2026-09-07 17:02:12 INFO     [SA_03] Database sets loaded: 20
2026-09-07 17:02:12 DEBUG    [SA_03] Selected set: English A1
2026-09-07 17:02:55 INFO     [SA_03] Finsh Application
2026-09-07 17:02:58 INFO     [SA_03] Start Application
2026-09-07 17:02:59 DEBUG    [SA_03] INITIAL ITEM: phrase_code = ru phrase_locale = ru-RU phrase_voice = ru-RU-DmitryNeural
2026-09-07 17:02:59 DEBUG    [SA_03] INITIAL SOURCE: language = ru locale = ru-RU voice = 
2026-09-07 17:03:00 DEBUG    [SA_03] Button: db
2026-09-07 17:03:01 INFO     [SA_03] Database sets loaded: 20
2026-09-07 17:03:01 DEBUG    [SA_03] Selected set: English A1
2026-09-07 17:04:02 INFO     [SA_03] Finsh Application
2026-09-07 17:04:06 INFO     [SA_03] Start Application
2026-09-07 17:04:07 DEBUG    [SA_03] INITIAL ITEM: phrase_code = ru phrase_locale = ru-RU phrase_voice = ru-RU-DmitryNeural
2026-09-07 17:04:07 DEBUG    [SA_03] INITIAL SOURCE: language = ru locale = ru-RU voice = 
2026-09-07 17:04:10 DEBUG    [SA_03] Button: db
2026-09-07 17:04:10 INFO     [SA_03] Database sets loaded: 20
2026-09-07 17:04:10 DEBUG    [SA_03] Selected set: English A1
2026-09-07 17:04:33 DEBUG    [SA_03] Selected set: Polisн  B2
2026-09-07 17:05:44 INFO     [SA_03] Finsh Application
2026-09-07 17:05:48 INFO     [SA_03] Start Application
2026-09-07 17:05:48 DEBUG    [SA_03] INITIAL ITEM: phrase_code = ru phrase_locale = ru-RU phrase_voice = ru-RU-DmitryNeural
2026-09-07 17:05:48 DEBUG    [SA_03] INITIAL SOURCE: language = ru locale = ru-RU voice = 
2026-09-07 17:05:49 DEBUG    [SA_03] Button: db
2026-09-07 17:05:49 INFO     [SA_03] Database sets loaded: 20
2026-09-07 17:05:49 DEBUG    [SA_03] Selected set: English A1
2026-09-07 17:06:25 INFO     [SA_03] Finsh Application
2026-09-07 17:06:29 INFO     [SA_03] Start Application
2026-09-07 17:06:30 DEBUG    [SA_03] INITIAL ITEM: phrase_code = ru phrase_locale = ru-RU phrase_voice = ru-RU-DmitryNeural
2026-09-07 17:06:30 DEBUG    [SA_03] INITIAL SOURCE: language = ru locale = ru-RU voice = 
2026-09-07 17:06:31 DEBUG    [SA_03] Button: db
2026-09-07 17:06:32 INFO     [SA_03] Database sets loaded: 20
2026-09-07 17:06:32 DEBUG    [SA_03] Selected set: English A1
2026-09-07 17:06:43 INFO     [SA_03] Finsh Application
2026-09-07 17:06:46 INFO     [SA_03] Start Application
2026-09-07 17:06:46 DEBUG    [SA_03] INITIAL ITEM: phrase_code = ru phrase_locale = ru-RU phrase_voice = ru-RU-DmitryNeural
2026-09-07 17:06:46 DEBUG    [SA_03] INITIAL SOURCE: language = ru locale = ru-RU voice = 
2026-09-07 17:06:48 DEBUG    [SA_03] Button: db
2026-09-07 17:06:49 INFO     [SA_03] Database sets loaded: 20
2026-09-07 17:06:49 DEBUG    [SA_03] Selected set: English A1
2026-09-07 17:07:13 DEBUG    [SA_03] Selected set: dialogi  kwalifikacyjny
2026-09-07 17:08:20 DEBUG    [SA_03] Button: settoexcel
2026-09-07 17:08:48 INFO     [SA_03] Session exported to Excel: C:/Users/liudm/SadowingApp/SA_03/tmp/DialogKwalificacijny.xlsx
2026-09-07 17:08:53 DEBUG    [SA_03] Button: settoexcel
2026-09-07 17:09:02 DEBUG    [SA_03] Excel export cancelled
2026-09-07 17:09:24 DEBUG    [SA_03] Button: dbtoset
2026-09-07 17:09:25 DEBUG    [SA_03] DBTOSET set_id=45
2026-09-07 17:09:27 INFO     [SA_03] Set loaded into session: 45
2026-09-07 17:09:29 DEBUG    [SA_03] Button: settoexcel
2026-09-07 17:09:35 INFO     [SA_03] Session exported to Excel: C:/Users/liudm/SadowingApp/SA_03/tmp/DialogKwalificacijny.xlsx
2026-09-07 17:10:15 INFO     [SA_03] Finsh Application
2026-09-08 09:18:53 INFO     [SA_03] Start Application
2026-09-08 09:18:53 DEBUG    [SA_03] INITIAL ITEM: phrase_code = pl phrase_locale = pl-PL phrase_voice = pl-PL-MarekNeural
2026-09-08 09:18:53 DEBUG    [SA_03] INITIAL SOURCE: language = pl locale = pl-PL voice = 
2026-09-08 09:18:56 DEBUG    [SA_03] Button: db
2026-09-08 09:18:57 INFO     [SA_03] Database sets loaded: 20
2026-09-08 09:18:57 DEBUG    [SA_03] Selected set: English A1
2026-09-08 09:23:13 INFO     [SA_03] Finsh Application
2026-09-08 09:23:17 INFO     [SA_03] Start Application
2026-09-08 09:23:17 DEBUG    [SA_03] INITIAL ITEM: phrase_code = pl phrase_locale = pl-PL phrase_voice = pl-PL-MarekNeural
2026-09-08 09:23:17 DEBUG    [SA_03] INITIAL SOURCE: language = pl locale = pl-PL voice = 
2026-09-08 09:23:18 DEBUG    [SA_03] Button: db
2026-09-08 09:23:20 INFO     [SA_03] Database sets loaded: 20
2026-09-08 09:23:20 DEBUG    [SA_03] Selected set: English A1
2026-09-08 09:24:34 INFO     [SA_03] Finsh Application
2026-09-08 09:24:38 INFO     [SA_03] Start Application
2026-09-08 09:24:38 DEBUG    [SA_03] INITIAL ITEM: phrase_code = pl phrase_locale = pl-PL phrase_voice = pl-PL-MarekNeural
2026-09-08 09:24:38 DEBUG    [SA_03] INITIAL SOURCE: language = pl locale = pl-PL voice = 
2026-09-08 09:24:40 DEBUG    [SA_03] Button: db
2026-09-08 09:24:40 INFO     [SA_03] Database sets loaded: 20
2026-09-08 09:24:40 DEBUG    [SA_03] Selected set: English A1
2026-09-08 09:26:10 INFO     [SA_03] Finsh Application
2026-09-08 09:26:15 INFO     [SA_03] Start Application
2026-09-08 09:26:15 DEBUG    [SA_03] INITIAL ITEM: phrase_code = pl phrase_locale = pl-PL phrase_voice = pl-PL-MarekNeural
2026-09-08 09:26:15 DEBUG    [SA_03] INITIAL SOURCE: language = pl locale = pl-PL voice = 
2026-09-08 09:26:16 DEBUG    [SA_03] Button: db
2026-09-08 09:26:17 INFO     [SA_03] Database sets loaded: 20
2026-09-08 09:26:17 DEBUG    [SA_03] Selected set: English A1
2026-09-08 09:26:52 INFO     [SA_03] Finsh Application
2026-09-08 09:26:56 INFO     [SA_03] Start Application
2026-09-08 09:26:56 DEBUG    [SA_03] INITIAL ITEM: phrase_code = pl phrase_locale = pl-PL phrase_voice = pl-PL-MarekNeural
2026-09-08 09:26:56 DEBUG    [SA_03] INITIAL SOURCE: language = pl locale = pl-PL voice = 
2026-09-08 09:26:59 DEBUG    [SA_03] Button: db
2026-09-08 09:26:59 INFO     [SA_03] Database sets loaded: 20
2026-09-08 09:26:59 DEBUG    [SA_03] Selected set: English A1
2026-09-08 09:28:01 INFO     [SA_03] Finsh Application
2026-09-08 09:28:05 INFO     [SA_03] Start Application
2026-09-08 09:28:05 DEBUG    [SA_03] INITIAL ITEM: phrase_code = pl phrase_locale = pl-PL phrase_voice = pl-PL-MarekNeural
2026-09-08 09:28:05 DEBUG    [SA_03] INITIAL SOURCE: language = pl locale = pl-PL voice = 
2026-09-08 09:28:07 DEBUG    [SA_03] Button: settings
2026-09-08 09:28:07 DEBUG    [SA_03] INITIAL ITEM: phrase_code = pl phrase_locale = pl-PL phrase_voice = pl-PL-MarekNeural
2026-09-08 09:28:07 DEBUG    [SA_03] INITIAL SOURCE: language = pl locale = pl-PL voice = 
2026-09-08 09:28:07 DEBUG    [SA_03] Target language: en
2026-09-08 09:28:10 DEBUG    [SA_03] Button: db
2026-09-08 09:28:11 INFO     [SA_03] Database sets loaded: 20
2026-09-08 09:28:11 DEBUG    [SA_03] Selected set: English A1
2026-09-08 09:29:25 INFO     [SA_03] Finsh Application
2026-09-08 09:29:29 INFO     [SA_03] Start Application
2026-09-08 09:29:29 DEBUG    [SA_03] INITIAL ITEM: phrase_code = pl phrase_locale = pl-PL phrase_voice = pl-PL-MarekNeural
2026-09-08 09:29:29 DEBUG    [SA_03] INITIAL SOURCE: language = pl locale = pl-PL voice = 
2026-09-08 09:29:30 DEBUG    [SA_03] Button: db
2026-09-08 09:29:31 INFO     [SA_03] Database sets loaded: 20
2026-09-08 09:29:31 DEBUG    [SA_03] Selected set: English A1
2026-09-08 09:29:41 DEBUG    [SA_03] Button: settings
2026-09-08 09:29:41 DEBUG    [SA_03] INITIAL ITEM: phrase_code = pl phrase_locale = pl-PL phrase_voice = pl-PL-MarekNeural
2026-09-08 09:29:41 DEBUG    [SA_03] INITIAL SOURCE: language = pl locale = pl-PL voice = 
2026-09-08 09:29:41 DEBUG    [SA_03] Target language: en
2026-09-08 09:29:42 DEBUG    [SA_03] Target locale: en-US
2026-09-08 09:30:01 DEBUG    [SA_03] Button: db
2026-09-08 09:30:02 INFO     [SA_03] Database sets loaded: 20
2026-09-08 09:30:02 DEBUG    [SA_03] Selected set: English A1
2026-09-08 09:34:06 INFO     [SA_03] Finsh Application
2026-09-08 09:34:09 INFO     [SA_03] Start Application
2026-09-08 09:34:09 DEBUG    [SA_03] INITIAL ITEM: phrase_code = pl phrase_locale = pl-PL phrase_voice = pl-PL-MarekNeural
2026-09-08 09:34:09 DEBUG    [SA_03] INITIAL SOURCE: language = pl locale = pl-PL voice = 
2026-09-08 09:34:11 DEBUG    [SA_03] Button: settings
2026-09-08 09:34:11 DEBUG    [SA_03] INITIAL ITEM: phrase_code = pl phrase_locale = pl-PL phrase_voice = pl-PL-MarekNeural
2026-09-08 09:34:11 DEBUG    [SA_03] INITIAL SOURCE: language = pl locale = pl-PL voice = 
2026-09-08 09:34:11 DEBUG    [SA_03] Target language: en
2026-09-08 09:34:12 DEBUG    [SA_03] Target locale: en-US
2026-09-08 09:34:18 DEBUG    [SA_03] Button: db
2026-09-08 09:34:19 INFO     [SA_03] Database sets loaded: 20
2026-09-08 09:34:19 DEBUG    [SA_03] Selected set: English A1
2026-09-08 09:34:36 DEBUG    [SA_03] Button: settings
2026-09-08 09:34:36 DEBUG    [SA_03] INITIAL ITEM: phrase_code = pl phrase_locale = pl-PL phrase_voice = pl-PL-MarekNeural
2026-09-08 09:34:36 DEBUG    [SA_03] INITIAL SOURCE: language = pl locale = pl-PL voice = 
2026-09-08 09:34:36 DEBUG    [SA_03] Target language: en
2026-09-08 09:34:36 DEBUG    [SA_03] Target locale: en-US
2026-09-08 09:34:41 DEBUG    [SA_03] Button: db
2026-09-08 09:34:43 INFO     [SA_03] Database sets loaded: 20
2026-09-08 09:34:43 DEBUG    [SA_03] Selected set: English A1
2026-09-08 09:36:03 INFO     [SA_03] Finsh Application
2026-09-08 09:36:06 INFO     [SA_03] Start Application
2026-09-08 09:36:06 DEBUG    [SA_03] INITIAL ITEM: phrase_code = pl phrase_locale = pl-PL phrase_voice = pl-PL-MarekNeural
2026-09-08 09:36:06 DEBUG    [SA_03] INITIAL SOURCE: language = pl locale = pl-PL voice = 
2026-09-08 09:36:07 DEBUG    [SA_03] Button: settings
2026-09-08 09:36:07 DEBUG    [SA_03] INITIAL ITEM: phrase_code = pl phrase_locale = pl-PL phrase_voice = pl-PL-MarekNeural
2026-09-08 09:36:07 DEBUG    [SA_03] INITIAL SOURCE: language = pl locale = pl-PL voice = 
2026-09-08 09:36:08 DEBUG    [SA_03] Target language: en
2026-09-08 09:36:08 DEBUG    [SA_03] Target locale: en-US
2026-09-08 09:36:16 DEBUG    [SA_03] Button: db
2026-09-08 09:36:17 INFO     [SA_03] Database sets loaded: 20
2026-09-08 09:36:17 DEBUG    [SA_03] Selected set: English A1
2026-09-08 09:36:43 DEBUG    [SA_03] Button: settings
2026-09-08 09:36:43 DEBUG    [SA_03] INITIAL ITEM: phrase_code = pl phrase_locale = pl-PL phrase_voice = pl-PL-MarekNeural
2026-09-08 09:36:43 DEBUG    [SA_03] INITIAL SOURCE: language = pl locale = pl-PL voice = 
2026-09-08 09:36:43 DEBUG    [SA_03] Target language: en
2026-09-08 09:36:43 DEBUG    [SA_03] Target locale: en-US
2026-09-08 09:36:46 DEBUG    [SA_03] Button: db
2026-09-08 09:36:46 INFO     [SA_03] Database sets loaded: 20
2026-09-08 09:36:46 DEBUG    [SA_03] Selected set: English A1
2026-09-08 09:37:26 INFO     [SA_03] Finsh Application
2026-09-08 09:37:29 INFO     [SA_03] Start Application
2026-09-08 09:37:29 DEBUG    [SA_03] INITIAL ITEM: phrase_code = pl phrase_locale = pl-PL phrase_voice = pl-PL-MarekNeural
2026-09-08 09:37:29 DEBUG    [SA_03] INITIAL SOURCE: language = pl locale = pl-PL voice = 
2026-09-08 09:37:36 DEBUG    [SA_03] Button: db
2026-09-08 09:37:38 INFO     [SA_03] Database sets loaded: 20
2026-09-08 09:37:38 DEBUG    [SA_03] Selected set: English A1
2026-09-08 09:38:18 INFO     [SA_03] Finsh Application
2026-09-08 09:38:22 INFO     [SA_03] Start Application
2026-09-08 09:38:22 DEBUG    [SA_03] INITIAL ITEM: phrase_code = pl phrase_locale = pl-PL phrase_voice = pl-PL-MarekNeural
2026-09-08 09:38:22 DEBUG    [SA_03] INITIAL SOURCE: language = pl locale = pl-PL voice = 
2026-09-08 09:38:29 DEBUG    [SA_03] Button: settings
2026-09-08 09:38:29 DEBUG    [SA_03] INITIAL ITEM: phrase_code = pl phrase_locale = pl-PL phrase_voice = pl-PL-MarekNeural
2026-09-08 09:38:29 DEBUG    [SA_03] INITIAL SOURCE: language = pl locale = pl-PL voice = 
2026-09-08 09:38:30 DEBUG    [SA_03] Target language: en
2026-09-08 09:38:30 DEBUG    [SA_03] Target locale: en-US
2026-09-08 09:38:32 DEBUG    [SA_03] Button: db
2026-09-08 09:38:33 INFO     [SA_03] Database sets loaded: 20
2026-09-08 09:38:33 DEBUG    [SA_03] Selected set: English A1
2026-09-08 09:38:52 DEBUG    [SA_03] Button: settings
2026-09-08 09:38:52 DEBUG    [SA_03] INITIAL ITEM: phrase_code = pl phrase_locale = pl-PL phrase_voice = pl-PL-MarekNeural
2026-09-08 09:38:52 DEBUG    [SA_03] INITIAL SOURCE: language = pl locale = pl-PL voice = 
2026-09-08 09:38:52 DEBUG    [SA_03] Target language: en
2026-09-08 09:38:52 DEBUG    [SA_03] Target locale: en-US
2026-09-08 09:38:56 DEBUG    [SA_03] Button: db
2026-09-08 09:38:57 INFO     [SA_03] Database sets loaded: 20
2026-09-08 09:38:57 DEBUG    [SA_03] Selected set: English A1
2026-09-08 09:40:24 INFO     [SA_03] Finsh Application
2026-09-08 09:40:54 INFO     [SA_03] Start Application
2026-09-08 09:40:54 DEBUG    [SA_03] INITIAL ITEM: phrase_code = pl phrase_locale = pl-PL phrase_voice = pl-PL-MarekNeural
2026-09-08 09:40:54 DEBUG    [SA_03] INITIAL SOURCE: language = pl locale = pl-PL voice = 
2026-09-08 09:40:56 DEBUG    [SA_03] Button: db
2026-09-08 09:40:56 INFO     [SA_03] Database sets loaded: 20
2026-09-08 09:40:56 DEBUG    [SA_03] Selected set: English A1
2026-09-08 09:41:27 DEBUG    [SA_03] Button: settings
2026-09-08 09:41:27 DEBUG    [SA_03] INITIAL ITEM: phrase_code = pl phrase_locale = pl-PL phrase_voice = pl-PL-MarekNeural
2026-09-08 09:41:27 DEBUG    [SA_03] INITIAL SOURCE: language = pl locale = pl-PL voice = 
2026-09-08 09:41:27 DEBUG    [SA_03] Target language: en
2026-09-08 09:41:27 DEBUG    [SA_03] Target locale: en-US
2026-09-08 09:50:25 INFO     [SA_03] Finsh Application
2026-09-08 09:50:29 INFO     [SA_03] Start Application
2026-09-08 09:50:29 DEBUG    [SA_03] INITIAL ITEM: phrase_code = pl phrase_locale = pl-PL phrase_voice = pl-PL-MarekNeural
2026-09-08 09:50:29 DEBUG    [SA_03] INITIAL SOURCE: language = pl locale = pl-PL voice = 
2026-09-08 09:50:31 DEBUG    [SA_03] Button: settings
2026-09-08 09:50:31 DEBUG    [SA_03] INITIAL ITEM: phrase_code = pl phrase_locale = pl-PL phrase_voice = pl-PL-MarekNeural
2026-09-08 09:50:31 DEBUG    [SA_03] INITIAL SOURCE: language = pl locale = pl-PL voice = 
2026-09-08 09:50:31 DEBUG    [SA_03] Target language: en
2026-09-08 09:50:31 DEBUG    [SA_03] Target locale: en-US
2026-09-08 09:50:59 INFO     [SA_03] Finsh Application
2026-09-08 09:55:42 INFO     [SA_03] Start Application
2026-09-08 09:55:42 DEBUG    [SA_03] INITIAL ITEM: phrase_code = pl phrase_locale = pl-PL phrase_voice = pl-PL-MarekNeural
2026-09-08 09:55:42 DEBUG    [SA_03] INITIAL SOURCE: language = pl locale = pl-PL voice = 
2026-09-08 09:55:44 DEBUG    [SA_03] Button: settings
2026-09-08 09:55:44 DEBUG    [SA_03] INITIAL ITEM: phrase_code = pl phrase_locale = pl-PL phrase_voice = pl-PL-MarekNeural
2026-09-08 09:55:44 DEBUG    [SA_03] INITIAL SOURCE: language = pl locale = pl-PL voice = 
2026-09-08 09:55:44 DEBUG    [SA_03] Target language: en
2026-09-08 09:55:45 DEBUG    [SA_03] Target locale: en-US
2026-09-08 09:57:10 INFO     [SA_03] Finsh Application
2026-09-08 09:57:13 INFO     [SA_03] Start Application
2026-09-08 09:57:13 DEBUG    [SA_03] INITIAL ITEM: phrase_code = pl phrase_locale = pl-PL phrase_voice = pl-PL-MarekNeural
2026-09-08 09:57:13 DEBUG    [SA_03] INITIAL SOURCE: language = pl locale = pl-PL voice = 
2026-09-08 09:57:15 DEBUG    [SA_03] Button: settings
2026-09-08 09:57:15 DEBUG    [SA_03] INITIAL ITEM: phrase_code = pl phrase_locale = pl-PL phrase_voice = pl-PL-MarekNeural
2026-09-08 09:57:15 DEBUG    [SA_03] INITIAL SOURCE: language = pl locale = pl-PL voice = 
2026-09-08 09:57:15 DEBUG    [SA_03] Target language: en
2026-09-08 09:57:15 DEBUG    [SA_03] Target locale: en-US
2026-09-08 10:01:48 DEBUG    [SA_03] Button: settings
2026-09-08 10:01:48 DEBUG    [SA_03] INITIAL ITEM: phrase_code = pl phrase_locale = pl-PL phrase_voice = pl-PL-MarekNeural
2026-09-08 10:01:48 DEBUG    [SA_03] INITIAL SOURCE: language = pl locale = pl-PL voice = 
2026-09-08 10:01:49 DEBUG    [SA_03] Target language: en
2026-09-08 10:01:49 DEBUG    [SA_03] Target locale: en-US
2026-09-08 10:01:51 DEBUG    [SA_03] Button: quit
2026-09-08 10:08:14 DEBUG    [SA_03] Button: settings
2026-09-08 10:08:14 DEBUG    [SA_03] INITIAL ITEM: phrase_code = pl phrase_locale = pl-PL phrase_voice = pl-PL-MarekNeural
2026-09-08 10:08:14 DEBUG    [SA_03] INITIAL SOURCE: language = pl locale = pl-PL voice = 
2026-09-08 10:08:14 DEBUG    [SA_03] Target language: en
2026-09-08 10:08:15 DEBUG    [SA_03] Target locale: en-US
2026-09-08 10:16:41 INFO     [SA_03] Finsh Application
2026-09-08 10:16:44 INFO     [SA_03] Start Application
2026-09-08 10:16:44 DEBUG    [SA_03] INITIAL ITEM: phrase_code = pl phrase_locale = pl-PL phrase_voice = pl-PL-MarekNeural
2026-09-08 10:16:44 DEBUG    [SA_03] INITIAL SOURCE: language = pl locale = pl-PL voice = 
2026-09-08 10:16:46 DEBUG    [SA_03] Button: settings
2026-09-08 10:16:46 DEBUG    [SA_03] INITIAL ITEM: phrase_code = pl phrase_locale = pl-PL phrase_voice = pl-PL-MarekNeural
2026-09-08 10:16:46 DEBUG    [SA_03] INITIAL SOURCE: language = pl locale = pl-PL voice = 
2026-09-08 10:16:46 DEBUG    [SA_03] Target language: en
2026-09-08 10:16:46 DEBUG    [SA_03] Target locale: en-US
2026-09-08 10:21:26 INFO     [SA_03] Finsh Application
2026-09-08 10:22:03 INFO     [SA_03] Start Application
2026-09-08 10:22:03 DEBUG    [SA_03] INITIAL ITEM: phrase_code = pl phrase_locale = pl-PL phrase_voice = pl-PL-MarekNeural
2026-09-08 10:22:03 DEBUG    [SA_03] INITIAL SOURCE: language = pl locale = pl-PL voice = 
2026-09-08 10:22:05 DEBUG    [SA_03] Button: settings
2026-09-08 10:22:05 DEBUG    [SA_03] INITIAL ITEM: phrase_code = pl phrase_locale = pl-PL phrase_voice = pl-PL-MarekNeural
2026-09-08 10:22:05 DEBUG    [SA_03] INITIAL SOURCE: language = pl locale = pl-PL voice = 
2026-09-08 10:23:13 INFO     [SA_03] Start Application
2026-09-08 10:23:13 DEBUG    [SA_03] INITIAL ITEM: phrase_code = pl phrase_locale = pl-PL phrase_voice = pl-PL-MarekNeural
2026-09-08 10:23:13 DEBUG    [SA_03] INITIAL SOURCE: language = pl locale = pl-PL voice = 
2026-09-08 10:23:14 DEBUG    [SA_03] Button: settings
2026-09-08 10:23:14 DEBUG    [SA_03] INITIAL ITEM: phrase_code = pl phrase_locale = pl-PL phrase_voice = pl-PL-MarekNeural
2026-09-08 10:23:14 DEBUG    [SA_03] INITIAL SOURCE: language = pl locale = pl-PL voice = 
2026-09-08 10:29:39 INFO     [SA_03] Start Application
2026-09-08 10:29:39 DEBUG    [SA_03] INITIAL ITEM: phrase_code = pl phrase_locale = pl-PL phrase_voice = pl-PL-MarekNeural
2026-09-08 10:29:39 DEBUG    [SA_03] INITIAL SOURCE: language = pl locale = pl-PL voice = 
2026-09-08 10:29:41 DEBUG    [SA_03] Button: settings
2026-09-08 10:29:41 DEBUG    [SA_03] INITIAL ITEM: phrase_code = pl phrase_locale = pl-PL phrase_voice = pl-PL-MarekNeural
2026-09-08 10:29:41 DEBUG    [SA_03] INITIAL SOURCE: language = pl locale = pl-PL voice = 
2026-09-08 10:29:41 DEBUG    [SA_03] Target language: en
2026-09-08 10:29:41 DEBUG    [SA_03] Target locale: en-US
2026-09-08 10:29:45 INFO     [SA_03] Finsh Application
2026-09-08 10:30:57 INFO     [SA_03] Start Application
2026-09-08 10:30:57 DEBUG    [SA_03] INITIAL ITEM: phrase_code = pl phrase_locale = pl-PL phrase_voice = pl-PL-MarekNeural
2026-09-08 10:30:57 DEBUG    [SA_03] INITIAL SOURCE: language = pl locale = pl-PL voice = 
2026-09-08 10:31:00 DEBUG    [SA_03] Button: settings
2026-09-08 10:31:00 DEBUG    [SA_03] INITIAL ITEM: phrase_code = pl phrase_locale = pl-PL phrase_voice = pl-PL-MarekNeural
2026-09-08 10:31:00 DEBUG    [SA_03] INITIAL SOURCE: language = pl locale = pl-PL voice = 
2026-09-08 10:31:01 DEBUG    [SA_03] Target language: en
2026-09-08 10:31:01 DEBUG    [SA_03] Target locale: en-US
2026-09-08 10:33:06 DEBUG    [SA_03] Button: quit
2026-09-08 10:33:20 DEBUG    [SA_03] Button: settings
2026-09-08 10:33:20 DEBUG    [SA_03] INITIAL ITEM: phrase_code = pl phrase_locale = pl-PL phrase_voice = pl-PL-MarekNeural
2026-09-08 10:33:20 DEBUG    [SA_03] INITIAL SOURCE: language = pl locale = pl-PL voice = 
2026-09-08 10:33:20 DEBUG    [SA_03] Target language: en
2026-09-08 10:33:21 DEBUG    [SA_03] Target locale: en-US
2026-09-08 10:33:49 DEBUG    [SA_03] Button: quit
2026-09-08 10:34:09 INFO     [SA_03] Finsh Application
2026-09-08 10:35:51 INFO     [SA_03] Start Application
2026-09-08 10:35:51 DEBUG    [SA_03] INITIAL ITEM: phrase_code = pl phrase_locale = pl-PL phrase_voice = pl-PL-MarekNeural
2026-09-08 10:35:51 DEBUG    [SA_03] INITIAL SOURCE: language = pl locale = pl-PL voice = 
2026-09-08 10:35:53 DEBUG    [SA_03] Button: quit
2026-09-08 10:35:57 DEBUG    [SA_03] Button: settings
2026-09-08 10:35:57 DEBUG    [SA_03] INITIAL ITEM: phrase_code = pl phrase_locale = pl-PL phrase_voice = pl-PL-MarekNeural
2026-09-08 10:35:57 DEBUG    [SA_03] INITIAL SOURCE: language = pl locale = pl-PL voice = 
2026-09-08 10:35:57 DEBUG    [SA_03] Target language: en
2026-09-08 10:35:57 DEBUG    [SA_03] Target locale: en-US
2026-09-08 10:36:27 DEBUG    [SA_03] Button: quit
2026-09-08 10:36:32 INFO     [SA_03] Finsh Application
2026-09-08 10:37:13 INFO     [SA_03] Start Application
2026-09-08 10:37:13 DEBUG    [SA_03] INITIAL ITEM: phrase_code = pl phrase_locale = pl-PL phrase_voice = pl-PL-MarekNeural
2026-09-08 10:37:13 DEBUG    [SA_03] INITIAL SOURCE: language = pl locale = pl-PL voice = 
2026-09-08 10:37:14 DEBUG    [SA_03] Button: settings
2026-09-08 10:37:14 DEBUG    [SA_03] INITIAL ITEM: phrase_code = pl phrase_locale = pl-PL phrase_voice = pl-PL-MarekNeural
2026-09-08 10:37:14 DEBUG    [SA_03] INITIAL SOURCE: language = pl locale = pl-PL voice = 
2026-09-08 10:37:14 DEBUG    [SA_03] Target language: en
2026-09-08 10:37:15 DEBUG    [SA_03] Target locale: en-US
2026-09-08 10:37:21 DEBUG    [SA_03] Button: quit
2026-09-08 10:37:28 DEBUG    [SA_03] Button: settings
2026-09-08 10:37:28 DEBUG    [SA_03] INITIAL ITEM: phrase_code = pl phrase_locale = pl-PL phrase_voice = pl-PL-MarekNeural
2026-09-08 10:37:28 DEBUG    [SA_03] INITIAL SOURCE: language = pl locale = pl-PL voice = 
2026-09-08 10:37:29 DEBUG    [SA_03] Target language: en
2026-09-08 10:37:29 DEBUG    [SA_03] Target locale: en-US
2026-09-08 10:37:56 DEBUG    [SA_03] Button: quit
2026-09-08 10:37:59 INFO     [SA_03] Finsh Application
2026-09-08 10:38:28 INFO     [SA_03] Start Application
2026-09-08 10:38:28 DEBUG    [SA_03] INITIAL ITEM: phrase_code = pl phrase_locale = pl-PL phrase_voice = pl-PL-MarekNeural
2026-09-08 10:38:28 DEBUG    [SA_03] INITIAL SOURCE: language = pl locale = pl-PL voice = 
2026-09-08 10:38:31 DEBUG    [SA_03] Button: quit
2026-09-08 10:38:39 DEBUG    [SA_03] Button: quit
2026-09-08 10:38:44 INFO     [SA_03] Finsh Application
2026-09-08 10:38:56 INFO     [SA_03] Start Application
2026-09-08 10:38:57 DEBUG    [SA_03] INITIAL ITEM: phrase_code = pl phrase_locale = pl-PL phrase_voice = pl-PL-MarekNeural
2026-09-08 10:38:57 DEBUG    [SA_03] INITIAL SOURCE: language = pl locale = pl-PL voice = 
2026-09-08 10:38:58 DEBUG    [SA_03] Button: quit
2026-09-08 10:39:06 DEBUG    [SA_03] Button: settings
2026-09-08 10:39:06 DEBUG    [SA_03] INITIAL ITEM: phrase_code = pl phrase_locale = pl-PL phrase_voice = pl-PL-MarekNeural
2026-09-08 10:39:06 DEBUG    [SA_03] INITIAL SOURCE: language = pl locale = pl-PL voice = 
2026-09-08 10:39:06 DEBUG    [SA_03] Target language: en
2026-09-08 10:39:06 DEBUG    [SA_03] Target locale: en-US
2026-09-08 10:39:14 DEBUG    [SA_03] Button: quit
2026-09-08 10:39:22 DEBUG    [SA_03] Button: db
2026-09-08 10:39:23 INFO     [SA_03] Database sets loaded: 20
2026-09-08 10:39:23 DEBUG    [SA_03] Selected set: English A1
2026-09-08 10:39:26 DEBUG    [SA_03] Button: settings
2026-09-08 10:39:26 DEBUG    [SA_03] INITIAL ITEM: phrase_code = pl phrase_locale = pl-PL phrase_voice = pl-PL-MarekNeural
2026-09-08 10:39:26 DEBUG    [SA_03] INITIAL SOURCE: language = pl locale = pl-PL voice = 
2026-09-08 10:39:26 DEBUG    [SA_03] Target language: en
2026-09-08 10:39:26 DEBUG    [SA_03] Target locale: en-US
2026-09-08 10:39:43 INFO     [SA_03] Finsh Application
2026-09-08 10:39:46 INFO     [SA_03] Start Application
2026-09-08 10:39:46 DEBUG    [SA_03] INITIAL ITEM: phrase_code = pl phrase_locale = pl-PL phrase_voice = pl-PL-MarekNeural
2026-09-08 10:39:46 DEBUG    [SA_03] INITIAL SOURCE: language = pl locale = pl-PL voice = 
2026-09-08 10:39:48 DEBUG    [SA_03] Button: quit
2026-09-08 10:39:49 INFO     [SA_03] Finsh Application
2026-09-08 10:39:53 INFO     [SA_03] Start Application
2026-09-08 10:39:54 DEBUG    [SA_03] INITIAL ITEM: phrase_code = pl phrase_locale = pl-PL phrase_voice = pl-PL-MarekNeural
2026-09-08 10:39:54 DEBUG    [SA_03] INITIAL SOURCE: language = pl locale = pl-PL voice = 
2026-09-08 10:39:54 DEBUG    [SA_03] Button: settings
2026-09-08 10:39:54 DEBUG    [SA_03] INITIAL ITEM: phrase_code = pl phrase_locale = pl-PL phrase_voice = pl-PL-MarekNeural
2026-09-08 10:39:54 DEBUG    [SA_03] INITIAL SOURCE: language = pl locale = pl-PL voice = 
2026-09-08 10:39:55 DEBUG    [SA_03] Target language: en
2026-09-08 10:39:55 DEBUG    [SA_03] Target locale: en-US
2026-09-08 10:40:33 DEBUG    [SA_03] Button: settings
2026-09-08 10:40:33 DEBUG    [SA_03] INITIAL ITEM: phrase_code = pl phrase_locale = pl-PL phrase_voice = pl-PL-MarekNeural
2026-09-08 10:40:33 DEBUG    [SA_03] INITIAL SOURCE: language = pl locale = pl-PL voice = 
2026-09-08 10:40:33 DEBUG    [SA_03] Target language: en
2026-09-08 10:40:33 DEBUG    [SA_03] Target locale: en-US
2026-09-08 10:41:33 DEBUG    [SA_03] Button: settings
2026-09-08 10:41:33 DEBUG    [SA_03] INITIAL ITEM: phrase_code = pl phrase_locale = pl-PL phrase_voice = pl-PL-MarekNeural
2026-09-08 10:41:33 DEBUG    [SA_03] INITIAL SOURCE: language = pl locale = pl-PL voice = 
2026-09-08 10:41:33 DEBUG    [SA_03] Target language: en
2026-09-08 10:41:33 DEBUG    [SA_03] Target locale: en-US
2026-09-08 10:41:56 DEBUG    [SA_03] Button: settings
2026-09-08 10:41:56 DEBUG    [SA_03] INITIAL ITEM: phrase_code = pl phrase_locale = pl-PL phrase_voice = pl-PL-MarekNeural
2026-09-08 10:41:56 DEBUG    [SA_03] INITIAL SOURCE: language = pl locale = pl-PL voice = 
2026-09-08 10:41:57 DEBUG    [SA_03] Target language: en
2026-09-08 10:41:57 DEBUG    [SA_03] Target locale: en-US
2026-09-08 10:42:04 DEBUG    [SA_03] Button: settings
2026-09-08 10:42:04 DEBUG    [SA_03] INITIAL ITEM: phrase_code = pl phrase_locale = pl-PL phrase_voice = pl-PL-MarekNeural
2026-09-08 10:42:04 DEBUG    [SA_03] INITIAL SOURCE: language = pl locale = pl-PL voice = 
2026-09-08 10:42:04 DEBUG    [SA_03] Target language: en
2026-09-08 10:42:05 DEBUG    [SA_03] Target locale: en-US
2026-09-08 10:44:45 INFO     [SA_03] Finsh Application
2026-09-08 10:44:49 INFO     [SA_03] Start Application
2026-09-08 10:44:49 DEBUG    [SA_03] INITIAL ITEM: phrase_code = pl phrase_locale = pl-PL phrase_voice = pl-PL-MarekNeural
2026-09-08 10:44:49 DEBUG    [SA_03] INITIAL SOURCE: language = pl locale = pl-PL voice = 
2026-09-08 10:44:51 DEBUG    [SA_03] Button: settings
2026-09-08 10:44:51 DEBUG    [SA_03] INITIAL ITEM: phrase_code = pl phrase_locale = pl-PL phrase_voice = pl-PL-MarekNeural
2026-09-08 10:44:51 DEBUG    [SA_03] INITIAL SOURCE: language = pl locale = pl-PL voice = 
2026-09-08 10:44:51 DEBUG    [SA_03] Target language: en
2026-09-08 10:44:51 DEBUG    [SA_03] Target locale: en-US
2026-09-08 10:45:55 INFO     [SA_03] Finsh Application
2026-09-08 10:45:59 INFO     [SA_03] Start Application
2026-09-08 10:46:00 DEBUG    [SA_03] INITIAL ITEM: phrase_code = pl phrase_locale = pl-PL phrase_voice = pl-PL-MarekNeural
2026-09-08 10:46:00 DEBUG    [SA_03] INITIAL SOURCE: language = pl locale = pl-PL voice = 
2026-09-08 10:46:01 DEBUG    [SA_03] Button: settings
2026-09-08 10:46:01 DEBUG    [SA_03] INITIAL ITEM: phrase_code = pl phrase_locale = pl-PL phrase_voice = pl-PL-MarekNeural
2026-09-08 10:46:01 DEBUG    [SA_03] INITIAL SOURCE: language = pl locale = pl-PL voice = 
2026-09-08 10:46:01 DEBUG    [SA_03] Target language: en
2026-09-08 10:46:02 DEBUG    [SA_03] Target locale: en-US
2026-09-08 10:53:14 INFO     [SA_03] Finsh Application
2026-09-08 10:53:20 INFO     [SA_03] Start Application
2026-09-08 10:53:20 DEBUG    [SA_03] INITIAL ITEM: phrase_code = pl phrase_locale = pl-PL phrase_voice = pl-PL-MarekNeural
2026-09-08 10:53:20 DEBUG    [SA_03] INITIAL SOURCE: language = pl locale = pl-PL voice = 
2026-09-08 10:53:21 DEBUG    [SA_03] Button: settings
2026-09-08 10:53:21 DEBUG    [SA_03] INITIAL ITEM: phrase_code = pl phrase_locale = pl-PL phrase_voice = pl-PL-MarekNeural
2026-09-08 10:53:21 DEBUG    [SA_03] INITIAL SOURCE: language = pl locale = pl-PL voice = 
2026-09-08 10:53:21 DEBUG    [SA_03] Target language: en
2026-09-08 10:53:22 DEBUG    [SA_03] Target locale: en-US
2026-09-08 10:54:01 INFO     [SA_03] Finsh Application
2026-09-08 10:56:07 INFO     [SA_03] Start Application
2026-09-08 10:56:07 DEBUG    [SA_03] INITIAL ITEM: phrase_code = pl phrase_locale = pl-PL phrase_voice = pl-PL-MarekNeural
2026-09-08 10:56:07 DEBUG    [SA_03] INITIAL SOURCE: language = pl locale = pl-PL voice = 
2026-09-08 10:56:09 DEBUG    [SA_03] Button: settings
2026-09-08 10:56:09 DEBUG    [SA_03] INITIAL ITEM: phrase_code = pl phrase_locale = pl-PL phrase_voice = pl-PL-MarekNeural
2026-09-08 10:56:09 DEBUG    [SA_03] INITIAL SOURCE: language = pl locale = pl-PL voice = 
2026-09-08 10:56:10 DEBUG    [SA_03] Target language: en
2026-09-08 10:56:10 DEBUG    [SA_03] Target locale: en-US
2026-09-08 10:57:55 INFO     [SA_03] Finsh Application
2026-09-08 10:57:58 INFO     [SA_03] Start Application
2026-09-08 10:57:59 DEBUG    [SA_03] INITIAL ITEM: phrase_code = pl phrase_locale = pl-PL phrase_voice = pl-PL-MarekNeural
2026-09-08 10:57:59 DEBUG    [SA_03] INITIAL SOURCE: language = pl locale = pl-PL voice = 
2026-09-08 10:58:04 DEBUG    [SA_03] Button: settings
2026-09-08 10:58:04 DEBUG    [SA_03] INITIAL ITEM: phrase_code = pl phrase_locale = pl-PL phrase_voice = pl-PL-MarekNeural
2026-09-08 10:58:04 DEBUG    [SA_03] INITIAL SOURCE: language = pl locale = pl-PL voice = 
2026-09-08 10:58:05 DEBUG    [SA_03] Target language: en
2026-09-08 10:58:05 DEBUG    [SA_03] Target locale: en-US
2026-09-08 10:58:57 INFO     [SA_03] Finsh Application
2026-09-08 10:59:00 INFO     [SA_03] Start Application
2026-09-08 10:59:00 DEBUG    [SA_03] INITIAL ITEM: phrase_code = pl phrase_locale = pl-PL phrase_voice = pl-PL-MarekNeural
2026-09-08 10:59:00 DEBUG    [SA_03] INITIAL SOURCE: language = pl locale = pl-PL voice = 
2026-09-08 10:59:02 DEBUG    [SA_03] Button: settings
2026-09-08 10:59:02 DEBUG    [SA_03] INITIAL ITEM: phrase_code = pl phrase_locale = pl-PL phrase_voice = pl-PL-MarekNeural
2026-09-08 10:59:02 DEBUG    [SA_03] INITIAL SOURCE: language = pl locale = pl-PL voice = 
2026-09-08 10:59:02 DEBUG    [SA_03] Target language: en
2026-09-08 10:59:02 DEBUG    [SA_03] Target locale: en-US
2026-09-08 10:59:23 INFO     [SA_03] Finsh Application
2026-09-08 10:59:26 INFO     [SA_03] Start Application
2026-09-08 10:59:26 DEBUG    [SA_03] INITIAL ITEM: phrase_code = pl phrase_locale = pl-PL phrase_voice = pl-PL-MarekNeural
2026-09-08 10:59:26 DEBUG    [SA_03] INITIAL SOURCE: language = pl locale = pl-PL voice = 
2026-09-08 10:59:27 DEBUG    [SA_03] Button: settings
2026-09-08 10:59:27 DEBUG    [SA_03] INITIAL ITEM: phrase_code = pl phrase_locale = pl-PL phrase_voice = pl-PL-MarekNeural
2026-09-08 10:59:27 DEBUG    [SA_03] INITIAL SOURCE: language = pl locale = pl-PL voice = 
2026-09-08 10:59:28 DEBUG    [SA_03] Target language: en
2026-09-08 10:59:28 DEBUG    [SA_03] Target locale: en-US
2026-09-08 11:00:24 INFO     [SA_03] Finsh Application
2026-09-08 11:00:27 INFO     [SA_03] Start Application
2026-09-08 11:00:27 DEBUG    [SA_03] INITIAL ITEM: phrase_code = pl phrase_locale = pl-PL phrase_voice = pl-PL-MarekNeural
2026-09-08 11:00:27 DEBUG    [SA_03] INITIAL SOURCE: language = pl locale = pl-PL voice = 
2026-09-08 11:00:29 DEBUG    [SA_03] Button: settings
2026-09-08 11:00:29 DEBUG    [SA_03] INITIAL ITEM: phrase_code = pl phrase_locale = pl-PL phrase_voice = pl-PL-MarekNeural
2026-09-08 11:00:29 DEBUG    [SA_03] INITIAL SOURCE: language = pl locale = pl-PL voice = 
2026-09-08 11:00:29 DEBUG    [SA_03] Target language: en
2026-09-08 11:00:29 DEBUG    [SA_03] Target locale: en-US
2026-09-08 11:01:08 DEBUG    [SA_03] Button: quit
2026-09-08 11:01:22 DEBUG    [SA_03] Button: db
2026-09-08 11:01:23 INFO     [SA_03] Database sets loaded: 20
2026-09-08 11:01:23 DEBUG    [SA_03] Selected set: English A1
2026-09-08 11:01:54 INFO     [SA_03] Finsh Application
2026-09-08 11:54:57 INFO     [SA_03] Start Application
2026-09-08 11:54:57 DEBUG    [SA_03] INITIAL ITEM: phrase_code = pl phrase_locale = pl-PL phrase_voice = pl-PL-MarekNeural
2026-09-08 11:54:57 DEBUG    [SA_03] INITIAL SOURCE: language = pl locale = pl-PL voice = 
2026-09-08 11:58:39 INFO     [SA_03] Finsh Application
2026-09-08 12:13:49 INFO     [SA_03] Start Application
2026-09-08 12:13:51 DEBUG    [SA_03] INITIAL ITEM: phrase_code = pl phrase_locale = pl-PL phrase_voice = pl-PL-MarekNeural
2026-09-08 12:13:51 DEBUG    [SA_03] INITIAL SOURCE: language = pl locale = pl-PL voice = 
2026-09-08 12:13:59 INFO     [SA_03] Finsh Application
2026-09-08 12:14:03 INFO     [SA_03] Start Application
2026-09-08 12:14:05 DEBUG    [SA_03] INITIAL ITEM: phrase_code = pl phrase_locale = pl-PL phrase_voice = pl-PL-MarekNeural
2026-09-08 12:14:05 DEBUG    [SA_03] INITIAL SOURCE: language = pl locale = pl-PL voice = 
2026-09-08 12:14:20 INFO     [SA_03] Finsh Application
2026-09-08 12:17:17 INFO     [SA_03] Start Application
2026-09-08 12:17:20 DEBUG    [SA_03] INITIAL ITEM: phrase_code = pl phrase_locale = pl-PL phrase_voice = pl-PL-MarekNeural
2026-09-08 12:17:20 DEBUG    [SA_03] INITIAL SOURCE: language = pl locale = pl-PL voice = 
2026-09-08 12:17:26 INFO     [SA_03] Finsh Application
2026-09-08 12:17:51 INFO     [SA_03] Start Application
2026-09-08 12:17:53 DEBUG    [SA_03] INITIAL ITEM: phrase_code = pl phrase_locale = pl-PL phrase_voice = pl-PL-MarekNeural
2026-09-08 12:17:53 DEBUG    [SA_03] INITIAL SOURCE: language = pl locale = pl-PL voice = 
2026-09-08 12:17:57 INFO     [SA_03] Finsh Application
2026-09-08 12:18:03 INFO     [SA_03] Start Application
2026-09-08 12:18:13 DEBUG    [SA_03] INITIAL ITEM: phrase_code = pl phrase_locale = pl-PL phrase_voice = pl-PL-MarekNeural
2026-09-08 12:18:13 DEBUG    [SA_03] INITIAL SOURCE: language = pl locale = pl-PL voice = 
2026-09-08 12:18:19 INFO     [SA_03] Finsh Application
2026-09-08 12:18:23 INFO     [SA_03] Start Application
2026-09-08 12:18:33 DEBUG    [SA_03] INITIAL ITEM: phrase_code = pl phrase_locale = pl-PL phrase_voice = pl-PL-MarekNeural
2026-09-08 12:18:33 DEBUG    [SA_03] INITIAL SOURCE: language = pl locale = pl-PL voice = 
2026-09-08 12:19:01 INFO     [SA_03] Finsh Application
2026-09-08 12:19:05 INFO     [SA_03] Start Application
2026-09-08 12:19:09 DEBUG    [SA_03] INITIAL ITEM: phrase_code = pl phrase_locale = pl-PL phrase_voice = pl-PL-MarekNeural
2026-09-08 12:19:09 DEBUG    [SA_03] INITIAL SOURCE: language = pl locale = pl-PL voice = 
2026-09-08 12:19:54 DEBUG    [SA_03] Button: play
2026-09-08 12:19:54 DEBUG    [SA_03] PREPARE_ITEM #0
2026-09-08 12:19:54 DEBUG    [SA_03] ACTION: {'action': 'SHOW', 'target': 'top', 'content': 'phrase_text'}
2026-09-08 12:19:54 DEBUG    [SA_03] ACTION: {'action': 'PLAY', 'source': 'phrase_text'}
2026-09-08 12:19:54 DEBUG    [SA_03] AudioProvider: CACHE HIT
2026-09-08 12:19:54 DEBUG    [SA_03] TEXT PLAY
2026-09-08 12:19:57 DEBUG    [SA_03] TEXT_END
2026-09-08 12:19:57 DEBUG    [SA_03] ACTION: {'action': 'WAIT', 'source': 'pause_before_translation'}
2026-09-08 12:19:58 DEBUG    [SA_03] PAUSE_END
2026-09-08 12:19:58 DEBUG    [SA_03] ACTION: {'action': 'SHOW', 'target': 'bottom', 'content': 'translate_text'}
2026-09-08 12:19:58 DEBUG    [SA_03] ACTION: {'action': 'PLAY', 'source': 'translate_text'}
2026-09-08 12:19:58 DEBUG    [SA_03] AudioProvider: CACHE HIT
2026-09-08 12:19:58 DEBUG    [SA_03] TRANSLATION PLAY
2026-09-08 12:20:02 DEBUG    [SA_03] TRANSLATION_END
2026-09-08 12:20:02 DEBUG    [SA_03] ACTION: {'action': 'WAIT', 'source': 'pause_between_sentences'}
2026-09-08 12:20:04 DEBUG    [SA_03] PAUSE_END
2026-09-08 12:20:04 DEBUG    [SA_03] ACTION: {'action': 'HIDE', 'target': 'top'}
2026-09-08 12:20:04 DEBUG    [SA_03] ACTION: {'action': 'HIDE', 'target': 'bottom'}
2026-09-08 12:20:04 INFO     [SA_03] SCENARIO FINISHED
2026-09-08 12:20:04 DEBUG    [SA_03] FINISH_ITEM: repeat 1/1
2026-09-08 12:20:04 DEBUG    [SA_03] PREPARE_ITEM #1
2026-09-08 12:20:04 DEBUG    [SA_03] ACTION: {'action': 'SHOW', 'target': 'top', 'content': 'phrase_text'}
2026-09-08 12:20:04 DEBUG    [SA_03] ACTION: {'action': 'PLAY', 'source': 'phrase_text'}
2026-09-08 12:20:04 DEBUG    [SA_03] AudioProvider: CACHE HIT
2026-09-08 12:20:04 DEBUG    [SA_03] TEXT PLAY
2026-09-08 12:20:07 DEBUG    [SA_03] TEXT_END
2026-09-08 12:20:07 DEBUG    [SA_03] ACTION: {'action': 'WAIT', 'source': 'pause_before_translation'}
2026-09-08 12:20:09 DEBUG    [SA_03] PAUSE_END
2026-09-08 12:20:09 DEBUG    [SA_03] ACTION: {'action': 'SHOW', 'target': 'bottom', 'content': 'translate_text'}
2026-09-08 12:20:09 DEBUG    [SA_03] ACTION: {'action': 'PLAY', 'source': 'translate_text'}
2026-09-08 12:20:09 DEBUG    [SA_03] AudioProvider: CACHE HIT
2026-09-08 12:20:09 DEBUG    [SA_03] TRANSLATION PLAY
2026-09-08 12:20:12 DEBUG    [SA_03] TRANSLATION_END
2026-09-08 12:20:12 DEBUG    [SA_03] ACTION: {'action': 'WAIT', 'source': 'pause_between_sentences'}
2026-09-08 12:20:14 DEBUG    [SA_03] PAUSE_END
2026-09-08 12:20:14 DEBUG    [SA_03] ACTION: {'action': 'HIDE', 'target': 'top'}
2026-09-08 12:20:14 DEBUG    [SA_03] ACTION: {'action': 'HIDE', 'target': 'bottom'}
2026-09-08 12:20:14 INFO     [SA_03] SCENARIO FINISHED
2026-09-08 12:20:14 DEBUG    [SA_03] FINISH_ITEM: repeat 1/1
2026-09-08 12:20:14 DEBUG    [SA_03] PREPARE_ITEM #2
2026-09-08 12:20:14 DEBUG    [SA_03] ACTION: {'action': 'SHOW', 'target': 'top', 'content': 'phrase_text'}
2026-09-08 12:20:14 DEBUG    [SA_03] ACTION: {'action': 'PLAY', 'source': 'phrase_text'}
2026-09-08 12:20:14 DEBUG    [SA_03] AudioProvider: CACHE HIT
2026-09-08 12:20:14 DEBUG    [SA_03] TEXT PLAY
2026-09-08 12:20:16 DEBUG    [SA_03] TEXT_END
2026-09-08 12:20:16 DEBUG    [SA_03] ACTION: {'action': 'WAIT', 'source': 'pause_before_translation'}
2026-09-08 12:20:17 DEBUG    [SA_03] PAUSE_END
2026-09-08 12:20:17 DEBUG    [SA_03] ACTION: {'action': 'SHOW', 'target': 'bottom', 'content': 'translate_text'}
2026-09-08 12:20:17 DEBUG    [SA_03] ACTION: {'action': 'PLAY', 'source': 'translate_text'}
2026-09-08 12:20:17 DEBUG    [SA_03] AudioProvider: CACHE HIT
2026-09-08 12:20:17 DEBUG    [SA_03] TRANSLATION PLAY
2026-09-08 12:20:19 DEBUG    [SA_03] TRANSLATION_END
2026-09-08 12:20:19 DEBUG    [SA_03] ACTION: {'action': 'WAIT', 'source': 'pause_between_sentences'}
2026-09-08 12:20:21 DEBUG    [SA_03] PAUSE_END
2026-09-08 12:20:21 DEBUG    [SA_03] ACTION: {'action': 'HIDE', 'target': 'top'}
2026-09-08 12:20:21 DEBUG    [SA_03] ACTION: {'action': 'HIDE', 'target': 'bottom'}
2026-09-08 12:20:21 INFO     [SA_03] SCENARIO FINISHED
2026-09-08 12:20:21 DEBUG    [SA_03] FINISH_ITEM: repeat 1/1
2026-09-08 12:20:21 DEBUG    [SA_03] PREPARE_ITEM #3
2026-09-08 12:20:21 DEBUG    [SA_03] ACTION: {'action': 'SHOW', 'target': 'top', 'content': 'phrase_text'}
2026-09-08 12:20:21 DEBUG    [SA_03] ACTION: {'action': 'PLAY', 'source': 'phrase_text'}
2026-09-08 12:20:21 DEBUG    [SA_03] AudioProvider: CACHE HIT
2026-09-08 12:20:21 DEBUG    [SA_03] TEXT PLAY
2026-09-08 12:20:26 DEBUG    [SA_03] TEXT_END
2026-09-08 12:20:26 DEBUG    [SA_03] ACTION: {'action': 'WAIT', 'source': 'pause_before_translation'}
2026-09-08 12:20:27 DEBUG    [SA_03] PAUSE_END
2026-09-08 12:20:27 DEBUG    [SA_03] ACTION: {'action': 'SHOW', 'target': 'bottom', 'content': 'translate_text'}
2026-09-08 12:20:27 DEBUG    [SA_03] ACTION: {'action': 'PLAY', 'source': 'translate_text'}
2026-09-08 12:20:27 DEBUG    [SA_03] AudioProvider: CACHE MISS
2026-09-08 12:20:32 DEBUG    [SA_03] TRANSLATION PLAY
2026-09-08 12:20:37 DEBUG    [SA_03] TRANSLATION_END
2026-09-08 12:20:37 DEBUG    [SA_03] ACTION: {'action': 'WAIT', 'source': 'pause_between_sentences'}
2026-09-08 12:20:39 DEBUG    [SA_03] PAUSE_END
2026-09-08 12:20:39 DEBUG    [SA_03] ACTION: {'action': 'HIDE', 'target': 'top'}
2026-09-08 12:20:39 DEBUG    [SA_03] ACTION: {'action': 'HIDE', 'target': 'bottom'}
2026-09-08 12:20:39 INFO     [SA_03] SCENARIO FINISHED
2026-09-08 12:20:40 DEBUG    [SA_03] FINISH_ITEM: repeat 1/1
2026-09-08 12:20:40 DEBUG    [SA_03] PREPARE_ITEM #4
2026-09-08 12:20:40 DEBUG    [SA_03] ACTION: {'action': 'SHOW', 'target': 'top', 'content': 'phrase_text'}
2026-09-08 12:20:40 DEBUG    [SA_03] ACTION: {'action': 'PLAY', 'source': 'phrase_text'}
2026-09-08 12:20:40 DEBUG    [SA_03] AudioProvider: CACHE HIT
2026-09-08 12:20:40 DEBUG    [SA_03] TEXT PLAY
2026-09-08 12:20:43 DEBUG    [SA_03] TEXT_END
2026-09-08 12:20:43 DEBUG    [SA_03] ACTION: {'action': 'WAIT', 'source': 'pause_before_translation'}
2026-09-08 12:20:44 DEBUG    [SA_03] PAUSE_END
2026-09-08 12:20:44 DEBUG    [SA_03] ACTION: {'action': 'SHOW', 'target': 'bottom', 'content': 'translate_text'}
2026-09-08 12:20:44 DEBUG    [SA_03] ACTION: {'action': 'PLAY', 'source': 'translate_text'}
2026-09-08 12:20:44 DEBUG    [SA_03] AudioProvider: CACHE HIT
2026-09-08 12:20:44 DEBUG    [SA_03] TRANSLATION PLAY
2026-09-08 12:20:48 DEBUG    [SA_03] TRANSLATION_END
2026-09-08 12:20:48 DEBUG    [SA_03] ACTION: {'action': 'WAIT', 'source': 'pause_between_sentences'}
2026-09-08 12:20:50 DEBUG    [SA_03] PAUSE_END
2026-09-08 12:20:50 DEBUG    [SA_03] ACTION: {'action': 'HIDE', 'target': 'top'}
2026-09-08 12:20:50 DEBUG    [SA_03] ACTION: {'action': 'HIDE', 'target': 'bottom'}
2026-09-08 12:20:50 INFO     [SA_03] SCENARIO FINISHED
2026-09-08 12:20:50 DEBUG    [SA_03] FINISH_ITEM: repeat 1/1
2026-09-08 12:20:50 DEBUG    [SA_03] PREPARE_ITEM #5
2026-09-08 12:20:50 DEBUG    [SA_03] ACTION: {'action': 'SHOW', 'target': 'top', 'content': 'phrase_text'}
2026-09-08 12:20:50 DEBUG    [SA_03] ACTION: {'action': 'PLAY', 'source': 'phrase_text'}
2026-09-08 12:20:51 DEBUG    [SA_03] AudioProvider: CACHE HIT
2026-09-08 12:20:51 DEBUG    [SA_03] TEXT PLAY
2026-09-08 12:20:55 DEBUG    [SA_03] TEXT_END
2026-09-08 12:20:55 DEBUG    [SA_03] ACTION: {'action': 'WAIT', 'source': 'pause_before_translation'}
2026-09-08 12:20:57 DEBUG    [SA_03] PAUSE_END
2026-09-08 12:20:57 DEBUG    [SA_03] ACTION: {'action': 'SHOW', 'target': 'bottom', 'content': 'translate_text'}
2026-09-08 12:20:57 DEBUG    [SA_03] ACTION: {'action': 'PLAY', 'source': 'translate_text'}
2026-09-08 12:20:57 DEBUG    [SA_03] AudioProvider: CACHE HIT
2026-09-08 12:20:57 DEBUG    [SA_03] TRANSLATION PLAY
2026-09-08 12:21:04 DEBUG    [SA_03] TRANSLATION_END
2026-09-08 12:21:04 DEBUG    [SA_03] ACTION: {'action': 'WAIT', 'source': 'pause_between_sentences'}
2026-09-08 12:21:06 DEBUG    [SA_03] PAUSE_END
2026-09-08 12:21:06 DEBUG    [SA_03] ACTION: {'action': 'HIDE', 'target': 'top'}
2026-09-08 12:21:06 DEBUG    [SA_03] ACTION: {'action': 'HIDE', 'target': 'bottom'}
2026-09-08 12:21:06 INFO     [SA_03] SCENARIO FINISHED
2026-09-08 12:21:06 DEBUG    [SA_03] FINISH_ITEM: repeat 1/1
2026-09-08 12:21:06 DEBUG    [SA_03] PREPARE_ITEM #6
2026-09-08 12:21:06 DEBUG    [SA_03] ACTION: {'action': 'SHOW', 'target': 'top', 'content': 'phrase_text'}
2026-09-08 12:21:06 DEBUG    [SA_03] ACTION: {'action': 'PLAY', 'source': 'phrase_text'}
2026-09-08 12:21:06 DEBUG    [SA_03] AudioProvider: CACHE HIT
2026-09-08 12:21:06 DEBUG    [SA_03] TEXT PLAY
2026-09-08 12:21:09 DEBUG    [SA_03] TEXT_END
2026-09-08 12:21:09 DEBUG    [SA_03] ACTION: {'action': 'WAIT', 'source': 'pause_before_translation'}
2026-09-08 12:21:10 DEBUG    [SA_03] PAUSE_END
2026-09-08 12:21:10 DEBUG    [SA_03] ACTION: {'action': 'SHOW', 'target': 'bottom', 'content': 'translate_text'}
2026-09-08 12:21:10 DEBUG    [SA_03] ACTION: {'action': 'PLAY', 'source': 'translate_text'}
2026-09-08 12:21:10 DEBUG    [SA_03] AudioProvider: CACHE HIT
2026-09-08 12:21:10 DEBUG    [SA_03] TRANSLATION PLAY
2026-09-08 12:21:13 DEBUG    [SA_03] TRANSLATION_END
2026-09-08 12:21:13 DEBUG    [SA_03] ACTION: {'action': 'WAIT', 'source': 'pause_between_sentences'}
2026-09-08 12:21:15 DEBUG    [SA_03] PAUSE_END
2026-09-08 12:21:15 DEBUG    [SA_03] ACTION: {'action': 'HIDE', 'target': 'top'}
2026-09-08 12:21:15 DEBUG    [SA_03] ACTION: {'action': 'HIDE', 'target': 'bottom'}
2026-09-08 12:21:15 INFO     [SA_03] SCENARIO FINISHED
2026-09-08 12:21:15 DEBUG    [SA_03] FINISH_ITEM: repeat 1/1
2026-09-08 12:21:15 DEBUG    [SA_03] PREPARE_ITEM #7
2026-09-08 12:21:15 DEBUG    [SA_03] ACTION: {'action': 'SHOW', 'target': 'top', 'content': 'phrase_text'}
2026-09-08 12:21:15 DEBUG    [SA_03] ACTION: {'action': 'PLAY', 'source': 'phrase_text'}
2026-09-08 12:21:15 DEBUG    [SA_03] AudioProvider: CACHE HIT
2026-09-08 12:21:15 DEBUG    [SA_03] TEXT PLAY
2026-09-08 12:21:16 DEBUG    [SA_03] Slider: factor_pause_before_translation = 3.415
2026-09-08 12:21:21 DEBUG    [SA_03] TEXT_END
2026-09-08 12:21:21 DEBUG    [SA_03] ACTION: {'action': 'WAIT', 'source': 'pause_before_translation'}
2026-09-08 12:21:22 DEBUG    [SA_03] PAUSE_END
2026-09-08 12:21:22 DEBUG    [SA_03] ACTION: {'action': 'SHOW', 'target': 'bottom', 'content': 'translate_text'}
2026-09-08 12:21:22 DEBUG    [SA_03] ACTION: {'action': 'PLAY', 'source': 'translate_text'}
2026-09-08 12:21:22 DEBUG    [SA_03] AudioProvider: CACHE HIT
2026-09-08 12:21:22 DEBUG    [SA_03] TRANSLATION PLAY
2026-09-08 12:21:28 DEBUG    [SA_03] TRANSLATION_END
2026-09-08 12:21:28 DEBUG    [SA_03] ACTION: {'action': 'WAIT', 'source': 'pause_between_sentences'}
2026-09-08 12:21:30 DEBUG    [SA_03] PAUSE_END
2026-09-08 12:21:30 DEBUG    [SA_03] ACTION: {'action': 'HIDE', 'target': 'top'}
2026-09-08 12:21:30 DEBUG    [SA_03] ACTION: {'action': 'HIDE', 'target': 'bottom'}
2026-09-08 12:21:30 INFO     [SA_03] SCENARIO FINISHED
2026-09-08 12:21:30 DEBUG    [SA_03] FINISH_ITEM: repeat 1/1
2026-09-08 12:21:30 DEBUG    [SA_03] PREPARE_ITEM #8
2026-09-08 12:21:30 DEBUG    [SA_03] ACTION: {'action': 'SHOW', 'target': 'top', 'content': 'phrase_text'}
2026-09-08 12:21:31 DEBUG    [SA_03] ACTION: {'action': 'PLAY', 'source': 'phrase_text'}
2026-09-08 12:21:31 DEBUG    [SA_03] AudioProvider: CACHE MISS
2026-09-08 12:21:32 DEBUG    [SA_03] TEXT PLAY
2026-09-08 12:21:35 DEBUG    [SA_03] TEXT_END
2026-09-08 12:21:35 DEBUG    [SA_03] ACTION: {'action': 'WAIT', 'source': 'pause_before_translation'}
2026-09-08 12:21:39 DEBUG    [SA_03] PAUSE_END
2026-09-08 12:21:39 DEBUG    [SA_03] ACTION: {'action': 'SHOW', 'target': 'bottom', 'content': 'translate_text'}
2026-09-08 12:21:39 DEBUG    [SA_03] ACTION: {'action': 'PLAY', 'source': 'translate_text'}
2026-09-08 12:21:39 DEBUG    [SA_03] AudioProvider: CACHE HIT
2026-09-08 12:21:39 DEBUG    [SA_03] TRANSLATION PLAY
2026-09-08 12:21:43 DEBUG    [SA_03] TRANSLATION_END
2026-09-08 12:21:43 DEBUG    [SA_03] ACTION: {'action': 'WAIT', 'source': 'pause_between_sentences'}
2026-09-08 12:21:45 DEBUG    [SA_03] PAUSE_END
2026-09-08 12:21:45 DEBUG    [SA_03] ACTION: {'action': 'HIDE', 'target': 'top'}
2026-09-08 12:21:45 DEBUG    [SA_03] ACTION: {'action': 'HIDE', 'target': 'bottom'}
2026-09-08 12:21:45 INFO     [SA_03] SCENARIO FINISHED
2026-09-08 12:21:45 DEBUG    [SA_03] FINISH_ITEM: repeat 1/1
2026-09-08 12:21:45 DEBUG    [SA_03] PREPARE_ITEM #9
2026-09-08 12:21:45 DEBUG    [SA_03] ACTION: {'action': 'SHOW', 'target': 'top', 'content': 'phrase_text'}
2026-09-08 12:21:45 DEBUG    [SA_03] ACTION: {'action': 'PLAY', 'source': 'phrase_text'}
2026-09-08 12:21:45 DEBUG    [SA_03] AudioProvider: CACHE MISS
2026-09-08 12:21:47 DEBUG    [SA_03] TEXT PLAY
2026-09-08 12:21:52 DEBUG    [SA_03] TEXT_END
2026-09-08 12:21:52 DEBUG    [SA_03] ACTION: {'action': 'WAIT', 'source': 'pause_before_translation'}
2026-09-08 12:21:59 DEBUG    [SA_03] PAUSE_END
2026-09-08 12:21:59 DEBUG    [SA_03] ACTION: {'action': 'SHOW', 'target': 'bottom', 'content': 'translate_text'}
2026-09-08 12:21:59 DEBUG    [SA_03] ACTION: {'action': 'PLAY', 'source': 'translate_text'}
2026-09-08 12:21:59 DEBUG    [SA_03] AudioProvider: CACHE MISS
2026-09-08 12:22:05 DEBUG    [SA_03] TRANSLATION PLAY
2026-09-08 12:22:12 DEBUG    [SA_03] TRANSLATION_END
2026-09-08 12:22:12 DEBUG    [SA_03] ACTION: {'action': 'WAIT', 'source': 'pause_between_sentences'}
2026-09-08 12:22:14 DEBUG    [SA_03] PAUSE_END
2026-09-08 12:22:14 DEBUG    [SA_03] ACTION: {'action': 'HIDE', 'target': 'top'}
2026-09-08 12:22:14 DEBUG    [SA_03] ACTION: {'action': 'HIDE', 'target': 'bottom'}
2026-09-08 12:22:14 INFO     [SA_03] SCENARIO FINISHED
2026-09-08 12:22:14 DEBUG    [SA_03] FINISH_ITEM: repeat 1/1
2026-09-08 12:22:14 DEBUG    [SA_03] PREPARE_ITEM #10
2026-09-08 12:22:14 DEBUG    [SA_03] ACTION: {'action': 'SHOW', 'target': 'top', 'content': 'phrase_text'}
2026-09-08 12:22:14 DEBUG    [SA_03] ACTION: {'action': 'PLAY', 'source': 'phrase_text'}
2026-09-08 12:22:14 DEBUG    [SA_03] AudioProvider: CACHE MISS
2026-09-08 12:22:15 DEBUG    [SA_03] TEXT PLAY
2026-09-08 12:22:18 DEBUG    [SA_03] TEXT_END
2026-09-08 12:22:18 DEBUG    [SA_03] ACTION: {'action': 'WAIT', 'source': 'pause_before_translation'}
2026-09-08 12:22:22 DEBUG    [SA_03] PAUSE_END
2026-09-08 12:22:22 DEBUG    [SA_03] ACTION: {'action': 'SHOW', 'target': 'bottom', 'content': 'translate_text'}
2026-09-08 12:22:22 DEBUG    [SA_03] ACTION: {'action': 'PLAY', 'source': 'translate_text'}
2026-09-08 12:22:22 DEBUG    [SA_03] AudioProvider: CACHE MISS
2026-09-08 12:22:24 DEBUG    [SA_03] TRANSLATION PLAY
2026-09-08 12:22:27 DEBUG    [SA_03] TRANSLATION_END
2026-09-08 12:22:27 DEBUG    [SA_03] ACTION: {'action': 'WAIT', 'source': 'pause_between_sentences'}
2026-09-08 12:22:29 DEBUG    [SA_03] PAUSE_END
2026-09-08 12:22:29 DEBUG    [SA_03] ACTION: {'action': 'HIDE', 'target': 'top'}
2026-09-08 12:22:29 DEBUG    [SA_03] ACTION: {'action': 'HIDE', 'target': 'bottom'}
2026-09-08 12:22:29 INFO     [SA_03] SCENARIO FINISHED
2026-09-08 12:22:29 DEBUG    [SA_03] FINISH_ITEM: repeat 1/1
2026-09-08 12:22:29 DEBUG    [SA_03] PREPARE_ITEM #11
2026-09-08 12:22:29 DEBUG    [SA_03] ACTION: {'action': 'SHOW', 'target': 'top', 'content': 'phrase_text'}
2026-09-08 12:22:29 DEBUG    [SA_03] ACTION: {'action': 'PLAY', 'source': 'phrase_text'}
2026-09-08 12:22:29 DEBUG    [SA_03] AudioProvider: CACHE MISS
2026-09-08 12:22:31 DEBUG    [SA_03] TEXT PLAY
2026-09-08 12:22:37 DEBUG    [SA_03] TEXT_END
2026-09-08 12:22:37 DEBUG    [SA_03] ACTION: {'action': 'WAIT', 'source': 'pause_before_translation'}
2026-09-08 12:22:44 DEBUG    [SA_03] PAUSE_END
2026-09-08 12:22:44 DEBUG    [SA_03] ACTION: {'action': 'SHOW', 'target': 'bottom', 'content': 'translate_text'}
2026-09-08 12:22:44 DEBUG    [SA_03] ACTION: {'action': 'PLAY', 'source': 'translate_text'}
2026-09-08 12:22:44 DEBUG    [SA_03] AudioProvider: CACHE MISS
2026-09-08 12:22:50 DEBUG    [SA_03] TRANSLATION PLAY
2026-09-08 12:22:57 DEBUG    [SA_03] TRANSLATION_END
2026-09-08 12:22:57 DEBUG    [SA_03] ACTION: {'action': 'WAIT', 'source': 'pause_between_sentences'}
2026-09-08 12:22:59 DEBUG    [SA_03] PAUSE_END
2026-09-08 12:22:59 DEBUG    [SA_03] ACTION: {'action': 'HIDE', 'target': 'top'}
2026-09-08 12:22:59 DEBUG    [SA_03] ACTION: {'action': 'HIDE', 'target': 'bottom'}
2026-09-08 12:22:59 INFO     [SA_03] SCENARIO FINISHED
2026-09-08 12:22:59 DEBUG    [SA_03] FINISH_ITEM: repeat 1/1
2026-09-08 12:22:59 DEBUG    [SA_03] PREPARE_ITEM #12
2026-09-08 12:22:59 DEBUG    [SA_03] ACTION: {'action': 'SHOW', 'target': 'top', 'content': 'phrase_text'}
2026-09-08 12:22:59 DEBUG    [SA_03] ACTION: {'action': 'PLAY', 'source': 'phrase_text'}
2026-09-08 12:22:59 DEBUG    [SA_03] AudioProvider: CACHE MISS
2026-09-08 12:23:00 DEBUG    [SA_03] TEXT PLAY
2026-09-08 12:23:03 DEBUG    [SA_03] TEXT_END
2026-09-08 12:23:03 DEBUG    [SA_03] ACTION: {'action': 'WAIT', 'source': 'pause_before_translation'}
2026-09-08 12:23:04 DEBUG    [SA_03] Button: pause
2026-09-08 12:23:06 DEBUG    [SA_03] Button: settings
2026-09-08 12:23:06 DEBUG    [SA_03] INITIAL ITEM: phrase_code = pl phrase_locale = pl-PL phrase_voice = pl-PL-MarekNeural
2026-09-08 12:23:06 DEBUG    [SA_03] INITIAL SOURCE: language = pl locale = pl-PL voice = 
2026-09-08 12:23:07 DEBUG    [SA_03] Target language: en
2026-09-08 12:23:07 DEBUG    [SA_03] Target locale: en-US
2026-09-08 12:23:29 DEBUG    [SA_03] Button: settings
2026-09-08 12:23:29 DEBUG    [SA_03] INITIAL ITEM: phrase_code = pl phrase_locale = pl-PL phrase_voice = pl-PL-MarekNeural
2026-09-08 12:23:29 DEBUG    [SA_03] INITIAL SOURCE: language = pl locale = pl-PL voice = 
2026-09-08 12:23:29 DEBUG    [SA_03] Target language: en
2026-09-08 12:23:29 DEBUG    [SA_03] Target locale: en-US
2026-09-08 12:23:54 INFO     [SA_03] Finsh Application
2026-09-08 12:23:59 INFO     [SA_03] Start Application
2026-09-08 12:24:09 DEBUG    [SA_03] INITIAL ITEM: phrase_code = pl phrase_locale = pl-PL phrase_voice = pl-PL-MarekNeural
2026-09-08 12:24:09 DEBUG    [SA_03] INITIAL SOURCE: language = pl locale = pl-PL voice = 
2026-09-08 12:29:39 DEBUG    [SA_03] Button: next
2026-09-08 12:29:39 DEBUG    [SA_03] Button: next
2026-09-08 12:29:40 DEBUG    [SA_03] Button: next
2026-09-08 12:29:41 DEBUG    [SA_03] Button: next
2026-09-08 12:29:41 DEBUG    [SA_03] Button: next
2026-09-08 12:29:42 DEBUG    [SA_03] Button: next
2026-09-08 12:29:43 DEBUG    [SA_03] Button: prev
2026-09-08 12:29:43 DEBUG    [SA_03] Button: prev
2026-09-08 12:29:44 DEBUG    [SA_03] Button: prev
2026-09-08 12:29:45 DEBUG    [SA_03] Button: next
2026-09-08 12:29:45 DEBUG    [SA_03] Button: next
2026-09-08 12:29:45 DEBUG    [SA_03] Button: next
2026-09-08 12:29:47 DEBUG    [SA_03] Button: next
2026-09-08 12:29:47 DEBUG    [SA_03] Button: next
2026-09-08 12:29:48 DEBUG    [SA_03] Button: next
2026-09-08 12:29:49 DEBUG    [SA_03] Button: prev
2026-09-08 12:29:49 DEBUG    [SA_03] Button: prev
2026-09-08 12:29:49 DEBUG    [SA_03] Button: prev
2026-09-08 12:29:51 DEBUG    [SA_03] Button: next
2026-09-08 12:29:51 DEBUG    [SA_03] Button: next
2026-09-08 12:29:56 DEBUG    [SA_03] Button: prev
2026-09-08 12:29:56 DEBUG    [SA_03] Button: prev
2026-09-08 12:29:56 DEBUG    [SA_03] Button: prev
2026-09-08 12:30:00 DEBUG    [SA_03] Button: next
2026-09-08 12:30:02 DEBUG    [SA_03] Button: next
2026-09-08 12:30:02 DEBUG    [SA_03] Button: next
2026-09-08 12:30:04 DEBUG    [SA_03] Button: play
2026-09-08 12:30:04 DEBUG    [SA_03] PREPARE_ITEM #8
2026-09-08 12:30:05 DEBUG    [SA_03] ACTION: {'action': 'SHOW', 'target': 'top', 'content': 'phrase_text'}
2026-09-08 12:30:05 DEBUG    [SA_03] ACTION: {'action': 'PLAY', 'source': 'phrase_text'}
2026-09-08 12:30:05 DEBUG    [SA_03] AudioProvider: CACHE HIT
2026-09-08 12:30:05 DEBUG    [SA_03] TEXT PLAY
2026-09-08 12:30:08 DEBUG    [SA_03] Button: pause
2026-09-08 12:34:21 INFO     [SA_03] Finsh Application
2026-09-08 12:34:32 INFO     [SA_03] Start Application
2026-09-08 12:34:42 DEBUG    [SA_03] INITIAL ITEM: phrase_code = pl phrase_locale = pl-PL phrase_voice = pl-PL-MarekNeural
2026-09-08 12:34:42 DEBUG    [SA_03] INITIAL SOURCE: language = pl locale = pl-PL voice = 
2026-09-08 12:35:02 DEBUG    [SA_03] Button: db
2026-09-08 12:35:04 INFO     [SA_03] Database sets loaded: 20
2026-09-08 12:35:04 DEBUG    [SA_03] Selected set: English A1
2026-09-08 12:35:07 DEBUG    [SA_03] Button: settings
2026-09-08 12:35:07 DEBUG    [SA_03] INITIAL ITEM: phrase_code = pl phrase_locale = pl-PL phrase_voice = pl-PL-MarekNeural
2026-09-08 12:35:07 DEBUG    [SA_03] INITIAL SOURCE: language = pl locale = pl-PL voice = 
2026-09-08 12:35:07 DEBUG    [SA_03] Target language: en
2026-09-08 12:35:07 DEBUG    [SA_03] Target locale: en-US
2026-09-08 12:35:43 DEBUG    [SA_03] Button: settings
2026-09-08 12:35:43 DEBUG    [SA_03] INITIAL ITEM: phrase_code = pl phrase_locale = pl-PL phrase_voice = pl-PL-MarekNeural
2026-09-08 12:35:43 DEBUG    [SA_03] INITIAL SOURCE: language = pl locale = pl-PL voice = 
2026-09-08 12:35:44 DEBUG    [SA_03] Target language: en
2026-09-08 12:35:44 DEBUG    [SA_03] Target locale: en-US
2026-09-08 12:36:26 DEBUG    [SA_03] Scenario: dictation
2026-09-08 12:36:29 DEBUG    [SA_03] Button: play
2026-09-08 12:36:29 DEBUG    [SA_03] PREPARE_ITEM #0
2026-09-08 12:36:29 DEBUG    [SA_03] ACTION: {'action': 'HIDE', 'target': 'bottom'}
2026-09-08 12:36:29 DEBUG    [SA_03] ACTION: {'action': 'SHOW', 'target': 'top', 'content': 'phrase_text'}
2026-09-08 12:36:30 DEBUG    [SA_03] ACTION: {'action': 'PLAY', 'source': 'phrase_text'}
2026-09-08 12:36:30 DEBUG    [SA_03] AudioProvider: CACHE HIT
2026-09-08 12:36:30 DEBUG    [SA_03] TEXT PLAY
2026-09-08 12:36:32 DEBUG    [SA_03] TEXT_END
2026-09-08 12:36:32 DEBUG    [SA_03] ACTION: {'action': 'WAIT', 'source': 'pause_before_translation'}
2026-09-08 12:36:34 DEBUG    [SA_03] PAUSE_END
2026-09-08 12:36:34 DEBUG    [SA_03] ACTION: {'action': 'HIDE', 'target': 'top'}
2026-09-08 12:36:34 INFO     [SA_03] SCENARIO FINISHED
2026-09-08 12:36:34 DEBUG    [SA_03] FINISH_ITEM: repeat 1/1
2026-09-08 12:36:34 DEBUG    [SA_03] PREPARE_ITEM #1
2026-09-08 12:36:34 DEBUG    [SA_03] ACTION: {'action': 'HIDE', 'target': 'bottom'}
2026-09-08 12:36:34 DEBUG    [SA_03] ACTION: {'action': 'SHOW', 'target': 'top', 'content': 'phrase_text'}
2026-09-08 12:36:34 DEBUG    [SA_03] ACTION: {'action': 'PLAY', 'source': 'phrase_text'}
2026-09-08 12:36:34 DEBUG    [SA_03] AudioProvider: CACHE HIT
2026-09-08 12:36:34 DEBUG    [SA_03] TEXT PLAY
2026-09-08 12:36:37 DEBUG    [SA_03] TEXT_END
2026-09-08 12:36:37 DEBUG    [SA_03] ACTION: {'action': 'WAIT', 'source': 'pause_before_translation'}
2026-09-08 12:36:38 DEBUG    [SA_03] PAUSE_END
2026-09-08 12:36:38 DEBUG    [SA_03] ACTION: {'action': 'HIDE', 'target': 'top'}
2026-09-08 12:36:38 INFO     [SA_03] SCENARIO FINISHED
2026-09-08 12:36:38 DEBUG    [SA_03] FINISH_ITEM: repeat 1/1
2026-09-08 12:36:38 DEBUG    [SA_03] PREPARE_ITEM #2
2026-09-08 12:36:38 DEBUG    [SA_03] ACTION: {'action': 'HIDE', 'target': 'bottom'}
2026-09-08 12:36:38 DEBUG    [SA_03] ACTION: {'action': 'SHOW', 'target': 'top', 'content': 'phrase_text'}
2026-09-08 12:36:38 DEBUG    [SA_03] ACTION: {'action': 'PLAY', 'source': 'phrase_text'}
2026-09-08 12:36:38 DEBUG    [SA_03] AudioProvider: CACHE HIT
2026-09-08 12:36:38 DEBUG    [SA_03] TEXT PLAY
2026-09-08 12:36:40 DEBUG    [SA_03] TEXT_END
2026-09-08 12:36:40 DEBUG    [SA_03] ACTION: {'action': 'WAIT', 'source': 'pause_before_translation'}
2026-09-08 12:36:41 DEBUG    [SA_03] PAUSE_END
2026-09-08 12:36:41 DEBUG    [SA_03] ACTION: {'action': 'HIDE', 'target': 'top'}
2026-09-08 12:36:41 INFO     [SA_03] SCENARIO FINISHED
2026-09-08 12:36:41 DEBUG    [SA_03] FINISH_ITEM: repeat 1/1
2026-09-08 12:36:41 DEBUG    [SA_03] PREPARE_ITEM #3
2026-09-08 12:36:41 DEBUG    [SA_03] ACTION: {'action': 'HIDE', 'target': 'bottom'}
2026-09-08 12:36:41 DEBUG    [SA_03] ACTION: {'action': 'SHOW', 'target': 'top', 'content': 'phrase_text'}
2026-09-08 12:36:41 DEBUG    [SA_03] ACTION: {'action': 'PLAY', 'source': 'phrase_text'}
2026-09-08 12:36:41 DEBUG    [SA_03] AudioProvider: CACHE HIT
2026-09-08 12:36:41 DEBUG    [SA_03] TEXT PLAY
2026-09-08 12:36:45 DEBUG    [SA_03] TEXT_END
2026-09-08 12:36:45 DEBUG    [SA_03] ACTION: {'action': 'WAIT', 'source': 'pause_before_translation'}
2026-09-08 12:36:47 DEBUG    [SA_03] PAUSE_END
2026-09-08 12:36:47 DEBUG    [SA_03] ACTION: {'action': 'HIDE', 'target': 'top'}
2026-09-08 12:36:47 INFO     [SA_03] SCENARIO FINISHED
2026-09-08 12:36:47 DEBUG    [SA_03] FINISH_ITEM: repeat 1/1
2026-09-08 12:36:47 DEBUG    [SA_03] PREPARE_ITEM #4
2026-09-08 12:36:47 DEBUG    [SA_03] ACTION: {'action': 'HIDE', 'target': 'bottom'}
2026-09-08 12:36:47 DEBUG    [SA_03] ACTION: {'action': 'SHOW', 'target': 'top', 'content': 'phrase_text'}
2026-09-08 12:36:47 DEBUG    [SA_03] ACTION: {'action': 'PLAY', 'source': 'phrase_text'}
2026-09-08 12:36:47 DEBUG    [SA_03] AudioProvider: CACHE HIT
2026-09-08 12:36:47 DEBUG    [SA_03] TEXT PLAY
2026-09-08 12:36:49 DEBUG    [SA_03] Button: pause
2026-09-08 12:37:50 DEBUG    [SA_03] Slider: voice_speed = 0.38722222222222225
2026-09-08 12:37:51 DEBUG    [SA_03] Button: play
2026-09-08 12:37:51 DEBUG    [SA_03] PREPARE_ITEM #4
2026-09-08 12:37:51 DEBUG    [SA_03] ACTION: {'action': 'HIDE', 'target': 'bottom'}
2026-09-08 12:37:51 DEBUG    [SA_03] ACTION: {'action': 'SHOW', 'target': 'top', 'content': 'phrase_text'}
2026-09-08 12:37:51 DEBUG    [SA_03] ACTION: {'action': 'PLAY', 'source': 'phrase_text'}
2026-09-08 12:37:51 DEBUG    [SA_03] AudioProvider: CACHE MISS
2026-09-08 12:37:53 DEBUG    [SA_03] TEXT PLAY
2026-09-08 12:38:00 DEBUG    [SA_03] TEXT_END
2026-09-08 12:38:00 DEBUG    [SA_03] ACTION: {'action': 'WAIT', 'source': 'pause_before_translation'}
2026-09-08 12:38:01 DEBUG    [SA_03] PAUSE_END
2026-09-08 12:38:01 DEBUG    [SA_03] ACTION: {'action': 'HIDE', 'target': 'top'}
2026-09-08 12:38:01 INFO     [SA_03] SCENARIO FINISHED
2026-09-08 12:38:01 DEBUG    [SA_03] FINISH_ITEM: repeat 1/1
2026-09-08 12:38:01 DEBUG    [SA_03] PREPARE_ITEM #5
2026-09-08 12:38:01 DEBUG    [SA_03] ACTION: {'action': 'HIDE', 'target': 'bottom'}
2026-09-08 12:38:01 DEBUG    [SA_03] Slider: voice_speed = 1.2
2026-09-08 12:38:01 DEBUG    [SA_03] ACTION: {'action': 'SHOW', 'target': 'top', 'content': 'phrase_text'}
2026-09-08 12:38:01 DEBUG    [SA_03] ACTION: {'action': 'PLAY', 'source': 'phrase_text'}
2026-09-08 12:38:01 DEBUG    [SA_03] AudioProvider: CACHE MISS
2026-09-08 12:38:02 DEBUG    [SA_03] TEXT PLAY
2026-09-08 12:38:06 DEBUG    [SA_03] Slider: voice_speed = 0.24666666666666665
2026-09-08 12:38:06 DEBUG    [SA_03] TEXT_END
2026-09-08 12:38:06 DEBUG    [SA_03] ACTION: {'action': 'WAIT', 'source': 'pause_before_translation'}
2026-09-08 12:38:08 DEBUG    [SA_03] PAUSE_END
2026-09-08 12:38:08 DEBUG    [SA_03] ACTION: {'action': 'HIDE', 'target': 'top'}
2026-09-08 12:38:08 INFO     [SA_03] SCENARIO FINISHED
2026-09-08 12:38:08 DEBUG    [SA_03] FINISH_ITEM: repeat 1/1
2026-09-08 12:38:08 DEBUG    [SA_03] PREPARE_ITEM #6
2026-09-08 12:38:08 DEBUG    [SA_03] ACTION: {'action': 'HIDE', 'target': 'bottom'}
2026-09-08 12:38:08 DEBUG    [SA_03] ACTION: {'action': 'SHOW', 'target': 'top', 'content': 'phrase_text'}
2026-09-08 12:38:08 DEBUG    [SA_03] ACTION: {'action': 'PLAY', 'source': 'phrase_text'}
2026-09-08 12:38:08 DEBUG    [SA_03] AudioProvider: CACHE MISS
2026-09-08 12:38:09 DEBUG    [SA_03] TEXT PLAY
2026-09-08 12:38:15 DEBUG    [SA_03] TEXT_END
2026-09-08 12:38:15 DEBUG    [SA_03] ACTION: {'action': 'WAIT', 'source': 'pause_before_translation'}
2026-09-08 12:38:16 DEBUG    [SA_03] PAUSE_END
2026-09-08 12:38:16 DEBUG    [SA_03] ACTION: {'action': 'HIDE', 'target': 'top'}
2026-09-08 12:38:16 INFO     [SA_03] SCENARIO FINISHED
2026-09-08 12:38:16 DEBUG    [SA_03] FINISH_ITEM: repeat 1/1
2026-09-08 12:38:16 DEBUG    [SA_03] PREPARE_ITEM #7
2026-09-08 12:38:16 DEBUG    [SA_03] ACTION: {'action': 'HIDE', 'target': 'bottom'}
2026-09-08 12:38:16 DEBUG    [SA_03] ACTION: {'action': 'SHOW', 'target': 'top', 'content': 'phrase_text'}
2026-09-08 12:38:16 DEBUG    [SA_03] ACTION: {'action': 'PLAY', 'source': 'phrase_text'}
2026-09-08 12:38:16 DEBUG    [SA_03] AudioProvider: CACHE MISS
2026-09-08 12:38:18 DEBUG    [SA_03] TEXT PLAY
2026-09-08 12:38:20 DEBUG    [SA_03] Slider: voice_speed = 0.7783333333333332
2026-09-08 12:38:28 DEBUG    [SA_03] TEXT_END
2026-09-08 12:38:28 DEBUG    [SA_03] ACTION: {'action': 'WAIT', 'source': 'pause_before_translation'}
2026-09-08 12:38:30 DEBUG    [SA_03] PAUSE_END
2026-09-08 12:38:30 DEBUG    [SA_03] ACTION: {'action': 'HIDE', 'target': 'top'}
2026-09-08 12:38:30 INFO     [SA_03] SCENARIO FINISHED
2026-09-08 12:38:30 DEBUG    [SA_03] FINISH_ITEM: repeat 1/1
2026-09-08 12:38:30 DEBUG    [SA_03] PREPARE_ITEM #8
2026-09-08 12:38:30 DEBUG    [SA_03] ACTION: {'action': 'HIDE', 'target': 'bottom'}
2026-09-08 12:38:30 DEBUG    [SA_03] ACTION: {'action': 'SHOW', 'target': 'top', 'content': 'phrase_text'}
2026-09-08 12:38:30 DEBUG    [SA_03] ACTION: {'action': 'PLAY', 'source': 'phrase_text'}
2026-09-08 12:38:30 DEBUG    [SA_03] AudioProvider: CACHE MISS
2026-09-08 12:38:31 DEBUG    [SA_03] TEXT PLAY
2026-09-08 12:38:35 DEBUG    [SA_03] Button: pause
2026-09-08 12:38:41 DEBUG    [SA_03] Button: settings
2026-09-08 12:38:41 DEBUG    [SA_03] INITIAL ITEM: phrase_code = pl phrase_locale = pl-PL phrase_voice = pl-PL-MarekNeural
2026-09-08 12:38:41 DEBUG    [SA_03] INITIAL SOURCE: language = pl locale = pl-PL voice = 
2026-09-08 12:38:41 DEBUG    [SA_03] Target language: en
2026-09-08 12:38:41 DEBUG    [SA_03] Target locale: en-US
2026-09-08 12:38:44 DEBUG    [SA_03] Scenario: shadowing
2026-09-08 12:39:11 DEBUG    [SA_03] Button: db
2026-09-08 12:39:12 INFO     [SA_03] Database sets loaded: 20
2026-09-08 12:39:12 DEBUG    [SA_03] Selected set: English A1
2026-09-08 12:39:17 DEBUG    [SA_03] Selected set: Dictation -
2026-09-08 12:39:22 DEBUG    [SA_03] Button: dbtoset
2026-09-08 12:39:23 DEBUG    [SA_03] DBTOSET set_id=8
2026-09-08 12:39:24 INFO     [SA_03] Set loaded into session: 8
2026-09-08 12:39:43 DEBUG    [SA_03] Button: first
2026-09-08 12:39:45 DEBUG    [SA_03] Button: play
2026-09-08 12:39:45 DEBUG    [SA_03] PREPARE_ITEM #0
2026-09-08 12:39:45 DEBUG    [SA_03] ACTION: {'action': 'SHOW', 'target': 'top', 'content': 'phrase_text'}
2026-09-08 12:39:45 DEBUG    [SA_03] ACTION: {'action': 'PLAY', 'source': 'phrase_text'}
2026-09-08 12:39:45 DEBUG    [SA_03] AudioProvider: CACHE MISS
2026-09-08 12:39:46 DEBUG    [SA_03] TEXT PLAY
2026-09-08 12:39:50 DEBUG    [SA_03] TEXT_END
2026-09-08 12:39:50 DEBUG    [SA_03] ACTION: {'action': 'WAIT', 'source': 'pause_before_translation'}
2026-09-08 12:39:52 DEBUG    [SA_03] PAUSE_END
2026-09-08 12:39:52 DEBUG    [SA_03] ACTION: {'action': 'SHOW', 'target': 'bottom', 'content': 'translate_text'}
2026-09-08 12:39:52 DEBUG    [SA_03] ACTION: {'action': 'PLAY', 'source': 'translate_text'}
2026-09-08 12:39:52 DEBUG    [SA_03] Translation audio skipped: empty translate_text
2026-09-08 12:39:52 DEBUG    [SA_03] TRANSLATION SKIPPED
2026-09-08 12:39:52 DEBUG    [SA_03] ACTION: {'action': 'WAIT', 'source': 'pause_between_sentences'}
2026-09-08 12:39:54 DEBUG    [SA_03] PAUSE_END
2026-09-08 12:39:54 DEBUG    [SA_03] ACTION: {'action': 'HIDE', 'target': 'top'}
2026-09-08 12:39:54 DEBUG    [SA_03] ACTION: {'action': 'HIDE', 'target': 'bottom'}
2026-09-08 12:39:54 INFO     [SA_03] SCENARIO FINISHED
2026-09-08 12:39:54 DEBUG    [SA_03] FINISH_ITEM: repeat 1/2
2026-09-08 12:39:54 DEBUG    [SA_03] ACTION: {'action': 'SHOW', 'target': 'top', 'content': 'phrase_text'}
2026-09-08 12:39:54 DEBUG    [SA_03] ACTION: {'action': 'PLAY', 'source': 'phrase_text'}
2026-09-08 12:39:54 DEBUG    [SA_03] AudioProvider: CACHE HIT
2026-09-08 12:39:54 DEBUG    [SA_03] TEXT PLAY
2026-09-08 12:39:57 DEBUG    [SA_03] TEXT_END
2026-09-08 12:39:57 DEBUG    [SA_03] ACTION: {'action': 'WAIT', 'source': 'pause_before_translation'}
2026-09-08 12:39:59 DEBUG    [SA_03] PAUSE_END
2026-09-08 12:39:59 DEBUG    [SA_03] ACTION: {'action': 'SHOW', 'target': 'bottom', 'content': 'translate_text'}
2026-09-08 12:39:59 DEBUG    [SA_03] ACTION: {'action': 'PLAY', 'source': 'translate_text'}
2026-09-08 12:39:59 DEBUG    [SA_03] Translation audio skipped: empty translate_text
2026-09-08 12:39:59 DEBUG    [SA_03] TRANSLATION SKIPPED
2026-09-08 12:39:59 DEBUG    [SA_03] ACTION: {'action': 'WAIT', 'source': 'pause_between_sentences'}
2026-09-08 12:40:01 DEBUG    [SA_03] PAUSE_END
2026-09-08 12:40:01 DEBUG    [SA_03] ACTION: {'action': 'HIDE', 'target': 'top'}
2026-09-08 12:40:01 DEBUG    [SA_03] ACTION: {'action': 'HIDE', 'target': 'bottom'}
2026-09-08 12:40:01 INFO     [SA_03] SCENARIO FINISHED
2026-09-08 12:40:01 DEBUG    [SA_03] FINISH_ITEM: repeat 2/2
2026-09-08 12:40:01 DEBUG    [SA_03] PREPARE_ITEM #1
2026-09-08 12:40:01 DEBUG    [SA_03] ACTION: {'action': 'SHOW', 'target': 'top', 'content': 'phrase_text'}
2026-09-08 12:40:01 DEBUG    [SA_03] ACTION: {'action': 'PLAY', 'source': 'phrase_text'}
2026-09-08 12:40:01 DEBUG    [SA_03] AudioProvider: CACHE MISS
2026-09-08 12:40:02 DEBUG    [SA_03] TEXT PLAY
2026-09-08 12:40:08 DEBUG    [SA_03] TEXT_END
2026-09-08 12:40:08 DEBUG    [SA_03] ACTION: {'action': 'WAIT', 'source': 'pause_before_translation'}
2026-09-08 12:40:11 DEBUG    [SA_03] PAUSE_END
2026-09-08 12:40:11 DEBUG    [SA_03] ACTION: {'action': 'SHOW', 'target': 'bottom', 'content': 'translate_text'}
2026-09-08 12:40:11 DEBUG    [SA_03] ACTION: {'action': 'PLAY', 'source': 'translate_text'}
2026-09-08 12:40:11 DEBUG    [SA_03] Translation audio skipped: empty translate_text
2026-09-08 12:40:11 DEBUG    [SA_03] TRANSLATION SKIPPED
2026-09-08 12:40:11 DEBUG    [SA_03] ACTION: {'action': 'WAIT', 'source': 'pause_between_sentences'}
2026-09-08 12:40:13 DEBUG    [SA_03] PAUSE_END
2026-09-08 12:40:13 DEBUG    [SA_03] ACTION: {'action': 'HIDE', 'target': 'top'}
2026-09-08 12:40:13 DEBUG    [SA_03] ACTION: {'action': 'HIDE', 'target': 'bottom'}
2026-09-08 12:40:13 INFO     [SA_03] SCENARIO FINISHED
2026-09-08 12:40:13 DEBUG    [SA_03] FINISH_ITEM: repeat 1/2
2026-09-08 12:40:13 DEBUG    [SA_03] ACTION: {'action': 'SHOW', 'target': 'top', 'content': 'phrase_text'}
2026-09-08 12:40:13 DEBUG    [SA_03] ACTION: {'action': 'PLAY', 'source': 'phrase_text'}
2026-09-08 12:40:13 DEBUG    [SA_03] AudioProvider: CACHE HIT
2026-09-08 12:40:13 DEBUG    [SA_03] TEXT PLAY
2026-09-08 12:40:18 DEBUG    [SA_03] Button: pause
2026-09-08 12:40:23 DEBUG    [SA_03] Button: settings
2026-09-08 12:40:23 DEBUG    [SA_03] INITIAL ITEM: phrase_code = pl phrase_locale = pl-PL phrase_voice = pl-PL-MarekNeural
2026-09-08 12:40:23 DEBUG    [SA_03] INITIAL SOURCE: language = pl locale = pl-PL voice = 
2026-09-08 12:40:23 DEBUG    [SA_03] Target language: en
2026-09-08 12:40:23 DEBUG    [SA_03] Target locale: en-US
2026-09-08 12:40:28 DEBUG    [SA_03] Button: db
2026-09-08 12:40:29 INFO     [SA_03] Database sets loaded: 20
2026-09-08 12:40:29 DEBUG    [SA_03] Selected set: English A1
2026-09-08 12:40:37 DEBUG    [SA_03] Selected set: Dictation -
2026-09-08 12:40:42 DEBUG    [SA_03] Button: db
2026-09-08 12:40:43 INFO     [SA_03] Database sets loaded: 20
2026-09-08 12:40:43 DEBUG    [SA_03] Selected set: English A1
2026-09-08 12:40:51 DEBUG    [SA_03] Selected set: Dictation -
2026-09-08 12:42:03 DEBUG    [SA_03] Button: datatodb
2026-09-08 12:42:04 DEBUG    [SA_03] DATATODB set_id=8
2026-09-08 12:42:05 INFO     [SA_03] Data saved to database: {'set_id': 8, 'set_name': 'Polish Dictation', 'set_description': 'Generated as dictation with AI', 'set_update_date': '2026-09-08T10:42:02'}
2026-09-08 12:42:06 INFO     [SA_03] Database sets loaded: 20
2026-09-08 12:42:06 DEBUG    [SA_03] Selected set: Polish Dictation
2026-09-08 12:42:13 DEBUG    [SA_03] Selected set: Polish Dictation
2026-09-08 12:42:17 DEBUG    [SA_03] Button: dbtoset
2026-09-08 12:42:23 DEBUG    [SA_03] Button: dbtoset
2026-09-08 12:42:24 DEBUG    [SA_03] DBTOSET set_id=8
2026-09-08 12:42:25 INFO     [SA_03] Set loaded into session: 8
2026-09-08 12:42:31 DEBUG    [SA_03] Button: settoexcel
2026-09-08 12:42:50 INFO     [SA_03] Session exported to Excel: C:/Users/liudm/SadowingApp/SA_03/tmp/PolishDictatiom-82.xlsx
2026-09-08 12:44:01 DEBUG    [SA_03] Button: settings
2026-09-08 12:44:01 DEBUG    [SA_03] INITIAL ITEM: phrase_code = pl phrase_locale = pl-PL phrase_voice = pl-PL-MarekNeural
2026-09-08 12:44:01 DEBUG    [SA_03] INITIAL SOURCE: language = pl locale = pl-PL voice = 
2026-09-08 12:44:01 DEBUG    [SA_03] Target language: en
2026-09-08 12:44:01 DEBUG    [SA_03] Target locale: en-US
2026-09-08 12:44:12 DEBUG    [SA_03] Scenario: dictation
2026-09-08 12:44:26 DEBUG    [SA_03] Voice: pl-PL-ZofiaNeural
2026-09-08 12:44:30 ERROR    [SA_03] Checking source language before generation...
2026-09-08 12:44:50 INFO     [SA_03] Detected language: pl
2026-09-08 12:44:50 DEBUG    [SA_03] Generate language check: source = pl detected = pl
2026-09-08 12:44:50 DEBUG    [SA_03] Source language matches.
2026-09-08 12:44:50 INFO     [SA_03] Generator: DictationGenerator
2026-09-08 12:44:50 INFO     [SA_03] Generating plan...
2026-09-08 12:45:45 INFO     [SA_03] 
2026-09-08 12:45:45 INFO     [SA_03] ==============
2026-09-08 12:45:45 INFO     [SA_03] PLAN GENERATED
2026-09-08 12:45:45 INFO     [SA_03] ==============
2026-09-08 12:45:45 INFO     [SA_03] Items: 98
2026-09-08 12:45:45 INFO     [SA_03] --------------
2026-09-08 12:45:45 INFO     [SA_03] 1 phrase_text | pause: 555 | repeat: 2
2026-09-08 12:45:45 INFO     [SA_03] 2 Co to jest prąd elektryczny? | pause: 1940 | repeat: 2
2026-09-08 12:45:45 INFO     [SA_03] 3 – Prąd elektryczny to uporządkowany ruch ładunków elektrycznych. | pause: 2720 | repeat: 2
2026-09-08 12:45:45 INFO     [SA_03] 4 Co jest bardziej niebezpieczne dla człowieka – | pause: 1930 | repeat: 2
2026-09-08 12:45:45 INFO     [SA_03] 5 napięcie czy prąd? | pause: 1490 | repeat: 2
2026-09-08 12:45:45 INFO     [SA_03] 6 – Niebezpieczny jest prąd przepływający przez ciało człowieka. | pause: 2710 | repeat: 2
2026-09-08 12:45:45 INFO     [SA_03] 7 Jakie napięcie uważa się za bezpieczne? | pause: 2195 | repeat: 2
2026-09-08 12:45:45 INFO     [SA_03] 8 – Do 50 V prądu przemiennego | pause: 1640 | repeat: 2
2026-09-08 12:45:45 INFO     [SA_03] 9 lub do 120 V prądu stałego. | pause: 2135 | repeat: 2
2026-09-08 12:45:45 INFO     [SA_03] 10 Co to jest uziemienie ochronne? | pause: 1955 | repeat: 2
2026-09-08 12:45:45 INFO     [SA_03] 11 – Połączenie dostępnych części przewodzących z ziemią | pause: 1965 | repeat: 2
2026-09-08 12:45:45 INFO     [SA_03] 12 w celu ochrony przed porażeniem. | pause: 1960 | repeat: 2
2026-09-08 12:45:45 INFO     [SA_03] 13 Do czego służy przewód ochronny PE? | pause: 2175 | repeat: 2
2026-09-08 12:45:45 INFO     [SA_03] 14 – Do ochrony przed porażeniem | pause: 1445 | repeat: 2
2026-09-08 12:45:45 INFO     [SA_03] 15 i odprowadzenia prądu uszkodzeniowego. | pause: 1790 | repeat: 2
2026-09-08 12:45:45 INFO     [SA_03] 16 Co oznacza skrót RCD? | pause: 1705 | repeat: 2
2026-09-08 12:45:45 INFO     [SA_03] 17 – Wyłącznik różnicowoprądowy. | pause: 1545 | repeat: 2
2026-09-08 12:45:45 INFO     [SA_03] 18 Przy jakim prądzie najczęściej działa wyłącznik RCD? | pause: 2460 | repeat: 2
2026-09-08 12:45:45 INFO     [SA_03] 19 – Przy prądzie różnicowym 30 mA. | pause: 2160 | repeat: 2
2026-09-08 12:45:45 INFO     [SA_03] 20 Czy wolno pracować pod napięciem | pause: 1460 | repeat: 2
2026-09-08 12:45:45 INFO     [SA_03] 21 bez odpowiednich uprawnień? | pause: 1535 | repeat: 2
2026-09-08 12:45:45 INFO     [SA_03] 22 – Nie wolno. | pause: 1460 | repeat: 2
2026-09-08 12:45:45 INFO     [SA_03] 23 Co należy zrobić przed rozpoczęciem pracy | pause: 1705 | repeat: 2
2026-09-08 12:45:45 INFO     [SA_03] 24 przy urządzeniu elektrycznym? | pause: 1545 | repeat: 2
2026-09-08 12:45:45 INFO     [SA_03] 25 – Wyłączyć zasilanie, sprawdzić brak napięcia | pause: 1875 | repeat: 2
2026-09-08 12:45:45 INFO     [SA_03] 26 i zabezpieczyć miejsce pracy. | pause: 1745 | repeat: 2
2026-09-08 12:45:45 INFO     [SA_03] 27 Czym sprawdza się brak napięcia? | pause: 1960 | repeat: 2
2026-09-08 12:45:45 INFO     [SA_03] 28 – Sprawnym wskaźnikiem napięcia. | pause: 1760 | repeat: 2
2026-09-08 12:45:45 INFO     [SA_03] 29 Czy wolno sprawdzać obecność napięcia palcem? | pause: 2225 | repeat: 2
2026-09-08 12:45:45 INFO     [SA_03] 30 – Nie, jest to zabronione i niebezpieczne. | pause: 2560 | repeat: 2
2026-09-08 12:45:45 INFO     [SA_03] 31 Co oznacza znak z żółtym trójkątem i błyskawicą? | pause: 2640 | repeat: 2
2026-09-08 12:45:45 INFO     [SA_03] 32 – Ostrzeżenie przed porażeniem prądem elektrycznym. | pause: 2255 | repeat: 2
2026-09-08 12:45:45 INFO     [SA_03] 33 Co należy zrobić, gdy człowiek jest porażony prądem? | pause: 2810 | repeat: 2
2026-09-08 12:45:45 INFO     [SA_03] 34 – Najpierw odłączyć napięcie | pause: 1240 | repeat: 2
2026-09-08 12:45:45 INFO     [SA_03] 35 lub bezpiecznie uwolnić poszkodowanego. | pause: 1795 | repeat: 2
2026-09-08 12:45:45 INFO     [SA_03] 36 Kiedy rozpoczyna się resuscytację krążeniowo-oddechową? | pause: 2375 | repeat: 2
2026-09-08 12:45:45 INFO     [SA_03] 37 – Gdy poszkodowany nie oddycha prawidłowo | pause: 1705 | repeat: 2
2026-09-08 12:45:45 INFO     [SA_03] 38 i jest nieprzytomny. | pause: 1500 | repeat: 2
2026-09-08 12:45:45 INFO     [SA_03] 39 Jaki jest stosunek uciśnięć do oddechów podczas RKO? | pause: 2660 | repeat: 2
2026-09-08 12:45:45 INFO     [SA_03] 40 – 30 uciśnięć i 2 oddechy. | pause: 2130 | repeat: 2
2026-09-08 12:45:45 INFO     [SA_03] 41 Jaki jest numer alarmowy w Polsce? | pause: 2170 | repeat: 2
2026-09-08 12:45:45 INFO     [SA_03] 42 – 112. | pause: 1230 | repeat: 2
2026-09-08 12:45:45 INFO     [SA_03] 43 Co to jest zwarcie? | pause: 1695 | repeat: 2
2026-09-08 12:45:45 INFO     [SA_03] 44 – Połączenie przewodów o bardzo małej rezystancji. | pause: 2450 | repeat: 2
2026-09-08 12:45:45 INFO     [SA_03] 45 Czym grozi zwarcie? | pause: 1495 | repeat: 2
2026-09-08 12:45:45 INFO     [SA_03] 46 – Uszkodzeniem urządzeń, pożarem i porażeniem. | pause: 2380 | repeat: 2
2026-09-08 12:45:45 INFO     [SA_03] 47 Do czego służy wyłącznik nadprądowy? | pause: 1980 | repeat: 2
2026-09-08 12:45:45 INFO     [SA_03] 48 – Do ochrony przed przeciążeniem i zwarciem. | pause: 2420 | repeat: 2
2026-09-08 12:45:45 INFO     [SA_03] 49 Co to jest przeciążenie? | pause: 1720 | repeat: 2
2026-09-08 12:45:45 INFO     [SA_03] 50 – Przepływ prądu większego od dopuszczalnego | pause: 1720 | repeat: 2
2026-09-08 12:45:45 INFO     [SA_03] 51 przez dłuższy czas. | pause: 1495 | repeat: 2
2026-09-08 12:45:45 INFO     [SA_03] 52 Co oznacza stopień ochrony IP44? | pause: 1960 | repeat: 2
2026-09-08 12:45:45 INFO     [SA_03] 53 – Ochronę przed ciałami obcymi i bryzgami wody. | pause: 2635 | repeat: 2
2026-09-08 12:45:45 INFO     [SA_03] 54 Jakie środki ochrony indywidualnej stosuje elektryk? | pause: 2260 | repeat: 2
2026-09-08 12:45:45 INFO     [SA_03] 55 – Rękawice dielektryczne, obuwie ochronne, | pause: 1810 | repeat: 2
2026-09-08 12:45:45 INFO     [SA_03] 56 kask i okulary. | pause: 1475 | repeat: 2
2026-09-08 12:45:45 INFO     [SA_03] 57 Czy można pracować mokrymi rękami? | pause: 1970 | repeat: 2
2026-09-08 12:45:45 INFO     [SA_03] 58 – Nie. | pause: 1230 | repeat: 2
2026-09-08 12:45:45 INFO     [SA_03] 59 Po co mierzy się rezystancję izolacji? | pause: 2190 | repeat: 2
2026-09-08 12:45:45 INFO     [SA_03] 60 – Aby sprawdzić stan izolacji przewodów i urządzeń. | pause: 2655 | repeat: 2
2026-09-08 12:45:45 INFO     [SA_03] 61 Co oznacza ciągłość przewodu ochronnego? | pause: 2000 | repeat: 2
2026-09-08 12:45:45 INFO     [SA_03] 62 – Pewne i nieprzerwane połączenie przewodu PE. | pause: 2430 | repeat: 2
2026-09-08 12:45:45 INFO     [SA_03] 63 Kto może wykonywać prace przy urządzeniach elektrycznych? | pause: 2485 | repeat: 2
2026-09-08 12:45:45 INFO     [SA_03] 64 – Osoba posiadająca odpowiednie kwalifikacje SEP. | pause: 2245 | repeat: 2
2026-09-08 12:45:45 INFO     [SA_03] 65 Co obejmuje eksploatacja urządzeń elektrycznych? | pause: 2040 | repeat: 2
2026-09-08 12:45:45 INFO     [SA_03] 66 – Obsługę, konserwację, remonty, montaż i pomiary. | pause: 2900 | repeat: 2
2026-09-08 12:45:45 INFO     [SA_03] 67 Co to są oględziny instalacji elektrycznej? | pause: 2215 | repeat: 2
2026-09-08 12:45:45 INFO     [SA_03] 68 – Ocena jej stanu technicznego | pause: 1450 | repeat: 2
2026-09-08 12:45:45 INFO     [SA_03] 69 bez wykonywania pomiarów. | pause: 1525 | repeat: 2
2026-09-08 12:45:45 INFO     [SA_03] 70 Co należy zrobić z uszkodzonym przewodem? | pause: 2205 | repeat: 2
2026-09-08 12:45:45 INFO     [SA_03] 71 – Natychmiast wycofać go z użytkowania. | pause: 2195 | repeat: 2
2026-09-08 12:45:45 INFO     [SA_03] 72 Czy wolno zastępować bezpiecznik drutem? | pause: 2000 | repeat: 2
2026-09-08 12:45:45 INFO     [SA_03] 73 – Nie wolno. | pause: 1460 | repeat: 2
2026-09-08 12:45:45 INFO     [SA_03] 74 Dlaczego nie wolno przeciążać przedłużaczy? | pause: 2015 | repeat: 2
2026-09-08 12:45:45 INFO     [SA_03] 75 – Ponieważ mogą się przegrzać | pause: 1445 | repeat: 2
2026-09-08 12:45:45 INFO     [SA_03] 76 i spowodować pożar. | pause: 1495 | repeat: 2
2026-09-08 12:45:45 INFO     [SA_03] 77 Co oznaczają przewody L, N i PE? | pause: 2510 | repeat: 2
2026-09-08 12:45:45 INFO     [SA_03] 78 – L – fazowy, N – neutralny, PE – ochronny. | pause: 3315 | repeat: 2
2026-09-08 12:45:45 INFO     [SA_03] 79 Jaki kolor ma przewód ochronny PE? | pause: 2170 | repeat: 2
2026-09-08 12:45:45 INFO     [SA_03] 80 – Żółto-zielony. | pause: 1580 | repeat: 2
2026-09-08 12:45:45 INFO     [SA_03] 81 Jaki kolor ma przewód neutralny N? | pause: 2170 | repeat: 2
2026-09-08 12:45:45 INFO     [SA_03] 82 – Niebieski. | pause: 1260 | repeat: 2
2026-09-08 12:45:45 INFO     [SA_03] 83 Co to jest napięcie dotykowe? | pause: 1945 | repeat: 2
2026-09-08 12:45:45 INFO     [SA_03] 84 – Napięcie występujące między dostępną częścią urządzenia | pause: 1985 | repeat: 2
2026-09-08 12:45:45 INFO     [SA_03] 85 a ziemią. | pause: 1245 | repeat: 2
2026-09-08 12:45:45 INFO     [SA_03] 86 Dlaczego wykonuje się okresowe pomiary instalacji? | pause: 2250 | repeat: 2
2026-09-08 12:45:45 INFO     [SA_03] 87 – Aby potwierdzić bezpieczeństwo użytkowania. | pause: 2025 | repeat: 2
2026-09-08 12:45:45 INFO     [SA_03] 88 Co należy sprawdzić przed użyciem elektronarzędzia? | pause: 2255 | repeat: 2
2026-09-08 12:45:45 INFO     [SA_03] 89 – Stan przewodu, wtyczki, obudowy | pause: 1765 | repeat: 2
2026-09-08 12:45:45 INFO     [SA_03] 90 i działanie urządzenia. | pause: 1515 | repeat: 2
2026-09-08 12:45:45 INFO     [SA_03] 91 Czy wolno używać uszkodzonego elektronarzędzia? | pause: 2035 | repeat: 2
2026-09-08 12:45:45 INFO     [SA_03] 92 – Nie wolno. | pause: 1460 | repeat: 2
2026-09-08 12:45:45 INFO     [SA_03] 93 Jaka jest najczęstsza przyczyna porażenia prądem? | pause: 2245 | repeat: 2
2026-09-08 12:45:45 INFO     [SA_03] 94 – Dotknięcie części znajdujących się pod napięciem | pause: 1950 | repeat: 2
2026-09-08 12:45:45 INFO     [SA_03] 95 lub uszkodzonej izolacji. | pause: 1525 | repeat: 2
2026-09-08 12:45:45 INFO     [SA_03] 96 Jaki jest podstawowy obowiązek osoby pracującej | pause: 1735 | repeat: 2
2026-09-08 12:45:45 INFO     [SA_03] 97 przy urządzeniach elektrycznych? | pause: 1560 | repeat: 2
2026-09-08 12:45:45 INFO     [SA_03] 98 – Przestrzeganie zasad bezpieczeństwa i przepisów BHP. | pause: 2470 | repeat: 2
2026-09-08 12:45:45 INFO     [SA_03] ==============================
2026-09-08 12:45:45 INFO     [SA_03] 
2026-09-08 12:45:59 DEBUG    [SA_03] Button: first
2026-09-08 12:46:01 DEBUG    [SA_03] Button: play
2026-09-08 12:46:01 DEBUG    [SA_03] PREPARE_ITEM #0
2026-09-08 12:46:01 DEBUG    [SA_03] ACTION: {'action': 'HIDE', 'target': 'bottom'}
2026-09-08 12:46:01 DEBUG    [SA_03] ACTION: {'action': 'SHOW', 'target': 'top', 'content': 'phrase_text'}
2026-09-08 12:46:01 DEBUG    [SA_03] ACTION: {'action': 'PLAY', 'source': 'phrase_text'}
2026-09-08 12:46:01 DEBUG    [SA_03] AudioProvider: CACHE MISS
2026-09-08 12:46:02 DEBUG    [SA_03] TEXT PLAY
2026-09-08 12:46:05 DEBUG    [SA_03] TEXT_END
2026-09-08 12:46:05 DEBUG    [SA_03] ACTION: {'action': 'WAIT', 'source': 'pause_before_translation'}
2026-09-08 12:46:06 DEBUG    [SA_03] PAUSE_END
2026-09-08 12:46:06 DEBUG    [SA_03] ACTION: {'action': 'HIDE', 'target': 'top'}
2026-09-08 12:46:06 INFO     [SA_03] SCENARIO FINISHED
2026-09-08 12:46:06 DEBUG    [SA_03] FINISH_ITEM: repeat 1/2
2026-09-08 12:46:06 DEBUG    [SA_03] ACTION: {'action': 'HIDE', 'target': 'bottom'}
2026-09-08 12:46:06 DEBUG    [SA_03] ACTION: {'action': 'SHOW', 'target': 'top', 'content': 'phrase_text'}
2026-09-08 12:46:06 DEBUG    [SA_03] ACTION: {'action': 'PLAY', 'source': 'phrase_text'}
2026-09-08 12:46:06 DEBUG    [SA_03] AudioProvider: CACHE HIT
2026-09-08 12:46:06 DEBUG    [SA_03] TEXT PLAY
2026-09-08 12:46:09 DEBUG    [SA_03] TEXT_END
2026-09-08 12:46:09 DEBUG    [SA_03] ACTION: {'action': 'WAIT', 'source': 'pause_before_translation'}
2026-09-08 12:46:10 DEBUG    [SA_03] PAUSE_END
2026-09-08 12:46:10 DEBUG    [SA_03] ACTION: {'action': 'HIDE', 'target': 'top'}
2026-09-08 12:46:10 INFO     [SA_03] SCENARIO FINISHED
2026-09-08 12:46:10 DEBUG    [SA_03] FINISH_ITEM: repeat 2/2
2026-09-08 12:46:10 DEBUG    [SA_03] PREPARE_ITEM #1
2026-09-08 12:46:10 DEBUG    [SA_03] ACTION: {'action': 'HIDE', 'target': 'bottom'}
2026-09-08 12:46:10 DEBUG    [SA_03] ACTION: {'action': 'SHOW', 'target': 'top', 'content': 'phrase_text'}
2026-09-08 12:46:10 DEBUG    [SA_03] ACTION: {'action': 'PLAY', 'source': 'phrase_text'}
2026-09-08 12:46:10 DEBUG    [SA_03] AudioProvider: CACHE MISS
2026-09-08 12:46:11 DEBUG    [SA_03] TEXT PLAY
2026-09-08 12:46:14 DEBUG    [SA_03] TEXT_END
2026-09-08 12:46:14 DEBUG    [SA_03] ACTION: {'action': 'WAIT', 'source': 'pause_before_translation'}
2026-09-08 12:46:16 DEBUG    [SA_03] PAUSE_END
2026-09-08 12:46:16 DEBUG    [SA_03] ACTION: {'action': 'HIDE', 'target': 'top'}
2026-09-08 12:46:16 INFO     [SA_03] SCENARIO FINISHED
2026-09-08 12:46:16 DEBUG    [SA_03] FINISH_ITEM: repeat 1/2
2026-09-08 12:46:16 DEBUG    [SA_03] ACTION: {'action': 'HIDE', 'target': 'bottom'}
2026-09-08 12:46:16 DEBUG    [SA_03] ACTION: {'action': 'SHOW', 'target': 'top', 'content': 'phrase_text'}
2026-09-08 12:46:16 DEBUG    [SA_03] ACTION: {'action': 'PLAY', 'source': 'phrase_text'}
2026-09-08 12:46:16 DEBUG    [SA_03] AudioProvider: CACHE HIT
2026-09-08 12:46:16 DEBUG    [SA_03] TEXT PLAY
2026-09-08 12:46:19 DEBUG    [SA_03] TEXT_END
2026-09-08 12:46:19 DEBUG    [SA_03] ACTION: {'action': 'WAIT', 'source': 'pause_before_translation'}
2026-09-08 12:46:21 DEBUG    [SA_03] PAUSE_END
2026-09-08 12:46:21 DEBUG    [SA_03] ACTION: {'action': 'HIDE', 'target': 'top'}
2026-09-08 12:46:21 INFO     [SA_03] SCENARIO FINISHED
2026-09-08 12:46:21 DEBUG    [SA_03] FINISH_ITEM: repeat 2/2
2026-09-08 12:46:21 DEBUG    [SA_03] PREPARE_ITEM #2
2026-09-08 12:46:21 DEBUG    [SA_03] ACTION: {'action': 'HIDE', 'target': 'bottom'}
2026-09-08 12:46:21 DEBUG    [SA_03] ACTION: {'action': 'SHOW', 'target': 'top', 'content': 'phrase_text'}
2026-09-08 12:46:21 DEBUG    [SA_03] ACTION: {'action': 'PLAY', 'source': 'phrase_text'}
2026-09-08 12:46:21 DEBUG    [SA_03] AudioProvider: CACHE MISS
2026-09-08 12:46:22 DEBUG    [SA_03] TEXT PLAY
2026-09-08 12:46:28 DEBUG    [SA_03] TEXT_END
2026-09-08 12:46:28 DEBUG    [SA_03] ACTION: {'action': 'WAIT', 'source': 'pause_before_translation'}
2026-09-08 12:46:30 DEBUG    [SA_03] PAUSE_END
2026-09-08 12:46:30 DEBUG    [SA_03] ACTION: {'action': 'HIDE', 'target': 'top'}
2026-09-08 12:46:31 INFO     [SA_03] SCENARIO FINISHED
2026-09-08 12:46:31 DEBUG    [SA_03] FINISH_ITEM: repeat 1/2
2026-09-08 12:46:31 DEBUG    [SA_03] ACTION: {'action': 'HIDE', 'target': 'bottom'}
2026-09-08 12:46:31 DEBUG    [SA_03] ACTION: {'action': 'SHOW', 'target': 'top', 'content': 'phrase_text'}
2026-09-08 12:46:31 DEBUG    [SA_03] ACTION: {'action': 'PLAY', 'source': 'phrase_text'}
2026-09-08 12:46:31 DEBUG    [SA_03] AudioProvider: CACHE HIT
2026-09-08 12:46:31 DEBUG    [SA_03] TEXT PLAY
2026-09-08 12:46:36 DEBUG    [SA_03] TEXT_END
2026-09-08 12:46:36 DEBUG    [SA_03] ACTION: {'action': 'WAIT', 'source': 'pause_before_translation'}
2026-09-08 12:46:39 DEBUG    [SA_03] PAUSE_END
2026-09-08 12:46:39 DEBUG    [SA_03] ACTION: {'action': 'HIDE', 'target': 'top'}
2026-09-08 12:46:39 INFO     [SA_03] SCENARIO FINISHED
2026-09-08 12:46:39 DEBUG    [SA_03] FINISH_ITEM: repeat 2/2
2026-09-08 12:46:39 DEBUG    [SA_03] PREPARE_ITEM #3
2026-09-08 12:46:39 DEBUG    [SA_03] ACTION: {'action': 'HIDE', 'target': 'bottom'}
2026-09-08 12:46:39 DEBUG    [SA_03] ACTION: {'action': 'SHOW', 'target': 'top', 'content': 'phrase_text'}
2026-09-08 12:46:39 DEBUG    [SA_03] ACTION: {'action': 'PLAY', 'source': 'phrase_text'}
2026-09-08 12:46:39 DEBUG    [SA_03] AudioProvider: CACHE MISS
2026-09-08 12:46:40 DEBUG    [SA_03] TEXT PLAY
2026-09-08 12:46:44 DEBUG    [SA_03] TEXT_END
2026-09-08 12:46:44 DEBUG    [SA_03] ACTION: {'action': 'WAIT', 'source': 'pause_before_translation'}
2026-09-08 12:46:46 DEBUG    [SA_03] PAUSE_END
2026-09-08 12:46:46 DEBUG    [SA_03] ACTION: {'action': 'HIDE', 'target': 'top'}
2026-09-08 12:46:46 INFO     [SA_03] SCENARIO FINISHED
2026-09-08 12:46:46 DEBUG    [SA_03] FINISH_ITEM: repeat 1/2
2026-09-08 12:46:46 DEBUG    [SA_03] ACTION: {'action': 'HIDE', 'target': 'bottom'}
2026-09-08 12:46:46 DEBUG    [SA_03] ACTION: {'action': 'SHOW', 'target': 'top', 'content': 'phrase_text'}
2026-09-08 12:46:46 DEBUG    [SA_03] ACTION: {'action': 'PLAY', 'source': 'phrase_text'}
2026-09-08 12:46:46 DEBUG    [SA_03] AudioProvider: CACHE HIT
2026-09-08 12:46:46 DEBUG    [SA_03] TEXT PLAY
2026-09-08 12:46:51 DEBUG    [SA_03] TEXT_END
2026-09-08 12:46:51 DEBUG    [SA_03] ACTION: {'action': 'WAIT', 'source': 'pause_before_translation'}
2026-09-08 12:46:52 DEBUG    [SA_03] PAUSE_END
2026-09-08 12:46:52 DEBUG    [SA_03] ACTION: {'action': 'HIDE', 'target': 'top'}
2026-09-08 12:46:52 INFO     [SA_03] SCENARIO FINISHED
2026-09-08 12:46:53 DEBUG    [SA_03] FINISH_ITEM: repeat 2/2
2026-09-08 12:46:53 DEBUG    [SA_03] PREPARE_ITEM #4
2026-09-08 12:46:53 DEBUG    [SA_03] ACTION: {'action': 'HIDE', 'target': 'bottom'}
2026-09-08 12:46:53 DEBUG    [SA_03] ACTION: {'action': 'SHOW', 'target': 'top', 'content': 'phrase_text'}
2026-09-08 12:46:53 DEBUG    [SA_03] ACTION: {'action': 'PLAY', 'source': 'phrase_text'}
2026-09-08 12:46:53 DEBUG    [SA_03] AudioProvider: CACHE MISS
2026-09-08 12:46:53 DEBUG    [SA_03] TEXT PLAY
2026-09-08 12:46:56 DEBUG    [SA_03] TEXT_END
2026-09-08 12:46:56 DEBUG    [SA_03] ACTION: {'action': 'WAIT', 'source': 'pause_before_translation'}
2026-09-08 12:46:57 DEBUG    [SA_03] PAUSE_END
2026-09-08 12:46:57 DEBUG    [SA_03] ACTION: {'action': 'HIDE', 'target': 'top'}
2026-09-08 12:46:57 INFO     [SA_03] SCENARIO FINISHED
2026-09-08 12:46:57 DEBUG    [SA_03] FINISH_ITEM: repeat 1/2
2026-09-08 12:46:57 DEBUG    [SA_03] ACTION: {'action': 'HIDE', 'target': 'bottom'}
2026-09-08 12:46:57 DEBUG    [SA_03] ACTION: {'action': 'SHOW', 'target': 'top', 'content': 'phrase_text'}
2026-09-08 12:46:58 DEBUG    [SA_03] ACTION: {'action': 'PLAY', 'source': 'phrase_text'}
2026-09-08 12:46:58 DEBUG    [SA_03] AudioProvider: CACHE HIT
2026-09-08 12:46:58 DEBUG    [SA_03] TEXT PLAY
2026-09-08 12:47:00 DEBUG    [SA_03] TEXT_END
2026-09-08 12:47:00 DEBUG    [SA_03] ACTION: {'action': 'WAIT', 'source': 'pause_before_translation'}
2026-09-08 12:47:02 DEBUG    [SA_03] PAUSE_END
2026-09-08 12:47:02 DEBUG    [SA_03] ACTION: {'action': 'HIDE', 'target': 'top'}
2026-09-08 12:47:02 INFO     [SA_03] SCENARIO FINISHED
2026-09-08 12:47:02 DEBUG    [SA_03] FINISH_ITEM: repeat 2/2
2026-09-08 12:47:02 DEBUG    [SA_03] PREPARE_ITEM #5
2026-09-08 12:47:02 DEBUG    [SA_03] ACTION: {'action': 'HIDE', 'target': 'bottom'}
2026-09-08 12:47:02 DEBUG    [SA_03] ACTION: {'action': 'SHOW', 'target': 'top', 'content': 'phrase_text'}
2026-09-08 12:47:02 DEBUG    [SA_03] ACTION: {'action': 'PLAY', 'source': 'phrase_text'}
2026-09-08 12:47:02 DEBUG    [SA_03] AudioProvider: CACHE MISS
2026-09-08 12:47:03 DEBUG    [SA_03] TEXT PLAY
2026-09-08 12:47:08 DEBUG    [SA_03] TEXT_END
2026-09-08 12:47:08 DEBUG    [SA_03] ACTION: {'action': 'WAIT', 'source': 'pause_before_translation'}
2026-09-08 12:47:10 DEBUG    [SA_03] PAUSE_END
2026-09-08 12:47:11 DEBUG    [SA_03] ACTION: {'action': 'HIDE', 'target': 'top'}
2026-09-08 12:47:11 INFO     [SA_03] SCENARIO FINISHED
2026-09-08 12:47:11 DEBUG    [SA_03] FINISH_ITEM: repeat 1/2
2026-09-08 12:47:11 DEBUG    [SA_03] ACTION: {'action': 'HIDE', 'target': 'bottom'}
2026-09-08 12:47:11 DEBUG    [SA_03] ACTION: {'action': 'SHOW', 'target': 'top', 'content': 'phrase_text'}
2026-09-08 12:47:11 DEBUG    [SA_03] ACTION: {'action': 'PLAY', 'source': 'phrase_text'}
2026-09-08 12:47:11 DEBUG    [SA_03] AudioProvider: CACHE HIT
2026-09-08 12:47:11 DEBUG    [SA_03] TEXT PLAY
2026-09-08 12:47:16 DEBUG    [SA_03] TEXT_END
2026-09-08 12:47:16 DEBUG    [SA_03] ACTION: {'action': 'WAIT', 'source': 'pause_before_translation'}
2026-09-08 12:47:19 DEBUG    [SA_03] PAUSE_END
2026-09-08 12:47:19 DEBUG    [SA_03] ACTION: {'action': 'HIDE', 'target': 'top'}
2026-09-08 12:47:19 INFO     [SA_03] SCENARIO FINISHED
2026-09-08 12:47:19 DEBUG    [SA_03] FINISH_ITEM: repeat 2/2
2026-09-08 12:47:19 DEBUG    [SA_03] PREPARE_ITEM #6
2026-09-08 12:47:19 DEBUG    [SA_03] ACTION: {'action': 'HIDE', 'target': 'bottom'}
2026-09-08 12:47:19 DEBUG    [SA_03] ACTION: {'action': 'SHOW', 'target': 'top', 'content': 'phrase_text'}
2026-09-08 12:47:19 DEBUG    [SA_03] ACTION: {'action': 'PLAY', 'source': 'phrase_text'}
2026-09-08 12:47:19 DEBUG    [SA_03] AudioProvider: CACHE MISS
2026-09-08 12:47:19 DEBUG    [SA_03] TEXT PLAY
2026-09-08 12:47:23 DEBUG    [SA_03] TEXT_END
2026-09-08 12:47:23 DEBUG    [SA_03] ACTION: {'action': 'WAIT', 'source': 'pause_before_translation'}
2026-09-08 12:47:25 DEBUG    [SA_03] PAUSE_END
2026-09-08 12:47:25 DEBUG    [SA_03] ACTION: {'action': 'HIDE', 'target': 'top'}
2026-09-08 12:47:25 INFO     [SA_03] SCENARIO FINISHED
2026-09-08 12:47:26 DEBUG    [SA_03] FINISH_ITEM: repeat 1/2
2026-09-08 12:47:26 DEBUG    [SA_03] ACTION: {'action': 'HIDE', 'target': 'bottom'}
2026-09-08 12:47:26 DEBUG    [SA_03] ACTION: {'action': 'SHOW', 'target': 'top', 'content': 'phrase_text'}
2026-09-08 12:47:26 DEBUG    [SA_03] ACTION: {'action': 'PLAY', 'source': 'phrase_text'}
2026-09-08 12:47:26 DEBUG    [SA_03] AudioProvider: CACHE HIT
2026-09-08 12:47:26 DEBUG    [SA_03] TEXT PLAY
2026-09-08 12:47:29 DEBUG    [SA_03] TEXT_END
2026-09-08 12:47:29 DEBUG    [SA_03] ACTION: {'action': 'WAIT', 'source': 'pause_before_translation'}
2026-09-08 12:47:32 DEBUG    [SA_03] PAUSE_END
2026-09-08 12:47:32 DEBUG    [SA_03] ACTION: {'action': 'HIDE', 'target': 'top'}
2026-09-08 12:47:32 INFO     [SA_03] SCENARIO FINISHED
2026-09-08 12:47:32 DEBUG    [SA_03] FINISH_ITEM: repeat 2/2
2026-09-08 12:47:32 DEBUG    [SA_03] PREPARE_ITEM #7
2026-09-08 12:47:32 DEBUG    [SA_03] ACTION: {'action': 'HIDE', 'target': 'bottom'}
2026-09-08 12:47:32 DEBUG    [SA_03] ACTION: {'action': 'SHOW', 'target': 'top', 'content': 'phrase_text'}
2026-09-08 12:47:32 DEBUG    [SA_03] ACTION: {'action': 'PLAY', 'source': 'phrase_text'}
2026-09-08 12:47:32 DEBUG    [SA_03] AudioProvider: CACHE MISS
2026-09-08 12:47:32 DEBUG    [SA_03] TEXT PLAY
2026-09-08 12:47:36 DEBUG    [SA_03] TEXT_END
2026-09-08 12:47:36 DEBUG    [SA_03] ACTION: {'action': 'WAIT', 'source': 'pause_before_translation'}
2026-09-08 12:47:38 DEBUG    [SA_03] PAUSE_END
2026-09-08 12:47:38 DEBUG    [SA_03] ACTION: {'action': 'HIDE', 'target': 'top'}
2026-09-08 12:47:38 INFO     [SA_03] SCENARIO FINISHED
2026-09-08 12:47:38 DEBUG    [SA_03] FINISH_ITEM: repeat 1/2
2026-09-08 12:47:38 DEBUG    [SA_03] ACTION: {'action': 'HIDE', 'target': 'bottom'}
2026-09-08 12:47:38 DEBUG    [SA_03] ACTION: {'action': 'SHOW', 'target': 'top', 'content': 'phrase_text'}
2026-09-08 12:47:38 DEBUG    [SA_03] ACTION: {'action': 'PLAY', 'source': 'phrase_text'}
2026-09-08 12:47:38 DEBUG    [SA_03] AudioProvider: CACHE HIT
2026-09-08 12:47:38 DEBUG    [SA_03] TEXT PLAY
2026-09-08 12:47:42 DEBUG    [SA_03] TEXT_END
2026-09-08 12:47:42 DEBUG    [SA_03] ACTION: {'action': 'WAIT', 'source': 'pause_before_translation'}
2026-09-08 12:47:44 DEBUG    [SA_03] PAUSE_END
2026-09-08 12:47:44 DEBUG    [SA_03] ACTION: {'action': 'HIDE', 'target': 'top'}
2026-09-08 12:47:44 INFO     [SA_03] SCENARIO FINISHED
2026-09-08 12:47:44 DEBUG    [SA_03] FINISH_ITEM: repeat 2/2
2026-09-08 12:47:44 DEBUG    [SA_03] PREPARE_ITEM #8
2026-09-08 12:47:44 DEBUG    [SA_03] ACTION: {'action': 'HIDE', 'target': 'bottom'}
2026-09-08 12:47:44 DEBUG    [SA_03] ACTION: {'action': 'SHOW', 'target': 'top', 'content': 'phrase_text'}
2026-09-08 12:47:44 DEBUG    [SA_03] ACTION: {'action': 'PLAY', 'source': 'phrase_text'}
2026-09-08 12:47:44 DEBUG    [SA_03] AudioProvider: CACHE MISS
2026-09-08 12:47:45 DEBUG    [SA_03] TEXT PLAY
2026-09-08 12:47:49 DEBUG    [SA_03] TEXT_END
2026-09-08 12:47:49 DEBUG    [SA_03] ACTION: {'action': 'WAIT', 'source': 'pause_before_translation'}
2026-09-08 12:47:51 DEBUG    [SA_03] PAUSE_END
2026-09-08 12:47:51 DEBUG    [SA_03] ACTION: {'action': 'HIDE', 'target': 'top'}
2026-09-08 12:47:51 INFO     [SA_03] SCENARIO FINISHED
2026-09-08 12:47:51 DEBUG    [SA_03] FINISH_ITEM: repeat 1/2
2026-09-08 12:47:51 DEBUG    [SA_03] ACTION: {'action': 'HIDE', 'target': 'bottom'}
2026-09-08 12:47:52 DEBUG    [SA_03] ACTION: {'action': 'SHOW', 'target': 'top', 'content': 'phrase_text'}
2026-09-08 12:47:52 DEBUG    [SA_03] ACTION: {'action': 'PLAY', 'source': 'phrase_text'}
2026-09-08 12:47:52 DEBUG    [SA_03] AudioProvider: CACHE HIT
2026-09-08 12:47:52 DEBUG    [SA_03] TEXT PLAY
2026-09-08 12:47:56 DEBUG    [SA_03] TEXT_END
2026-09-08 12:47:56 DEBUG    [SA_03] ACTION: {'action': 'WAIT', 'source': 'pause_before_translation'}
2026-09-08 12:47:58 DEBUG    [SA_03] PAUSE_END
2026-09-08 12:47:58 DEBUG    [SA_03] ACTION: {'action': 'HIDE', 'target': 'top'}
2026-09-08 12:47:58 INFO     [SA_03] SCENARIO FINISHED
2026-09-08 12:47:58 DEBUG    [SA_03] FINISH_ITEM: repeat 2/2
2026-09-08 12:47:58 DEBUG    [SA_03] PREPARE_ITEM #9
2026-09-08 12:47:58 DEBUG    [SA_03] ACTION: {'action': 'HIDE', 'target': 'bottom'}
2026-09-08 12:47:58 DEBUG    [SA_03] ACTION: {'action': 'SHOW', 'target': 'top', 'content': 'phrase_text'}
2026-09-08 12:47:58 DEBUG    [SA_03] ACTION: {'action': 'PLAY', 'source': 'phrase_text'}
2026-09-08 12:47:58 DEBUG    [SA_03] AudioProvider: CACHE MISS
2026-09-08 12:47:59 DEBUG    [SA_03] TEXT PLAY
2026-09-08 12:48:03 DEBUG    [SA_03] TEXT_END
2026-09-08 12:48:03 DEBUG    [SA_03] ACTION: {'action': 'WAIT', 'source': 'pause_before_translation'}
2026-09-08 12:48:05 DEBUG    [SA_03] PAUSE_END
2026-09-08 12:48:05 DEBUG    [SA_03] ACTION: {'action': 'HIDE', 'target': 'top'}
2026-09-08 12:48:05 INFO     [SA_03] SCENARIO FINISHED
2026-09-08 12:48:05 DEBUG    [SA_03] FINISH_ITEM: repeat 1/2
2026-09-08 12:48:05 DEBUG    [SA_03] ACTION: {'action': 'HIDE', 'target': 'bottom'}
2026-09-08 12:48:05 DEBUG    [SA_03] ACTION: {'action': 'SHOW', 'target': 'top', 'content': 'phrase_text'}
2026-09-08 12:48:05 DEBUG    [SA_03] ACTION: {'action': 'PLAY', 'source': 'phrase_text'}
2026-09-08 12:48:05 DEBUG    [SA_03] AudioProvider: CACHE HIT
2026-09-08 12:48:05 DEBUG    [SA_03] TEXT PLAY
2026-09-08 12:48:08 DEBUG    [SA_03] TEXT_END
2026-09-08 12:48:08 DEBUG    [SA_03] ACTION: {'action': 'WAIT', 'source': 'pause_before_translation'}
2026-09-08 12:48:10 DEBUG    [SA_03] PAUSE_END
2026-09-08 12:48:10 DEBUG    [SA_03] ACTION: {'action': 'HIDE', 'target': 'top'}
2026-09-08 12:48:10 INFO     [SA_03] SCENARIO FINISHED
2026-09-08 12:48:10 DEBUG    [SA_03] FINISH_ITEM: repeat 2/2
2026-09-08 12:48:10 DEBUG    [SA_03] PREPARE_ITEM #10
2026-09-08 12:48:10 DEBUG    [SA_03] ACTION: {'action': 'HIDE', 'target': 'bottom'}
2026-09-08 12:48:10 DEBUG    [SA_03] ACTION: {'action': 'SHOW', 'target': 'top', 'content': 'phrase_text'}
2026-09-08 12:48:10 DEBUG    [SA_03] ACTION: {'action': 'PLAY', 'source': 'phrase_text'}
2026-09-08 12:48:10 DEBUG    [SA_03] AudioProvider: CACHE MISS
2026-09-08 12:48:11 DEBUG    [SA_03] TEXT PLAY
2026-09-08 12:48:16 DEBUG    [SA_03] TEXT_END
2026-09-08 12:48:16 DEBUG    [SA_03] ACTION: {'action': 'WAIT', 'source': 'pause_before_translation'}
2026-09-08 12:48:18 DEBUG    [SA_03] PAUSE_END
2026-09-08 12:48:18 DEBUG    [SA_03] ACTION: {'action': 'HIDE', 'target': 'top'}
2026-09-08 12:48:18 INFO     [SA_03] SCENARIO FINISHED
2026-09-08 12:48:18 DEBUG    [SA_03] FINISH_ITEM: repeat 1/2
2026-09-08 12:48:18 DEBUG    [SA_03] ACTION: {'action': 'HIDE', 'target': 'bottom'}
2026-09-08 12:48:18 DEBUG    [SA_03] ACTION: {'action': 'SHOW', 'target': 'top', 'content': 'phrase_text'}
2026-09-08 12:48:18 DEBUG    [SA_03] ACTION: {'action': 'PLAY', 'source': 'phrase_text'}
2026-09-08 12:48:18 DEBUG    [SA_03] AudioProvider: CACHE HIT
2026-09-08 12:48:18 DEBUG    [SA_03] TEXT PLAY
2026-09-08 12:48:20 DEBUG    [SA_03] Slider: voice_speed = 0.5827777777777777
2026-09-08 12:48:23 DEBUG    [SA_03] TEXT_END
2026-09-08 12:48:23 DEBUG    [SA_03] ACTION: {'action': 'WAIT', 'source': 'pause_before_translation'}
2026-09-08 12:48:25 DEBUG    [SA_03] PAUSE_END
2026-09-08 12:48:25 DEBUG    [SA_03] ACTION: {'action': 'HIDE', 'target': 'top'}
2026-09-08 12:48:25 INFO     [SA_03] SCENARIO FINISHED
2026-09-08 12:48:25 DEBUG    [SA_03] FINISH_ITEM: repeat 2/2
2026-09-08 12:48:25 DEBUG    [SA_03] PREPARE_ITEM #11
2026-09-08 12:48:25 DEBUG    [SA_03] ACTION: {'action': 'HIDE', 'target': 'bottom'}
2026-09-08 12:48:25 DEBUG    [SA_03] ACTION: {'action': 'SHOW', 'target': 'top', 'content': 'phrase_text'}
2026-09-08 12:48:25 DEBUG    [SA_03] ACTION: {'action': 'PLAY', 'source': 'phrase_text'}
2026-09-08 12:48:25 DEBUG    [SA_03] AudioProvider: CACHE MISS
2026-09-08 12:48:26 DEBUG    [SA_03] TEXT PLAY
2026-09-08 12:48:31 DEBUG    [SA_03] TEXT_END
2026-09-08 12:48:31 DEBUG    [SA_03] ACTION: {'action': 'WAIT', 'source': 'pause_before_translation'}
2026-09-08 12:48:33 DEBUG    [SA_03] PAUSE_END
2026-09-08 12:48:33 DEBUG    [SA_03] ACTION: {'action': 'HIDE', 'target': 'top'}
2026-09-08 12:48:33 INFO     [SA_03] SCENARIO FINISHED
2026-09-08 12:48:33 DEBUG    [SA_03] FINISH_ITEM: repeat 1/2
2026-09-08 12:48:33 DEBUG    [SA_03] ACTION: {'action': 'HIDE', 'target': 'bottom'}
2026-09-08 12:48:33 DEBUG    [SA_03] ACTION: {'action': 'SHOW', 'target': 'top', 'content': 'phrase_text'}
2026-09-08 12:48:33 DEBUG    [SA_03] ACTION: {'action': 'PLAY', 'source': 'phrase_text'}
2026-09-08 12:48:33 DEBUG    [SA_03] AudioProvider: CACHE HIT
2026-09-08 12:48:33 DEBUG    [SA_03] TEXT PLAY
2026-09-08 12:48:38 DEBUG    [SA_03] TEXT_END
2026-09-08 12:48:38 DEBUG    [SA_03] ACTION: {'action': 'WAIT', 'source': 'pause_before_translation'}
2026-09-08 12:48:40 DEBUG    [SA_03] PAUSE_END
2026-09-08 12:48:40 DEBUG    [SA_03] ACTION: {'action': 'HIDE', 'target': 'top'}
2026-09-08 12:48:40 INFO     [SA_03] SCENARIO FINISHED
2026-09-08 12:48:40 DEBUG    [SA_03] FINISH_ITEM: repeat 2/2
2026-09-08 12:48:40 DEBUG    [SA_03] PREPARE_ITEM #12
2026-09-08 12:48:40 DEBUG    [SA_03] ACTION: {'action': 'HIDE', 'target': 'bottom'}
2026-09-08 12:48:40 DEBUG    [SA_03] ACTION: {'action': 'SHOW', 'target': 'top', 'content': 'phrase_text'}
2026-09-08 12:48:40 DEBUG    [SA_03] ACTION: {'action': 'PLAY', 'source': 'phrase_text'}
2026-09-08 12:48:40 DEBUG    [SA_03] AudioProvider: CACHE MISS
2026-09-08 12:48:41 DEBUG    [SA_03] TEXT PLAY
2026-09-08 12:48:46 DEBUG    [SA_03] TEXT_END
2026-09-08 12:48:46 DEBUG    [SA_03] ACTION: {'action': 'WAIT', 'source': 'pause_before_translation'}
2026-09-08 12:48:48 DEBUG    [SA_03] PAUSE_END
2026-09-08 12:48:49 DEBUG    [SA_03] ACTION: {'action': 'HIDE', 'target': 'top'}
2026-09-08 12:48:49 INFO     [SA_03] SCENARIO FINISHED
2026-09-08 12:48:49 DEBUG    [SA_03] FINISH_ITEM: repeat 1/2
2026-09-08 12:48:49 DEBUG    [SA_03] ACTION: {'action': 'HIDE', 'target': 'bottom'}
2026-09-08 12:48:49 DEBUG    [SA_03] ACTION: {'action': 'SHOW', 'target': 'top', 'content': 'phrase_text'}
2026-09-08 12:48:49 DEBUG    [SA_03] ACTION: {'action': 'PLAY', 'source': 'phrase_text'}
2026-09-08 12:48:49 DEBUG    [SA_03] AudioProvider: CACHE HIT
2026-09-08 12:48:49 DEBUG    [SA_03] TEXT PLAY
2026-09-08 12:48:53 DEBUG    [SA_03] Slider: factor_pause_before_translation = 3.0900000000000003
2026-09-08 12:48:54 DEBUG    [SA_03] TEXT_END
2026-09-08 12:48:54 DEBUG    [SA_03] ACTION: {'action': 'WAIT', 'source': 'pause_before_translation'}
2026-09-08 12:48:56 DEBUG    [SA_03] PAUSE_END
2026-09-08 12:48:56 DEBUG    [SA_03] ACTION: {'action': 'HIDE', 'target': 'top'}
2026-09-08 12:48:56 INFO     [SA_03] SCENARIO FINISHED
2026-09-08 12:48:56 DEBUG    [SA_03] FINISH_ITEM: repeat 2/2
2026-09-08 12:48:56 DEBUG    [SA_03] PREPARE_ITEM #13
2026-09-08 12:48:56 DEBUG    [SA_03] ACTION: {'action': 'HIDE', 'target': 'bottom'}
2026-09-08 12:48:56 DEBUG    [SA_03] ACTION: {'action': 'SHOW', 'target': 'top', 'content': 'phrase_text'}
2026-09-08 12:48:56 DEBUG    [SA_03] ACTION: {'action': 'PLAY', 'source': 'phrase_text'}
2026-09-08 12:48:56 DEBUG    [SA_03] AudioProvider: CACHE MISS
2026-09-08 12:48:57 DEBUG    [SA_03] TEXT PLAY
2026-09-08 12:49:01 DEBUG    [SA_03] TEXT_END
2026-09-08 12:49:01 DEBUG    [SA_03] ACTION: {'action': 'WAIT', 'source': 'pause_before_translation'}
2026-09-08 12:49:06 DEBUG    [SA_03] PAUSE_END
2026-09-08 12:49:06 DEBUG    [SA_03] ACTION: {'action': 'HIDE', 'target': 'top'}
2026-09-08 12:49:06 INFO     [SA_03] SCENARIO FINISHED
2026-09-08 12:49:06 DEBUG    [SA_03] FINISH_ITEM: repeat 1/2
2026-09-08 12:49:06 DEBUG    [SA_03] ACTION: {'action': 'HIDE', 'target': 'bottom'}
2026-09-08 12:49:06 DEBUG    [SA_03] ACTION: {'action': 'SHOW', 'target': 'top', 'content': 'phrase_text'}
2026-09-08 12:49:06 DEBUG    [SA_03] ACTION: {'action': 'PLAY', 'source': 'phrase_text'}
2026-09-08 12:49:06 DEBUG    [SA_03] AudioProvider: CACHE HIT
2026-09-08 12:49:06 DEBUG    [SA_03] TEXT PLAY
2026-09-08 12:49:10 DEBUG    [SA_03] TEXT_END
2026-09-08 12:49:10 DEBUG    [SA_03] ACTION: {'action': 'WAIT', 'source': 'pause_before_translation'}
2026-09-08 12:49:12 DEBUG    [SA_03] Slider: pause_between_sentences = 6355.555555555555
2026-09-08 12:49:15 DEBUG    [SA_03] PAUSE_END
2026-09-08 12:49:15 DEBUG    [SA_03] ACTION: {'action': 'HIDE', 'target': 'top'}
2026-09-08 12:49:15 INFO     [SA_03] SCENARIO FINISHED
2026-09-08 12:49:15 DEBUG    [SA_03] FINISH_ITEM: repeat 2/2
2026-09-08 12:49:15 DEBUG    [SA_03] PREPARE_ITEM #14
2026-09-08 12:49:15 DEBUG    [SA_03] ACTION: {'action': 'HIDE', 'target': 'bottom'}
2026-09-08 12:49:15 DEBUG    [SA_03] ACTION: {'action': 'SHOW', 'target': 'top', 'content': 'phrase_text'}
2026-09-08 12:49:15 DEBUG    [SA_03] ACTION: {'action': 'PLAY', 'source': 'phrase_text'}
2026-09-08 12:49:15 DEBUG    [SA_03] AudioProvider: CACHE MISS
2026-09-08 12:49:16 DEBUG    [SA_03] TEXT PLAY
2026-09-08 12:49:18 DEBUG    [SA_03] Slider: factor_pause_before_translation = 3.61
2026-09-08 12:49:21 DEBUG    [SA_03] TEXT_END
2026-09-08 12:49:21 DEBUG    [SA_03] ACTION: {'action': 'WAIT', 'source': 'pause_before_translation'}
2026-09-08 12:49:26 DEBUG    [SA_03] PAUSE_END
2026-09-08 12:49:27 DEBUG    [SA_03] ACTION: {'action': 'HIDE', 'target': 'top'}
2026-09-08 12:49:27 INFO     [SA_03] SCENARIO FINISHED
2026-09-08 12:49:27 DEBUG    [SA_03] FINISH_ITEM: repeat 1/2
2026-09-08 12:49:27 DEBUG    [SA_03] ACTION: {'action': 'HIDE', 'target': 'bottom'}
2026-09-08 12:49:27 DEBUG    [SA_03] ACTION: {'action': 'SHOW', 'target': 'top', 'content': 'phrase_text'}
2026-09-08 12:49:27 DEBUG    [SA_03] ACTION: {'action': 'PLAY', 'source': 'phrase_text'}
2026-09-08 12:49:27 DEBUG    [SA_03] AudioProvider: CACHE HIT
2026-09-08 12:49:27 DEBUG    [SA_03] TEXT PLAY
2026-09-08 12:49:32 DEBUG    [SA_03] TEXT_END
2026-09-08 12:49:32 DEBUG    [SA_03] ACTION: {'action': 'WAIT', 'source': 'pause_before_translation'}
2026-09-08 12:49:38 DEBUG    [SA_03] PAUSE_END
2026-09-08 12:49:38 DEBUG    [SA_03] ACTION: {'action': 'HIDE', 'target': 'top'}
2026-09-08 12:49:38 INFO     [SA_03] SCENARIO FINISHED
2026-09-08 12:49:38 DEBUG    [SA_03] FINISH_ITEM: repeat 2/2
2026-09-08 12:49:38 DEBUG    [SA_03] PREPARE_ITEM #15
2026-09-08 12:49:38 DEBUG    [SA_03] ACTION: {'action': 'HIDE', 'target': 'bottom'}
2026-09-08 12:49:38 DEBUG    [SA_03] ACTION: {'action': 'SHOW', 'target': 'top', 'content': 'phrase_text'}
2026-09-08 12:49:38 DEBUG    [SA_03] ACTION: {'action': 'PLAY', 'source': 'phrase_text'}
2026-09-08 12:49:38 DEBUG    [SA_03] AudioProvider: CACHE MISS
2026-09-08 12:49:39 DEBUG    [SA_03] TEXT PLAY
2026-09-08 12:49:43 DEBUG    [SA_03] TEXT_END
2026-09-08 12:49:43 DEBUG    [SA_03] ACTION: {'action': 'WAIT', 'source': 'pause_before_translation'}
2026-09-08 12:49:49 DEBUG    [SA_03] PAUSE_END
2026-09-08 12:49:49 DEBUG    [SA_03] ACTION: {'action': 'HIDE', 'target': 'top'}
2026-09-08 12:49:49 INFO     [SA_03] SCENARIO FINISHED
2026-09-08 12:49:49 DEBUG    [SA_03] FINISH_ITEM: repeat 1/2
2026-09-08 12:49:49 DEBUG    [SA_03] ACTION: {'action': 'HIDE', 'target': 'bottom'}
2026-09-08 12:49:49 DEBUG    [SA_03] ACTION: {'action': 'SHOW', 'target': 'top', 'content': 'phrase_text'}
2026-09-08 12:49:49 DEBUG    [SA_03] ACTION: {'action': 'PLAY', 'source': 'phrase_text'}
2026-09-08 12:49:49 DEBUG    [SA_03] AudioProvider: CACHE HIT
2026-09-08 12:49:49 DEBUG    [SA_03] TEXT PLAY
2026-09-08 12:49:54 DEBUG    [SA_03] TEXT_END
2026-09-08 12:49:54 DEBUG    [SA_03] ACTION: {'action': 'WAIT', 'source': 'pause_before_translation'}
2026-09-08 12:50:00 DEBUG    [SA_03] Button: pause
2026-09-08 12:50:04 DEBUG    [SA_03] Button: db
2026-09-08 12:50:05 INFO     [SA_03] Database sets loaded: 20
2026-09-08 12:50:05 DEBUG    [SA_03] Selected set: English A1
2026-09-08 12:50:12 DEBUG    [SA_03] Button: settodb
2026-09-08 12:50:18 DEBUG    [SA_03] SETTO​DB user_id=2
2026-09-08 12:50:18 DEBUG    [SA_03] SETTO​DB data items=98
2026-09-08 12:50:19 INFO     [SA_03] Session saved to database: {'set_id': 57}
2026-09-08 12:50:20 INFO     [SA_03] Database sets loaded: 21
2026-09-08 12:50:20 DEBUG    [SA_03] Selected set: English A1
2026-09-08 12:50:26 DEBUG    [SA_03] Selected set: Dictation - dictation
2026-09-08 12:50:29 DEBUG    [SA_03] Button: dbtoset
2026-09-08 12:50:31 DEBUG    [SA_03] DBTOSET set_id=57
2026-09-08 12:50:31 INFO     [SA_03] Set loaded into session: 57
2026-09-08 12:52:58 DEBUG    [SA_03] Button: datatodb
2026-09-08 12:53:00 DEBUG    [SA_03] DATATODB set_id=57
2026-09-08 12:53:01 INFO     [SA_03] Data saved to database: {'set_id': 57, 'set_name': 'Polish Dictation B1', 'set_description': 'Question and answer for electricity examine', 'set_update_date': '2026-09-08T10:52:58'}
2026-09-08 12:53:02 INFO     [SA_03] Database sets loaded: 21
2026-09-08 12:53:02 DEBUG    [SA_03] Selected set: Polish Dictation B1
2026-09-08 12:53:12 DEBUG    [SA_03] Button: play
2026-09-08 12:53:12 DEBUG    [SA_03] PREPARE_ITEM #0
2026-09-08 12:53:12 DEBUG    [SA_03] ACTION: {'action': 'HIDE', 'target': 'bottom'}
2026-09-08 12:53:12 DEBUG    [SA_03] ACTION: {'action': 'SHOW', 'target': 'top', 'content': 'phrase_text'}
2026-09-08 12:53:12 DEBUG    [SA_03] ACTION: {'action': 'PLAY', 'source': 'phrase_text'}
2026-09-08 12:53:12 DEBUG    [SA_03] AudioProvider: CACHE MISS
2026-09-08 12:53:12 DEBUG    [SA_03] TEXT PLAY
2026-09-08 12:53:17 DEBUG    [SA_03] TEXT_END
2026-09-08 12:53:17 DEBUG    [SA_03] ACTION: {'action': 'WAIT', 'source': 'pause_before_translation'}
2026-09-08 12:53:18 DEBUG    [SA_03] Button: db
2026-09-08 12:53:19 DEBUG    [SA_03] PAUSE_END
2026-09-08 12:53:19 DEBUG    [SA_03] ACTION: {'action': 'HIDE', 'target': 'top'}
2026-09-08 12:53:19 INFO     [SA_03] SCENARIO FINISHED
2026-09-08 12:53:19 DEBUG    [SA_03] FINISH_ITEM: repeat 1/2
2026-09-08 12:53:19 DEBUG    [SA_03] ACTION: {'action': 'HIDE', 'target': 'bottom'}
2026-09-08 12:53:19 DEBUG    [SA_03] ACTION: {'action': 'SHOW', 'target': 'top', 'content': 'phrase_text'}
2026-09-08 12:53:19 DEBUG    [SA_03] ACTION: {'action': 'PLAY', 'source': 'phrase_text'}
2026-09-08 12:53:19 DEBUG    [SA_03] AudioProvider: CACHE HIT
2026-09-08 12:53:19 DEBUG    [SA_03] TEXT PLAY
2026-09-08 12:53:19 INFO     [SA_03] Database sets loaded: 21
2026-09-08 12:53:19 DEBUG    [SA_03] Selected set: English A1
2026-09-08 12:53:24 DEBUG    [SA_03] TEXT_END
2026-09-08 12:53:24 DEBUG    [SA_03] Selected set: Polish Dictation B1
2026-09-08 12:53:24 DEBUG    [SA_03] ACTION: {'action': 'WAIT', 'source': 'pause_before_translation'}
2026-09-08 12:53:26 DEBUG    [SA_03] PAUSE_END
2026-09-08 12:53:26 DEBUG    [SA_03] ACTION: {'action': 'HIDE', 'target': 'top'}
2026-09-08 12:53:26 INFO     [SA_03] SCENARIO FINISHED
2026-09-08 12:53:26 DEBUG    [SA_03] FINISH_ITEM: repeat 2/2
2026-09-08 12:53:26 DEBUG    [SA_03] PREPARE_ITEM #1
2026-09-08 12:53:26 DEBUG    [SA_03] ACTION: {'action': 'HIDE', 'target': 'bottom'}
2026-09-08 12:53:26 DEBUG    [SA_03] ACTION: {'action': 'SHOW', 'target': 'top', 'content': 'phrase_text'}
2026-09-08 12:53:26 DEBUG    [SA_03] ACTION: {'action': 'PLAY', 'source': 'phrase_text'}
2026-09-08 12:53:26 DEBUG    [SA_03] AudioProvider: CACHE MISS
2026-09-08 12:53:27 DEBUG    [SA_03] TEXT PLAY
2026-09-08 12:53:27 DEBUG    [SA_03] Button: dbtoset
2026-09-08 12:53:28 DEBUG    [SA_03] DBTOSET set_id=57
2026-09-08 12:53:30 INFO     [SA_03] Set loaded into session: 57
2026-09-08 12:53:31 DEBUG    [SA_03] TEXT_END
2026-09-08 12:53:31 DEBUG    [SA_03] ACTION: {'action': 'WAIT', 'source': 'pause_before_translation'}
2026-09-08 12:53:33 DEBUG    [SA_03] Button: first
2026-09-08 12:53:33 DEBUG    [SA_03] PREPARE_ITEM #0
2026-09-08 12:53:33 DEBUG    [SA_03] ACTION: {'action': 'HIDE', 'target': 'bottom'}
2026-09-08 12:53:33 DEBUG    [SA_03] ACTION: {'action': 'SHOW', 'target': 'top', 'content': 'phrase_text'}
2026-09-08 12:53:33 DEBUG    [SA_03] ACTION: {'action': 'PLAY', 'source': 'phrase_text'}
2026-09-08 12:53:33 DEBUG    [SA_03] AudioProvider: CACHE HIT
2026-09-08 12:53:33 DEBUG    [SA_03] TEXT PLAY
2026-09-08 12:53:35 DEBUG    [SA_03] Button: play
2026-09-08 12:53:35 DEBUG    [SA_03] PREPARE_ITEM #0
2026-09-08 12:53:35 DEBUG    [SA_03] ACTION: {'action': 'HIDE', 'target': 'bottom'}
2026-09-08 12:53:35 DEBUG    [SA_03] ACTION: {'action': 'SHOW', 'target': 'top', 'content': 'phrase_text'}
2026-09-08 12:53:35 DEBUG    [SA_03] ACTION: {'action': 'PLAY', 'source': 'phrase_text'}
2026-09-08 12:53:35 DEBUG    [SA_03] AudioProvider: CACHE HIT
2026-09-08 12:53:35 DEBUG    [SA_03] TEXT PLAY
2026-09-08 12:53:39 DEBUG    [SA_03] TEXT_END
2026-09-08 12:53:39 DEBUG    [SA_03] ACTION: {'action': 'WAIT', 'source': 'pause_before_translation'}
2026-09-08 12:53:41 DEBUG    [SA_03] PAUSE_END
2026-09-08 12:53:41 DEBUG    [SA_03] ACTION: {'action': 'HIDE', 'target': 'top'}
2026-09-08 12:53:41 INFO     [SA_03] SCENARIO FINISHED
2026-09-08 12:53:41 DEBUG    [SA_03] FINISH_ITEM: repeat 1/2
2026-09-08 12:53:41 DEBUG    [SA_03] ACTION: {'action': 'HIDE', 'target': 'bottom'}
2026-09-08 12:53:41 DEBUG    [SA_03] ACTION: {'action': 'SHOW', 'target': 'top', 'content': 'phrase_text'}
2026-09-08 12:53:41 DEBUG    [SA_03] ACTION: {'action': 'PLAY', 'source': 'phrase_text'}
2026-09-08 12:53:41 DEBUG    [SA_03] AudioProvider: CACHE HIT
2026-09-08 12:53:42 DEBUG    [SA_03] TEXT PLAY
2026-09-08 12:53:45 DEBUG    [SA_03] Button: next
2026-09-08 12:53:45 DEBUG    [SA_03] PREPARE_ITEM #1
2026-09-08 12:53:45 DEBUG    [SA_03] ACTION: {'action': 'HIDE', 'target': 'bottom'}
2026-09-08 12:53:45 DEBUG    [SA_03] ACTION: {'action': 'SHOW', 'target': 'top', 'content': 'phrase_text'}
2026-09-08 12:53:45 DEBUG    [SA_03] ACTION: {'action': 'PLAY', 'source': 'phrase_text'}
2026-09-08 12:53:45 DEBUG    [SA_03] AudioProvider: CACHE HIT
2026-09-08 12:53:45 DEBUG    [SA_03] TEXT PLAY
2026-09-08 12:53:47 DEBUG    [SA_03] Button: next
2026-09-08 12:53:47 DEBUG    [SA_03] PREPARE_ITEM #2
2026-09-08 12:53:47 DEBUG    [SA_03] ACTION: {'action': 'HIDE', 'target': 'bottom'}
2026-09-08 12:53:47 DEBUG    [SA_03] ACTION: {'action': 'SHOW', 'target': 'top', 'content': 'phrase_text'}
2026-09-08 12:53:47 DEBUG    [SA_03] ACTION: {'action': 'PLAY', 'source': 'phrase_text'}
2026-09-08 12:53:47 DEBUG    [SA_03] AudioProvider: CACHE MISS
2026-09-08 12:53:48 DEBUG    [SA_03] TEXT PLAY
2026-09-08 12:53:49 DEBUG    [SA_03] Button: next
2026-09-08 12:53:49 DEBUG    [SA_03] PREPARE_ITEM #3
2026-09-08 12:53:49 DEBUG    [SA_03] ACTION: {'action': 'HIDE', 'target': 'bottom'}
2026-09-08 12:53:49 DEBUG    [SA_03] ACTION: {'action': 'SHOW', 'target': 'top', 'content': 'phrase_text'}
2026-09-08 12:53:49 DEBUG    [SA_03] ACTION: {'action': 'PLAY', 'source': 'phrase_text'}
2026-09-08 12:53:49 DEBUG    [SA_03] AudioProvider: CACHE MISS
2026-09-08 12:53:51 DEBUG    [SA_03] TEXT PLAY
2026-09-08 12:53:51 DEBUG    [SA_03] Button: next
2026-09-08 12:53:51 DEBUG    [SA_03] PREPARE_ITEM #4
2026-09-08 12:53:51 DEBUG    [SA_03] ACTION: {'action': 'HIDE', 'target': 'bottom'}
2026-09-08 12:53:51 DEBUG    [SA_03] ACTION: {'action': 'SHOW', 'target': 'top', 'content': 'phrase_text'}
2026-09-08 12:53:51 DEBUG    [SA_03] ACTION: {'action': 'PLAY', 'source': 'phrase_text'}
2026-09-08 12:53:51 DEBUG    [SA_03] AudioProvider: CACHE MISS
2026-09-08 12:53:52 DEBUG    [SA_03] TEXT PLAY
2026-09-08 12:53:53 DEBUG    [SA_03] Button: next
2026-09-08 12:53:53 DEBUG    [SA_03] PREPARE_ITEM #5
2026-09-08 12:53:53 DEBUG    [SA_03] ACTION: {'action': 'HIDE', 'target': 'bottom'}
2026-09-08 12:53:53 DEBUG    [SA_03] ACTION: {'action': 'SHOW', 'target': 'top', 'content': 'phrase_text'}
2026-09-08 12:53:53 DEBUG    [SA_03] ACTION: {'action': 'PLAY', 'source': 'phrase_text'}
2026-09-08 12:53:53 DEBUG    [SA_03] AudioProvider: CACHE MISS
2026-09-08 12:53:53 DEBUG    [SA_03] Button: next
2026-09-08 12:53:53 DEBUG    [SA_03] PREPARE_ITEM #6
2026-09-08 12:53:53 DEBUG    [SA_03] ACTION: {'action': 'HIDE', 'target': 'bottom'}
2026-09-08 12:53:53 DEBUG    [SA_03] ACTION: {'action': 'SHOW', 'target': 'top', 'content': 'phrase_text'}
2026-09-08 12:53:53 DEBUG    [SA_03] ACTION: {'action': 'PLAY', 'source': 'phrase_text'}
2026-09-08 12:53:54 DEBUG    [SA_03] AudioProvider: CACHE MISS
2026-09-08 12:53:54 DEBUG    [SA_03] Button: next
2026-09-08 12:53:54 DEBUG    [SA_03] PREPARE_ITEM #7
2026-09-08 12:53:54 DEBUG    [SA_03] ACTION: {'action': 'HIDE', 'target': 'bottom'}
2026-09-08 12:53:54 DEBUG    [SA_03] ACTION: {'action': 'SHOW', 'target': 'top', 'content': 'phrase_text'}
2026-09-08 12:53:54 DEBUG    [SA_03] ACTION: {'action': 'PLAY', 'source': 'phrase_text'}
2026-09-08 12:53:54 DEBUG    [SA_03] AudioProvider: CACHE MISS
2026-09-08 12:53:55 DEBUG    [SA_03] Button: next
2026-09-08 12:53:55 DEBUG    [SA_03] PREPARE_ITEM #8
2026-09-08 12:53:55 DEBUG    [SA_03] ACTION: {'action': 'HIDE', 'target': 'bottom'}
2026-09-08 12:53:55 DEBUG    [SA_03] ACTION: {'action': 'SHOW', 'target': 'top', 'content': 'phrase_text'}
2026-09-08 12:53:55 DEBUG    [SA_03] ACTION: {'action': 'PLAY', 'source': 'phrase_text'}
2026-09-08 12:53:55 DEBUG    [SA_03] AudioProvider: CACHE MISS
2026-09-08 12:53:56 DEBUG    [SA_03] TEXT PLAY
2026-09-08 12:53:56 DEBUG    [SA_03] Button: next
2026-09-08 12:53:56 DEBUG    [SA_03] PREPARE_ITEM #9
2026-09-08 12:53:56 DEBUG    [SA_03] ACTION: {'action': 'HIDE', 'target': 'bottom'}
2026-09-08 12:53:56 DEBUG    [SA_03] ACTION: {'action': 'SHOW', 'target': 'top', 'content': 'phrase_text'}
2026-09-08 12:53:56 DEBUG    [SA_03] ACTION: {'action': 'PLAY', 'source': 'phrase_text'}
2026-09-08 12:53:56 DEBUG    [SA_03] AudioProvider: CACHE MISS
2026-09-08 12:53:57 DEBUG    [SA_03] Button: next
2026-09-08 12:53:57 DEBUG    [SA_03] PREPARE_ITEM #10
2026-09-08 12:53:57 DEBUG    [SA_03] ACTION: {'action': 'HIDE', 'target': 'bottom'}
2026-09-08 12:53:57 DEBUG    [SA_03] ACTION: {'action': 'SHOW', 'target': 'top', 'content': 'phrase_text'}
2026-09-08 12:53:57 DEBUG    [SA_03] ACTION: {'action': 'PLAY', 'source': 'phrase_text'}
2026-09-08 12:53:57 DEBUG    [SA_03] AudioProvider: CACHE MISS
2026-09-08 12:53:57 DEBUG    [SA_03] TEXT PLAY
2026-09-08 12:53:58 DEBUG    [SA_03] Button: pause
2026-09-08 12:53:59 DEBUG    [SA_03] Button: next
2026-09-08 12:53:59 DEBUG    [SA_03] Button: next
2026-09-08 12:54:00 DEBUG    [SA_03] Button: next
2026-09-08 12:54:00 DEBUG    [SA_03] Button: next
2026-09-08 12:54:01 DEBUG    [SA_03] Button: play
2026-09-08 12:54:01 DEBUG    [SA_03] PREPARE_ITEM #14
2026-09-08 12:54:01 DEBUG    [SA_03] ACTION: {'action': 'HIDE', 'target': 'bottom'}
2026-09-08 12:54:01 DEBUG    [SA_03] ACTION: {'action': 'SHOW', 'target': 'top', 'content': 'phrase_text'}
2026-09-08 12:54:01 DEBUG    [SA_03] ACTION: {'action': 'PLAY', 'source': 'phrase_text'}
2026-09-08 12:54:01 DEBUG    [SA_03] AudioProvider: CACHE HIT
2026-09-08 12:54:01 DEBUG    [SA_03] TEXT PLAY
2026-09-08 12:54:02 DEBUG    [SA_03] Button: next
2026-09-08 12:54:02 DEBUG    [SA_03] PREPARE_ITEM #15
2026-09-08 12:54:02 DEBUG    [SA_03] ACTION: {'action': 'HIDE', 'target': 'bottom'}
2026-09-08 12:54:02 DEBUG    [SA_03] ACTION: {'action': 'SHOW', 'target': 'top', 'content': 'phrase_text'}
2026-09-08 12:54:02 DEBUG    [SA_03] ACTION: {'action': 'PLAY', 'source': 'phrase_text'}
2026-09-08 12:54:02 DEBUG    [SA_03] AudioProvider: CACHE HIT
2026-09-08 12:54:02 DEBUG    [SA_03] TEXT PLAY
2026-09-08 12:54:02 DEBUG    [SA_03] Button: next
2026-09-08 12:54:02 DEBUG    [SA_03] PREPARE_ITEM #16
2026-09-08 12:54:02 DEBUG    [SA_03] ACTION: {'action': 'HIDE', 'target': 'bottom'}
2026-09-08 12:54:02 DEBUG    [SA_03] ACTION: {'action': 'SHOW', 'target': 'top', 'content': 'phrase_text'}
2026-09-08 12:54:02 DEBUG    [SA_03] ACTION: {'action': 'PLAY', 'source': 'phrase_text'}
2026-09-08 12:54:02 DEBUG    [SA_03] AudioProvider: CACHE MISS
2026-09-08 12:54:03 DEBUG    [SA_03] Button: next
2026-09-08 12:54:03 DEBUG    [SA_03] PREPARE_ITEM #17
2026-09-08 12:54:03 DEBUG    [SA_03] ACTION: {'action': 'HIDE', 'target': 'bottom'}
2026-09-08 12:54:03 DEBUG    [SA_03] ACTION: {'action': 'SHOW', 'target': 'top', 'content': 'phrase_text'}
2026-09-08 12:54:03 DEBUG    [SA_03] ACTION: {'action': 'PLAY', 'source': 'phrase_text'}
2026-09-08 12:54:03 DEBUG    [SA_03] AudioProvider: CACHE MISS
2026-09-08 12:54:03 DEBUG    [SA_03] Button: next
2026-09-08 12:54:03 DEBUG    [SA_03] PREPARE_ITEM #18
2026-09-08 12:54:03 DEBUG    [SA_03] ACTION: {'action': 'HIDE', 'target': 'bottom'}
2026-09-08 12:54:03 DEBUG    [SA_03] ACTION: {'action': 'SHOW', 'target': 'top', 'content': 'phrase_text'}
2026-09-08 12:54:03 DEBUG    [SA_03] ACTION: {'action': 'PLAY', 'source': 'phrase_text'}
2026-09-08 12:54:03 DEBUG    [SA_03] AudioProvider: CACHE MISS
2026-09-08 12:54:03 DEBUG    [SA_03] Button: next
2026-09-08 12:54:03 DEBUG    [SA_03] PREPARE_ITEM #19
2026-09-08 12:54:03 DEBUG    [SA_03] ACTION: {'action': 'HIDE', 'target': 'bottom'}
2026-09-08 12:54:03 DEBUG    [SA_03] ACTION: {'action': 'SHOW', 'target': 'top', 'content': 'phrase_text'}
2026-09-08 12:54:03 DEBUG    [SA_03] ACTION: {'action': 'PLAY', 'source': 'phrase_text'}
2026-09-08 12:54:03 DEBUG    [SA_03] AudioProvider: CACHE MISS
2026-09-08 12:54:04 DEBUG    [SA_03] Button: next
2026-09-08 12:54:04 DEBUG    [SA_03] PREPARE_ITEM #20
2026-09-08 12:54:04 DEBUG    [SA_03] ACTION: {'action': 'HIDE', 'target': 'bottom'}
2026-09-08 12:54:04 DEBUG    [SA_03] ACTION: {'action': 'SHOW', 'target': 'top', 'content': 'phrase_text'}
2026-09-08 12:54:04 DEBUG    [SA_03] ACTION: {'action': 'PLAY', 'source': 'phrase_text'}
2026-09-08 12:54:04 DEBUG    [SA_03] AudioProvider: CACHE MISS
2026-09-08 12:54:04 DEBUG    [SA_03] Button: next
2026-09-08 12:54:04 DEBUG    [SA_03] PREPARE_ITEM #21
2026-09-08 12:54:04 DEBUG    [SA_03] ACTION: {'action': 'HIDE', 'target': 'bottom'}
2026-09-08 12:54:04 DEBUG    [SA_03] ACTION: {'action': 'SHOW', 'target': 'top', 'content': 'phrase_text'}
2026-09-08 12:54:04 DEBUG    [SA_03] ACTION: {'action': 'PLAY', 'source': 'phrase_text'}
2026-09-08 12:54:04 DEBUG    [SA_03] AudioProvider: CACHE MISS
2026-09-08 12:54:04 DEBUG    [SA_03] Button: next
2026-09-08 12:54:04 DEBUG    [SA_03] PREPARE_ITEM #22
2026-09-08 12:54:04 DEBUG    [SA_03] ACTION: {'action': 'HIDE', 'target': 'bottom'}
2026-09-08 12:54:04 DEBUG    [SA_03] ACTION: {'action': 'SHOW', 'target': 'top', 'content': 'phrase_text'}
2026-09-08 12:54:04 DEBUG    [SA_03] ACTION: {'action': 'PLAY', 'source': 'phrase_text'}
2026-09-08 12:54:04 DEBUG    [SA_03] AudioProvider: CACHE MISS
2026-09-08 12:54:04 DEBUG    [SA_03] Button: next
2026-09-08 12:54:04 DEBUG    [SA_03] PREPARE_ITEM #23
2026-09-08 12:54:04 DEBUG    [SA_03] ACTION: {'action': 'HIDE', 'target': 'bottom'}
2026-09-08 12:54:04 DEBUG    [SA_03] ACTION: {'action': 'SHOW', 'target': 'top', 'content': 'phrase_text'}
2026-09-08 12:54:04 DEBUG    [SA_03] ACTION: {'action': 'PLAY', 'source': 'phrase_text'}
2026-09-08 12:54:04 DEBUG    [SA_03] AudioProvider: CACHE MISS
2026-09-08 12:54:04 DEBUG    [SA_03] Button: next
2026-09-08 12:54:04 DEBUG    [SA_03] PREPARE_ITEM #24
2026-09-08 12:54:04 DEBUG    [SA_03] ACTION: {'action': 'HIDE', 'target': 'bottom'}
2026-09-08 12:54:05 DEBUG    [SA_03] ACTION: {'action': 'SHOW', 'target': 'top', 'content': 'phrase_text'}
2026-09-08 12:54:05 DEBUG    [SA_03] ACTION: {'action': 'PLAY', 'source': 'phrase_text'}
2026-09-08 12:54:05 DEBUG    [SA_03] AudioProvider: CACHE MISS
2026-09-08 12:54:05 DEBUG    [SA_03] TEXT PLAY
2026-09-08 12:54:08 DEBUG    [SA_03] Button: prev
2026-09-08 12:54:08 DEBUG    [SA_03] PREPARE_ITEM #23
2026-09-08 12:54:08 DEBUG    [SA_03] ACTION: {'action': 'HIDE', 'target': 'bottom'}
2026-09-08 12:54:08 DEBUG    [SA_03] ACTION: {'action': 'SHOW', 'target': 'top', 'content': 'phrase_text'}
2026-09-08 12:54:08 DEBUG    [SA_03] ACTION: {'action': 'PLAY', 'source': 'phrase_text'}
2026-09-08 12:54:08 DEBUG    [SA_03] AudioProvider: CACHE MISS
2026-09-08 12:54:08 DEBUG    [SA_03] Button: prev
2026-09-08 12:54:08 DEBUG    [SA_03] PREPARE_ITEM #22
2026-09-08 12:54:08 DEBUG    [SA_03] ACTION: {'action': 'HIDE', 'target': 'bottom'}
2026-09-08 12:54:08 DEBUG    [SA_03] ACTION: {'action': 'SHOW', 'target': 'top', 'content': 'phrase_text'}
2026-09-08 12:54:08 DEBUG    [SA_03] ACTION: {'action': 'PLAY', 'source': 'phrase_text'}
2026-09-08 12:54:08 DEBUG    [SA_03] AudioProvider: CACHE MISS
2026-09-08 12:54:08 DEBUG    [SA_03] Button: prev
2026-09-08 12:54:08 DEBUG    [SA_03] PREPARE_ITEM #21
2026-09-08 12:54:08 DEBUG    [SA_03] ACTION: {'action': 'HIDE', 'target': 'bottom'}
2026-09-08 12:54:08 DEBUG    [SA_03] ACTION: {'action': 'SHOW', 'target': 'top', 'content': 'phrase_text'}
2026-09-08 12:54:08 DEBUG    [SA_03] ACTION: {'action': 'PLAY', 'source': 'phrase_text'}
2026-09-08 12:54:08 DEBUG    [SA_03] AudioProvider: CACHE MISS
2026-09-08 12:54:08 DEBUG    [SA_03] Button: prev
2026-09-08 12:54:08 DEBUG    [SA_03] PREPARE_ITEM #20
2026-09-08 12:54:08 DEBUG    [SA_03] ACTION: {'action': 'HIDE', 'target': 'bottom'}
2026-09-08 12:54:08 DEBUG    [SA_03] ACTION: {'action': 'SHOW', 'target': 'top', 'content': 'phrase_text'}
2026-09-08 12:54:08 DEBUG    [SA_03] ACTION: {'action': 'PLAY', 'source': 'phrase_text'}
2026-09-08 12:54:08 DEBUG    [SA_03] AudioProvider: CACHE MISS
2026-09-08 12:54:09 DEBUG    [SA_03] Button: prev
2026-09-08 12:54:09 DEBUG    [SA_03] PREPARE_ITEM #19
2026-09-08 12:54:09 DEBUG    [SA_03] ACTION: {'action': 'HIDE', 'target': 'bottom'}
2026-09-08 12:54:09 DEBUG    [SA_03] ACTION: {'action': 'SHOW', 'target': 'top', 'content': 'phrase_text'}
2026-09-08 12:54:09 DEBUG    [SA_03] ACTION: {'action': 'PLAY', 'source': 'phrase_text'}
2026-09-08 12:54:09 DEBUG    [SA_03] AudioProvider: CACHE MISS
2026-09-08 12:54:09 DEBUG    [SA_03] Button: prev
2026-09-08 12:54:09 DEBUG    [SA_03] PREPARE_ITEM #18
2026-09-08 12:54:09 DEBUG    [SA_03] ACTION: {'action': 'HIDE', 'target': 'bottom'}
2026-09-08 12:54:09 DEBUG    [SA_03] ACTION: {'action': 'SHOW', 'target': 'top', 'content': 'phrase_text'}
2026-09-08 12:54:09 DEBUG    [SA_03] ACTION: {'action': 'PLAY', 'source': 'phrase_text'}
2026-09-08 12:54:09 DEBUG    [SA_03] AudioProvider: CACHE MISS
2026-09-08 12:54:09 DEBUG    [SA_03] Button: prev
2026-09-08 12:54:09 DEBUG    [SA_03] PREPARE_ITEM #17
2026-09-08 12:54:09 DEBUG    [SA_03] ACTION: {'action': 'HIDE', 'target': 'bottom'}
2026-09-08 12:54:09 DEBUG    [SA_03] ACTION: {'action': 'SHOW', 'target': 'top', 'content': 'phrase_text'}
2026-09-08 12:54:09 DEBUG    [SA_03] ACTION: {'action': 'PLAY', 'source': 'phrase_text'}
2026-09-08 12:54:09 DEBUG    [SA_03] AudioProvider: CACHE MISS
2026-09-08 12:54:09 DEBUG    [SA_03] Button: prev
2026-09-08 12:54:09 DEBUG    [SA_03] PREPARE_ITEM #16
2026-09-08 12:54:09 DEBUG    [SA_03] ACTION: {'action': 'HIDE', 'target': 'bottom'}
2026-09-08 12:54:09 DEBUG    [SA_03] ACTION: {'action': 'SHOW', 'target': 'top', 'content': 'phrase_text'}
2026-09-08 12:54:09 DEBUG    [SA_03] ACTION: {'action': 'PLAY', 'source': 'phrase_text'}
2026-09-08 12:54:09 DEBUG    [SA_03] AudioProvider: CACHE MISS
2026-09-08 12:54:10 DEBUG    [SA_03] Button: prev
2026-09-08 12:54:10 DEBUG    [SA_03] PREPARE_ITEM #15
2026-09-08 12:54:10 DEBUG    [SA_03] ACTION: {'action': 'HIDE', 'target': 'bottom'}
2026-09-08 12:54:10 DEBUG    [SA_03] ACTION: {'action': 'SHOW', 'target': 'top', 'content': 'phrase_text'}
2026-09-08 12:54:10 DEBUG    [SA_03] ACTION: {'action': 'PLAY', 'source': 'phrase_text'}
2026-09-08 12:54:10 DEBUG    [SA_03] AudioProvider: CACHE HIT
2026-09-08 12:54:10 DEBUG    [SA_03] TEXT PLAY
2026-09-08 12:54:10 DEBUG    [SA_03] Button: prev
2026-09-08 12:54:10 DEBUG    [SA_03] PREPARE_ITEM #14
2026-09-08 12:54:10 DEBUG    [SA_03] ACTION: {'action': 'HIDE', 'target': 'bottom'}
2026-09-08 12:54:10 DEBUG    [SA_03] ACTION: {'action': 'SHOW', 'target': 'top', 'content': 'phrase_text'}
2026-09-08 12:54:10 DEBUG    [SA_03] ACTION: {'action': 'PLAY', 'source': 'phrase_text'}
2026-09-08 12:54:10 DEBUG    [SA_03] AudioProvider: CACHE HIT
2026-09-08 12:54:10 DEBUG    [SA_03] TEXT PLAY
2026-09-08 12:54:12 DEBUG    [SA_03] Button: pause
2026-09-08 12:54:13 DEBUG    [SA_03] Button: next
2026-09-08 12:54:13 DEBUG    [SA_03] Button: next
2026-09-08 12:54:13 DEBUG    [SA_03] Button: next
2026-09-08 12:54:14 DEBUG    [SA_03] Button: next
2026-09-08 12:54:15 DEBUG    [SA_03] Button: pause
2026-09-08 12:54:16 DEBUG    [SA_03] Button: play
2026-09-08 12:54:16 DEBUG    [SA_03] PREPARE_ITEM #18
2026-09-08 12:54:16 DEBUG    [SA_03] ACTION: {'action': 'HIDE', 'target': 'bottom'}
2026-09-08 12:54:16 DEBUG    [SA_03] ACTION: {'action': 'SHOW', 'target': 'top', 'content': 'phrase_text'}
2026-09-08 12:54:16 DEBUG    [SA_03] ACTION: {'action': 'PLAY', 'source': 'phrase_text'}
2026-09-08 12:54:16 DEBUG    [SA_03] AudioProvider: CACHE MISS
2026-09-08 12:54:17 DEBUG    [SA_03] Button: stop
2026-09-08 12:54:18 DEBUG    [SA_03] Button: next
2026-09-08 12:54:18 DEBUG    [SA_03] Button: next
2026-09-08 12:54:18 DEBUG    [SA_03] Button: next
2026-09-08 12:54:19 DEBUG    [SA_03] Button: next
2026-09-08 12:54:20 DEBUG    [SA_03] Button: play
2026-09-08 12:54:20 DEBUG    [SA_03] PREPARE_ITEM #22
2026-09-08 12:54:20 DEBUG    [SA_03] ACTION: {'action': 'HIDE', 'target': 'bottom'}
2026-09-08 12:54:20 DEBUG    [SA_03] ACTION: {'action': 'SHOW', 'target': 'top', 'content': 'phrase_text'}
2026-09-08 12:54:20 DEBUG    [SA_03] ACTION: {'action': 'PLAY', 'source': 'phrase_text'}
2026-09-08 12:54:20 DEBUG    [SA_03] AudioProvider: CACHE MISS
2026-09-08 12:54:20 DEBUG    [SA_03] TEXT PLAY
2026-09-08 12:54:21 DEBUG    [SA_03] Button: next
2026-09-08 12:54:21 DEBUG    [SA_03] PREPARE_ITEM #23
2026-09-08 12:54:21 DEBUG    [SA_03] ACTION: {'action': 'HIDE', 'target': 'bottom'}
2026-09-08 12:54:21 DEBUG    [SA_03] ACTION: {'action': 'SHOW', 'target': 'top', 'content': 'phrase_text'}
2026-09-08 12:54:21 DEBUG    [SA_03] ACTION: {'action': 'PLAY', 'source': 'phrase_text'}
2026-09-08 12:54:21 DEBUG    [SA_03] AudioProvider: CACHE MISS
2026-09-08 12:54:22 DEBUG    [SA_03] Button: next
2026-09-08 12:54:22 DEBUG    [SA_03] PREPARE_ITEM #24
2026-09-08 12:54:22 DEBUG    [SA_03] ACTION: {'action': 'HIDE', 'target': 'bottom'}
2026-09-08 12:54:22 DEBUG    [SA_03] ACTION: {'action': 'SHOW', 'target': 'top', 'content': 'phrase_text'}
2026-09-08 12:54:22 DEBUG    [SA_03] ACTION: {'action': 'PLAY', 'source': 'phrase_text'}
2026-09-08 12:54:22 DEBUG    [SA_03] AudioProvider: CACHE HIT
2026-09-08 12:54:22 DEBUG    [SA_03] TEXT PLAY
2026-09-08 12:54:22 DEBUG    [SA_03] Button: next
2026-09-08 12:54:22 DEBUG    [SA_03] PREPARE_ITEM #25
2026-09-08 12:54:22 DEBUG    [SA_03] ACTION: {'action': 'HIDE', 'target': 'bottom'}
2026-09-08 12:54:22 DEBUG    [SA_03] ACTION: {'action': 'SHOW', 'target': 'top', 'content': 'phrase_text'}
2026-09-08 12:54:22 DEBUG    [SA_03] ACTION: {'action': 'PLAY', 'source': 'phrase_text'}
2026-09-08 12:54:22 DEBUG    [SA_03] AudioProvider: CACHE MISS
2026-09-08 12:54:22 DEBUG    [SA_03] Button: next
2026-09-08 12:54:22 DEBUG    [SA_03] PREPARE_ITEM #26
2026-09-08 12:54:22 DEBUG    [SA_03] ACTION: {'action': 'HIDE', 'target': 'bottom'}
2026-09-08 12:54:22 DEBUG    [SA_03] ACTION: {'action': 'SHOW', 'target': 'top', 'content': 'phrase_text'}
2026-09-08 12:54:22 DEBUG    [SA_03] ACTION: {'action': 'PLAY', 'source': 'phrase_text'}
2026-09-08 12:54:22 DEBUG    [SA_03] AudioProvider: CACHE MISS
2026-09-08 12:54:22 DEBUG    [SA_03] Button: next
2026-09-08 12:54:22 DEBUG    [SA_03] PREPARE_ITEM #27
2026-09-08 12:54:22 DEBUG    [SA_03] ACTION: {'action': 'HIDE', 'target': 'bottom'}
2026-09-08 12:54:22 DEBUG    [SA_03] ACTION: {'action': 'SHOW', 'target': 'top', 'content': 'phrase_text'}
2026-09-08 12:54:22 DEBUG    [SA_03] ACTION: {'action': 'PLAY', 'source': 'phrase_text'}
2026-09-08 12:54:22 DEBUG    [SA_03] AudioProvider: CACHE MISS
2026-09-08 12:54:22 DEBUG    [SA_03] Button: next
2026-09-08 12:54:22 DEBUG    [SA_03] PREPARE_ITEM #28
2026-09-08 12:54:22 DEBUG    [SA_03] ACTION: {'action': 'HIDE', 'target': 'bottom'}
2026-09-08 12:54:22 DEBUG    [SA_03] ACTION: {'action': 'SHOW', 'target': 'top', 'content': 'phrase_text'}
2026-09-08 12:54:22 DEBUG    [SA_03] ACTION: {'action': 'PLAY', 'source': 'phrase_text'}
2026-09-08 12:54:22 DEBUG    [SA_03] AudioProvider: CACHE MISS
2026-09-08 12:54:23 DEBUG    [SA_03] Button: next
2026-09-08 12:54:23 DEBUG    [SA_03] PREPARE_ITEM #29
2026-09-08 12:54:23 DEBUG    [SA_03] ACTION: {'action': 'HIDE', 'target': 'bottom'}
2026-09-08 12:54:23 DEBUG    [SA_03] ACTION: {'action': 'SHOW', 'target': 'top', 'content': 'phrase_text'}
2026-09-08 12:54:23 DEBUG    [SA_03] ACTION: {'action': 'PLAY', 'source': 'phrase_text'}
2026-09-08 12:54:23 DEBUG    [SA_03] AudioProvider: CACHE MISS
2026-09-08 12:54:23 DEBUG    [SA_03] Button: next
2026-09-08 12:54:23 DEBUG    [SA_03] PREPARE_ITEM #30
2026-09-08 12:54:23 DEBUG    [SA_03] ACTION: {'action': 'HIDE', 'target': 'bottom'}
2026-09-08 12:54:23 DEBUG    [SA_03] ACTION: {'action': 'SHOW', 'target': 'top', 'content': 'phrase_text'}
2026-09-08 12:54:23 DEBUG    [SA_03] ACTION: {'action': 'PLAY', 'source': 'phrase_text'}
2026-09-08 12:54:23 DEBUG    [SA_03] AudioProvider: CACHE MISS
2026-09-08 12:54:23 DEBUG    [SA_03] Button: next
2026-09-08 12:54:23 DEBUG    [SA_03] PREPARE_ITEM #31
2026-09-08 12:54:23 DEBUG    [SA_03] ACTION: {'action': 'HIDE', 'target': 'bottom'}
2026-09-08 12:54:23 DEBUG    [SA_03] ACTION: {'action': 'SHOW', 'target': 'top', 'content': 'phrase_text'}
2026-09-08 12:54:23 DEBUG    [SA_03] ACTION: {'action': 'PLAY', 'source': 'phrase_text'}
2026-09-08 12:54:23 DEBUG    [SA_03] AudioProvider: CACHE MISS
2026-09-08 12:54:23 DEBUG    [SA_03] Button: next
2026-09-08 12:54:23 DEBUG    [SA_03] PREPARE_ITEM #32
2026-09-08 12:54:23 DEBUG    [SA_03] ACTION: {'action': 'HIDE', 'target': 'bottom'}
2026-09-08 12:54:23 DEBUG    [SA_03] ACTION: {'action': 'SHOW', 'target': 'top', 'content': 'phrase_text'}
2026-09-08 12:54:23 DEBUG    [SA_03] ACTION: {'action': 'PLAY', 'source': 'phrase_text'}
2026-09-08 12:54:23 DEBUG    [SA_03] AudioProvider: CACHE MISS
2026-09-08 12:54:23 DEBUG    [SA_03] Button: next
2026-09-08 12:54:23 DEBUG    [SA_03] PREPARE_ITEM #33
2026-09-08 12:54:23 DEBUG    [SA_03] ACTION: {'action': 'HIDE', 'target': 'bottom'}
2026-09-08 12:54:23 DEBUG    [SA_03] ACTION: {'action': 'SHOW', 'target': 'top', 'content': 'phrase_text'}
2026-09-08 12:54:23 DEBUG    [SA_03] ACTION: {'action': 'PLAY', 'source': 'phrase_text'}
2026-09-08 12:54:23 DEBUG    [SA_03] AudioProvider: CACHE MISS
2026-09-08 12:54:24 DEBUG    [SA_03] Button: next
2026-09-08 12:54:24 DEBUG    [SA_03] PREPARE_ITEM #34
2026-09-08 12:54:24 DEBUG    [SA_03] ACTION: {'action': 'HIDE', 'target': 'bottom'}
2026-09-08 12:54:24 DEBUG    [SA_03] ACTION: {'action': 'SHOW', 'target': 'top', 'content': 'phrase_text'}
2026-09-08 12:54:24 DEBUG    [SA_03] ACTION: {'action': 'PLAY', 'source': 'phrase_text'}
2026-09-08 12:54:24 DEBUG    [SA_03] AudioProvider: CACHE MISS
2026-09-08 12:54:24 DEBUG    [SA_03] Button: next
2026-09-08 12:54:24 DEBUG    [SA_03] PREPARE_ITEM #35
2026-09-08 12:54:24 DEBUG    [SA_03] ACTION: {'action': 'HIDE', 'target': 'bottom'}
2026-09-08 12:54:24 DEBUG    [SA_03] ACTION: {'action': 'SHOW', 'target': 'top', 'content': 'phrase_text'}
2026-09-08 12:54:24 DEBUG    [SA_03] ACTION: {'action': 'PLAY', 'source': 'phrase_text'}
2026-09-08 12:54:24 DEBUG    [SA_03] AudioProvider: CACHE MISS
2026-09-08 12:54:24 DEBUG    [SA_03] Button: next
2026-09-08 12:54:24 DEBUG    [SA_03] PREPARE_ITEM #36
2026-09-08 12:54:24 DEBUG    [SA_03] ACTION: {'action': 'HIDE', 'target': 'bottom'}
2026-09-08 12:54:24 DEBUG    [SA_03] ACTION: {'action': 'SHOW', 'target': 'top', 'content': 'phrase_text'}
2026-09-08 12:54:24 DEBUG    [SA_03] ACTION: {'action': 'PLAY', 'source': 'phrase_text'}
2026-09-08 12:54:24 DEBUG    [SA_03] AudioProvider: CACHE MISS
2026-09-08 12:54:25 DEBUG    [SA_03] TEXT PLAY
2026-09-08 12:54:30 DEBUG    [SA_03] TEXT_END
2026-09-08 12:54:30 DEBUG    [SA_03] ACTION: {'action': 'WAIT', 'source': 'pause_before_translation'}
2026-09-08 12:54:36 DEBUG    [SA_03] PAUSE_END
2026-09-08 12:54:36 DEBUG    [SA_03] ACTION: {'action': 'HIDE', 'target': 'top'}
2026-09-08 12:54:36 INFO     [SA_03] SCENARIO FINISHED
2026-09-08 12:54:36 DEBUG    [SA_03] FINISH_ITEM: repeat 1/2
2026-09-08 12:54:36 DEBUG    [SA_03] ACTION: {'action': 'HIDE', 'target': 'bottom'}
2026-09-08 12:54:36 DEBUG    [SA_03] ACTION: {'action': 'SHOW', 'target': 'top', 'content': 'phrase_text'}
2026-09-08 12:54:36 DEBUG    [SA_03] ACTION: {'action': 'PLAY', 'source': 'phrase_text'}
2026-09-08 12:54:36 DEBUG    [SA_03] AudioProvider: CACHE HIT
2026-09-08 12:54:36 DEBUG    [SA_03] TEXT PLAY
2026-09-08 12:54:42 DEBUG    [SA_03] TEXT_END
2026-09-08 12:54:42 DEBUG    [SA_03] ACTION: {'action': 'WAIT', 'source': 'pause_before_translation'}
2026-09-08 12:54:48 DEBUG    [SA_03] PAUSE_END
2026-09-08 12:54:48 DEBUG    [SA_03] ACTION: {'action': 'HIDE', 'target': 'top'}
2026-09-08 12:54:48 INFO     [SA_03] SCENARIO FINISHED
2026-09-08 12:54:48 DEBUG    [SA_03] FINISH_ITEM: repeat 2/2
2026-09-08 12:54:48 DEBUG    [SA_03] PREPARE_ITEM #37
2026-09-08 12:54:48 DEBUG    [SA_03] ACTION: {'action': 'HIDE', 'target': 'bottom'}
2026-09-08 12:54:48 DEBUG    [SA_03] ACTION: {'action': 'SHOW', 'target': 'top', 'content': 'phrase_text'}
2026-09-08 12:54:48 DEBUG    [SA_03] ACTION: {'action': 'PLAY', 'source': 'phrase_text'}
2026-09-08 12:54:48 DEBUG    [SA_03] AudioProvider: CACHE MISS
2026-09-08 12:54:49 DEBUG    [SA_03] TEXT PLAY
2026-09-08 12:54:53 DEBUG    [SA_03] TEXT_END
2026-09-08 12:54:53 DEBUG    [SA_03] ACTION: {'action': 'WAIT', 'source': 'pause_before_translation'}
2026-09-08 12:54:58 DEBUG    [SA_03] PAUSE_END
2026-09-08 12:54:58 DEBUG    [SA_03] ACTION: {'action': 'HIDE', 'target': 'top'}
2026-09-08 12:54:58 INFO     [SA_03] SCENARIO FINISHED
2026-09-08 12:54:58 DEBUG    [SA_03] FINISH_ITEM: repeat 1/2
2026-09-08 12:54:58 DEBUG    [SA_03] ACTION: {'action': 'HIDE', 'target': 'bottom'}
2026-09-08 12:54:58 DEBUG    [SA_03] ACTION: {'action': 'SHOW', 'target': 'top', 'content': 'phrase_text'}
2026-09-08 12:54:58 DEBUG    [SA_03] ACTION: {'action': 'PLAY', 'source': 'phrase_text'}
2026-09-08 12:54:58 DEBUG    [SA_03] AudioProvider: CACHE HIT
2026-09-08 12:54:58 DEBUG    [SA_03] TEXT PLAY
2026-09-08 12:55:02 DEBUG    [SA_03] TEXT_END
2026-09-08 12:55:02 DEBUG    [SA_03] ACTION: {'action': 'WAIT', 'source': 'pause_before_translation'}
2026-09-08 12:55:07 DEBUG    [SA_03] PAUSE_END
2026-09-08 12:55:07 DEBUG    [SA_03] ACTION: {'action': 'HIDE', 'target': 'top'}
2026-09-08 12:55:07 INFO     [SA_03] SCENARIO FINISHED
2026-09-08 12:55:07 DEBUG    [SA_03] FINISH_ITEM: repeat 2/2
2026-09-08 12:55:07 DEBUG    [SA_03] PREPARE_ITEM #38
2026-09-08 12:55:07 DEBUG    [SA_03] ACTION: {'action': 'HIDE', 'target': 'bottom'}
2026-09-08 12:55:07 DEBUG    [SA_03] ACTION: {'action': 'SHOW', 'target': 'top', 'content': 'phrase_text'}
2026-09-08 12:55:07 DEBUG    [SA_03] ACTION: {'action': 'PLAY', 'source': 'phrase_text'}
2026-09-08 12:55:07 DEBUG    [SA_03] AudioProvider: CACHE MISS
2026-09-08 12:55:08 DEBUG    [SA_03] TEXT PLAY
2026-09-08 12:55:15 DEBUG    [SA_03] TEXT_END
2026-09-08 12:55:15 DEBUG    [SA_03] ACTION: {'action': 'WAIT', 'source': 'pause_before_translation'}
2026-09-08 12:55:25 DEBUG    [SA_03] PAUSE_END
2026-09-08 12:55:25 DEBUG    [SA_03] ACTION: {'action': 'HIDE', 'target': 'top'}
2026-09-08 12:55:25 INFO     [SA_03] SCENARIO FINISHED
2026-09-08 12:55:25 DEBUG    [SA_03] FINISH_ITEM: repeat 1/2
2026-09-08 12:55:25 DEBUG    [SA_03] ACTION: {'action': 'HIDE', 'target': 'bottom'}
2026-09-08 12:55:25 DEBUG    [SA_03] ACTION: {'action': 'SHOW', 'target': 'top', 'content': 'phrase_text'}
2026-09-08 12:55:25 DEBUG    [SA_03] ACTION: {'action': 'PLAY', 'source': 'phrase_text'}
2026-09-08 12:55:25 DEBUG    [SA_03] AudioProvider: CACHE HIT
2026-09-08 12:55:25 DEBUG    [SA_03] TEXT PLAY
2026-09-08 12:55:32 DEBUG    [SA_03] TEXT_END
2026-09-08 12:55:32 DEBUG    [SA_03] ACTION: {'action': 'WAIT', 'source': 'pause_before_translation'}
2026-09-08 12:55:32 DEBUG    [SA_03] Button: pause
2026-09-08 12:55:50 DEBUG    [SA_03] Button: settings
2026-09-08 12:55:50 DEBUG    [SA_03] INITIAL ITEM: phrase_code = pl phrase_locale = pl-PL phrase_voice = pl-PL-ZofiaNeural
2026-09-08 12:55:50 DEBUG    [SA_03] INITIAL SOURCE: language = pl locale = pl-PL voice = 
2026-09-08 12:55:51 DEBUG    [SA_03] Target language: en
2026-09-08 12:55:51 DEBUG    [SA_03] Target locale: en-US
2026-09-08 12:56:13 DEBUG    [SA_03] Button: db
2026-09-08 12:56:14 INFO     [SA_03] Database sets loaded: 21
2026-09-08 12:56:14 DEBUG    [SA_03] Selected set: English A1
2026-09-08 12:56:16 DEBUG    [SA_03] Button: settoexcel
2026-09-08 12:56:36 INFO     [SA_03] Session exported to Excel: C:/Users/liudm/SadowingApp/SA_03/tmp/PolishDictatiom-98.xlsx
2026-09-08 12:56:57 DEBUG    [SA_03] Button: settings
2026-09-08 12:56:57 DEBUG    [SA_03] INITIAL ITEM: phrase_code = pl phrase_locale = pl-PL phrase_voice = pl-PL-ZofiaNeural
2026-09-08 12:56:57 DEBUG    [SA_03] INITIAL SOURCE: language = pl locale = pl-PL voice = 
2026-09-08 12:56:58 DEBUG    [SA_03] Target language: en
2026-09-08 12:56:58 DEBUG    [SA_03] Target locale: en-US
2026-09-08 12:57:00 DEBUG    [SA_03] Scenario: shadowing
2026-09-08 12:57:31 ERROR    [SA_03] Checking source language before generation...
2026-09-08 12:57:32 INFO     [SA_03] Detected language: pl
2026-09-08 12:57:32 DEBUG    [SA_03] Generate language check: source = pl detected = pl
2026-09-08 12:57:32 DEBUG    [SA_03] Source language matches.
2026-09-08 12:57:32 INFO     [SA_03] Generator: ShadowingGenerator
2026-09-08 12:57:32 INFO     [SA_03] Generating plan...
2026-09-08 12:58:23 INFO     [SA_03] 
2026-09-08 12:58:23 INFO     [SA_03] ==============
2026-09-08 12:58:23 INFO     [SA_03] PLAN GENERATED
2026-09-08 12:58:23 INFO     [SA_03] ==============
2026-09-08 12:58:23 INFO     [SA_03] Items: 82
2026-09-08 12:58:23 INFO     [SA_03] --------------
2026-09-08 12:58:23 INFO     [SA_03] 1 phrase_text | pause: 804 | repeat: 1
2026-09-08 12:58:23 INFO     [SA_03] 2 phrase_text | pause: 804 | repeat: 1
2026-09-08 12:58:23 INFO     [SA_03] 3 Co to jest prąd elektryczny? | pause: 2112 | repeat: 1
2026-09-08 12:58:23 INFO     [SA_03] 4 – Prąd elektryczny to uporządkowany ruch ładunków elektrycznych. | pause: 2736 | repeat: 1
2026-09-08 12:58:23 INFO     [SA_03] 5 Co jest bardziej niebezpieczne dla człowieka –
napięcie czy prąd? | pause: 3060 | repeat: 1
2026-09-08 12:58:23 INFO     [SA_03] 6 – Niebezpieczny jest prąd przepływający przez ciało człowieka. | pause: 2728 | repeat: 1
2026-09-08 12:58:23 INFO     [SA_03] 7 Jakie napięcie uważa się za bezpieczne? | pause: 2316 | repeat: 1
2026-09-08 12:58:23 INFO     [SA_03] 8 – Do 50 V prądu przemiennego
lub do 120 V prądu stałego. | pause: 3344 | repeat: 1
2026-09-08 12:58:23 INFO     [SA_03] 9 Co to jest uziemienie ochronne? | pause: 2124 | repeat: 1
2026-09-08 12:58:23 INFO     [SA_03] 10 – Połączenie dostępnych części przewodzących z ziemią
w celu ochrony przed porażeniem. | pause: 3464 | repeat: 1
2026-09-08 12:58:23 INFO     [SA_03] 11 Do czego służy przewód ochronny PE? | pause: 2300 | repeat: 1
2026-09-08 12:58:23 INFO     [SA_03] 12 – Do ochrony przed porażeniem
i odprowadzenia prądu uszkodzeniowego. | pause: 2912 | repeat: 1
2026-09-08 12:58:23 INFO     [SA_03] 13 Co oznacza skrót RCD? | pause: 1924 | repeat: 1
2026-09-08 12:58:23 INFO     [SA_03] 14 – Wyłącznik różnicowoprądowy. | pause: 1796 | repeat: 1
2026-09-08 12:58:23 INFO     [SA_03] 15 Przy jakim prądzie najczęściej działa wyłącznik RCD? | pause: 2528 | repeat: 1
2026-09-08 12:58:23 INFO     [SA_03] 16 – Przy prądzie różnicowym 30 mA. | pause: 2288 | repeat: 1
2026-09-08 12:58:23 INFO     [SA_03] 17 Czy wolno pracować pod napięciem
bez odpowiednich uprawnień? | pause: 2720 | repeat: 1
2026-09-08 12:58:23 INFO     [SA_03] 18 – Nie wolno. | pause: 1728 | repeat: 1
2026-09-08 12:58:23 INFO     [SA_03] 19 Co należy zrobić przed rozpoczęciem pracy
przy urządzeniu elektrycznym? | pause: 2924 | repeat: 1
2026-09-08 12:58:23 INFO     [SA_03] 20 – Wyłączyć zasilanie, sprawdzić brak napięcia
i zabezpieczyć miejsce pracy. | pause: 3260 | repeat: 1
2026-09-08 12:58:23 INFO     [SA_03] 21 Czym sprawdza się brak napięcia? | pause: 2128 | repeat: 1
2026-09-08 12:58:23 INFO     [SA_03] 22 – Sprawnym wskaźnikiem napięcia. | pause: 1968 | repeat: 1
2026-09-08 12:58:23 INFO     [SA_03] 23 Czy wolno sprawdzać obecność napięcia palcem? | pause: 2340 | repeat: 1
2026-09-08 12:58:23 INFO     [SA_03] 24 – Nie, jest to zabronione i niebezpieczne. | pause: 2648 | repeat: 1
2026-09-08 12:58:23 INFO     [SA_03] 25 Co oznacza znak z żółtym trójkątem i błyskawicą? | pause: 2672 | repeat: 1
2026-09-08 12:58:23 INFO     [SA_03] 26 – Ostrzeżenie przed porażeniem prądem elektrycznym. | pause: 2364 | repeat: 1
2026-09-08 12:58:23 INFO     [SA_03] 27 Co należy zrobić, gdy człowiek jest porażony prądem? | pause: 2848 | repeat: 1
2026-09-08 12:58:23 INFO     [SA_03] 28 – Najpierw odłączyć napięcie
lub bezpiecznie uwolnić poszkodowanego. | pause: 2752 | repeat: 1
2026-09-08 12:58:23 INFO     [SA_03] 29 Kiedy rozpoczyna się resuscytację krążeniowo-oddechową? | pause: 2520 | repeat: 1
2026-09-08 12:58:23 INFO     [SA_03] 30 – Gdy poszkodowany nie oddycha prawidłowo
i jest nieprzytomny. | pause: 2888 | repeat: 1
2026-09-08 12:58:23 INFO     [SA_03] 31 Jaki jest stosunek uciśnięć do oddechów podczas RKO? | pause: 2688 | repeat: 1
2026-09-08 12:58:23 INFO     [SA_03] 32 – 30 uciśnięć i 2 oddechy. | pause: 2264 | repeat: 1
2026-09-08 12:58:23 INFO     [SA_03] 33 Jaki jest numer alarmowy w Polsce? | pause: 2296 | repeat: 1
2026-09-08 12:58:23 INFO     [SA_03] 34 – 112. | pause: 1544 | repeat: 1
2026-09-08 12:58:23 INFO     [SA_03] 35 Co to jest zwarcie? | pause: 1916 | repeat: 1
2026-09-08 12:58:23 INFO     [SA_03] 36 – Połączenie przewodów o bardzo małej rezystancji. | pause: 2520 | repeat: 1
2026-09-08 12:58:23 INFO     [SA_03] 37 Czym grozi zwarcie? | pause: 1756 | repeat: 1
2026-09-08 12:58:23 INFO     [SA_03] 38 – Uszkodzeniem urządzeń, pożarem i porażeniem. | pause: 2504 | repeat: 1
2026-09-08 12:58:23 INFO     [SA_03] 39 Do czego służy wyłącznik nadprądowy? | pause: 2144 | repeat: 1
2026-09-08 12:58:23 INFO     [SA_03] 40 – Do ochrony przed przeciążeniem i zwarciem. | pause: 2496 | repeat: 1
2026-09-08 12:58:23 INFO     [SA_03] 41 Co to jest przeciążenie? | pause: 1936 | repeat: 1
2026-09-08 12:58:23 INFO     [SA_03] 42 – Przepływ prądu większego od dopuszczalnego
przez dłuższy czas. | pause: 2896 | repeat: 1
2026-09-08 12:58:23 INFO     [SA_03] 43 Co oznacza stopień ochrony IP44? | pause: 2128 | repeat: 1
2026-09-08 12:58:23 INFO     [SA_03] 44 – Ochronę przed ciałami obcymi i bryzgami wody. | pause: 2668 | repeat: 1
2026-09-08 12:58:23 INFO     [SA_03] 45 Jakie środki ochrony indywidualnej stosuje elektryk? | pause: 2368 | repeat: 1
2026-09-08 12:58:23 INFO     [SA_03] 46 – Rękawice dielektryczne, obuwie ochronne,
kask i okulary. | pause: 3032 | repeat: 1
2026-09-08 12:58:23 INFO     [SA_03] 47 Czy można pracować mokrymi rękami? | pause: 2136 | repeat: 1
2026-09-08 12:58:23 INFO     [SA_03] 48 – Nie. | pause: 1544 | repeat: 1
2026-09-08 12:58:23 INFO     [SA_03] 49 Po co mierzy się rezystancję izolacji? | pause: 2312 | repeat: 1
2026-09-08 12:58:23 INFO     [SA_03] 50 – Aby sprawdzić stan izolacji przewodów i urządzeń. | pause: 2684 | repeat: 1
2026-09-08 12:58:23 INFO     [SA_03] 51 Co oznacza ciągłość przewodu ochronnego? | pause: 2160 | repeat: 1
2026-09-08 12:58:23 INFO     [SA_03] 52 – Pewne i nieprzerwane połączenie przewodu PE. | pause: 2504 | repeat: 1
2026-09-08 12:58:23 INFO     [SA_03] 53 Kto może wykonywać prace przy urządzeniach elektrycznych? | pause: 2548 | repeat: 1
2026-09-08 12:58:23 INFO     [SA_03] 54 – Osoba posiadająca odpowiednie kwalifikacje SEP. | pause: 2356 | repeat: 1
2026-09-08 12:58:23 INFO     [SA_03] 55 Co obejmuje eksploatacja urządzeń elektrycznych? | pause: 2192 | repeat: 1
2026-09-08 12:58:23 INFO     [SA_03] 56 – Obsługę, konserwację, remonty, montaż i pomiary. | pause: 3000 | repeat: 1
2026-09-08 12:58:23 INFO     [SA_03] 57 Co to są oględziny instalacji elektrycznej? | pause: 2332 | repeat: 1
2026-09-08 12:58:23 INFO     [SA_03] 58 – Ocena jej stanu technicznego
bez wykonywania pomiarów. | pause: 2704 | repeat: 1
2026-09-08 12:58:23 INFO     [SA_03] 59 Co należy zrobić z uszkodzonym przewodem? | pause: 2324 | repeat: 1
2026-09-08 12:58:23 INFO     [SA_03] 60 – Natychmiast wycofać go z użytkowania. | pause: 2316 | repeat: 1
2026-09-08 12:58:23 INFO     [SA_03] 61 Czy wolno zastępować bezpiecznik drutem? | pause: 2160 | repeat: 1
2026-09-08 12:58:23 INFO     [SA_03] 62 – Nie wolno. | pause: 1728 | repeat: 1
2026-09-08 12:58:23 INFO     [SA_03] 63 Dlaczego nie wolno przeciążać przedłużaczy? | pause: 2172 | repeat: 1
2026-09-08 12:58:23 INFO     [SA_03] 64 – Ponieważ mogą się przegrzać
i spowodować pożar. | pause: 2676 | repeat: 1
2026-09-08 12:58:23 INFO     [SA_03] 65 Co oznaczają przewody L, N i PE? | pause: 2608 | repeat: 1
2026-09-08 12:58:23 INFO     [SA_03] 66 – L – fazowy, N – neutralny, PE – ochronny. | pause: 3292 | repeat: 1
2026-09-08 12:58:23 INFO     [SA_03] 67 Jaki kolor ma przewód ochronny PE? | pause: 2296 | repeat: 1
2026-09-08 12:58:23 INFO     [SA_03] 68 – Żółto-zielony. | pause: 1884 | repeat: 1
2026-09-08 12:58:23 INFO     [SA_03] 69 Jaki kolor ma przewód neutralny N? | pause: 2296 | repeat: 1
2026-09-08 12:58:23 INFO     [SA_03] 70 – Niebieski. | pause: 1568 | repeat: 1
2026-09-08 12:58:23 INFO     [SA_03] 71 Co to jest napięcie dotykowe? | pause: 2116 | repeat: 1
2026-09-08 12:58:23 INFO     [SA_03] 72 – Napięcie występujące między dostępną częścią urządzenia
a ziemią. | pause: 2908 | repeat: 1
2026-09-08 12:58:23 INFO     [SA_03] 73 Dlaczego wykonuje się okresowe pomiary instalacji? | pause: 2360 | repeat: 1
2026-09-08 12:58:23 INFO     [SA_03] 74 – Aby potwierdzić bezpieczeństwo użytkowania. | pause: 2180 | repeat: 1
2026-09-08 12:58:23 INFO     [SA_03] 75 Co należy sprawdzić przed użyciem elektronarzędzia? | pause: 2364 | repeat: 1
2026-09-08 12:58:23 INFO     [SA_03] 76 – Stan przewodu, wtyczki, obudowy
i działanie urządzenia. | pause: 3028 | repeat: 1
2026-09-08 12:58:23 INFO     [SA_03] 77 Czy wolno używać uszkodzonego elektronarzędzia? | pause: 2188 | repeat: 1
2026-09-08 12:58:23 INFO     [SA_03] 78 – Nie wolno. | pause: 1728 | repeat: 1
2026-09-08 12:58:23 INFO     [SA_03] 79 Jaka jest najczęstsza przyczyna porażenia prądem? | pause: 2356 | repeat: 1
2026-09-08 12:58:23 INFO     [SA_03] 80 – Dotknięcie części znajdujących się pod napięciem
lub uszkodzonej izolacji. | pause: 3104 | repeat: 1
2026-09-08 12:58:23 INFO     [SA_03] 81 Jaki jest podstawowy obowiązek osoby pracującej
przy urządzeniach elektrycznych? | pause: 2960 | repeat: 1
2026-09-08 12:58:23 INFO     [SA_03] 82 – Przestrzeganie zasad bezpieczeństwa i przepisów BHP. | pause: 2536 | repeat: 1
2026-09-08 12:58:23 INFO     [SA_03] ==============================
2026-09-08 12:58:23 INFO     [SA_03] 
2026-09-08 12:58:29 DEBUG    [SA_03] Button: play
2026-09-08 12:58:29 DEBUG    [SA_03] PREPARE_ITEM #0
2026-09-08 12:58:29 DEBUG    [SA_03] ACTION: {'action': 'SHOW', 'target': 'top', 'content': 'phrase_text'}
2026-09-08 12:58:29 DEBUG    [SA_03] ACTION: {'action': 'PLAY', 'source': 'phrase_text'}
2026-09-08 12:58:29 DEBUG    [SA_03] AudioProvider: CACHE HIT
2026-09-08 12:58:30 DEBUG    [SA_03] TEXT PLAY
2026-09-08 12:58:34 DEBUG    [SA_03] TEXT_END
2026-09-08 12:58:34 DEBUG    [SA_03] ACTION: {'action': 'WAIT', 'source': 'pause_before_translation'}
2026-09-08 12:58:37 DEBUG    [SA_03] PAUSE_END
2026-09-08 12:58:37 DEBUG    [SA_03] ACTION: {'action': 'SHOW', 'target': 'bottom', 'content': 'translate_text'}
2026-09-08 12:58:37 DEBUG    [SA_03] ACTION: {'action': 'PLAY', 'source': 'translate_text'}
2026-09-08 12:58:37 DEBUG    [SA_03] AudioProvider: CACHE MISS
2026-09-08 12:58:38 DEBUG    [SA_03] TRANSLATION PLAY
2026-09-08 12:58:41 DEBUG    [SA_03] TRANSLATION_END
2026-09-08 12:58:41 DEBUG    [SA_03] ACTION: {'action': 'WAIT', 'source': 'pause_between_sentences'}
2026-09-08 12:58:47 DEBUG    [SA_03] PAUSE_END
2026-09-08 12:58:47 DEBUG    [SA_03] ACTION: {'action': 'HIDE', 'target': 'top'}
2026-09-08 12:58:47 DEBUG    [SA_03] ACTION: {'action': 'HIDE', 'target': 'bottom'}
2026-09-08 12:58:47 INFO     [SA_03] SCENARIO FINISHED
2026-09-08 12:58:47 DEBUG    [SA_03] FINISH_ITEM: repeat 1/1
2026-09-08 12:58:47 DEBUG    [SA_03] PREPARE_ITEM #1
2026-09-08 12:58:47 DEBUG    [SA_03] ACTION: {'action': 'SHOW', 'target': 'top', 'content': 'phrase_text'}
2026-09-08 12:58:47 DEBUG    [SA_03] ACTION: {'action': 'PLAY', 'source': 'phrase_text'}
2026-09-08 12:58:47 DEBUG    [SA_03] AudioProvider: CACHE HIT
2026-09-08 12:58:47 DEBUG    [SA_03] TEXT PLAY
2026-09-08 12:58:48 DEBUG    [SA_03] Slider: voice_speed = 0.8883333333333332
2026-09-08 12:58:51 DEBUG    [SA_03] Slider: factor_pause_before_translation = 2.1366666666666667
2026-09-08 12:58:52 DEBUG    [SA_03] TEXT_END
2026-09-08 12:58:52 DEBUG    [SA_03] ACTION: {'action': 'WAIT', 'source': 'pause_before_translation'}
2026-09-08 12:58:55 DEBUG    [SA_03] PAUSE_END
2026-09-08 12:58:55 DEBUG    [SA_03] ACTION: {'action': 'SHOW', 'target': 'bottom', 'content': 'translate_text'}
2026-09-08 12:58:55 DEBUG    [SA_03] ACTION: {'action': 'PLAY', 'source': 'translate_text'}
2026-09-08 12:58:55 DEBUG    [SA_03] AudioProvider: CACHE MISS
2026-09-08 12:58:55 DEBUG    [SA_03] TRANSLATION PLAY
2026-09-08 12:58:57 DEBUG    [SA_03] TRANSLATION_END
2026-09-08 12:58:57 DEBUG    [SA_03] ACTION: {'action': 'WAIT', 'source': 'pause_between_sentences'}
2026-09-08 12:59:04 DEBUG    [SA_03] PAUSE_END
2026-09-08 12:59:04 DEBUG    [SA_03] ACTION: {'action': 'HIDE', 'target': 'top'}
2026-09-08 12:59:04 DEBUG    [SA_03] ACTION: {'action': 'HIDE', 'target': 'bottom'}
2026-09-08 12:59:04 INFO     [SA_03] SCENARIO FINISHED
2026-09-08 12:59:04 DEBUG    [SA_03] FINISH_ITEM: repeat 1/1
2026-09-08 12:59:04 DEBUG    [SA_03] PREPARE_ITEM #2
2026-09-08 12:59:04 DEBUG    [SA_03] ACTION: {'action': 'SHOW', 'target': 'top', 'content': 'phrase_text'}
2026-09-08 12:59:04 DEBUG    [SA_03] ACTION: {'action': 'PLAY', 'source': 'phrase_text'}
2026-09-08 12:59:04 DEBUG    [SA_03] AudioProvider: CACHE MISS
2026-09-08 12:59:04 DEBUG    [SA_03] TEXT PLAY
2026-09-08 12:59:07 DEBUG    [SA_03] TEXT_END
2026-09-08 12:59:07 DEBUG    [SA_03] ACTION: {'action': 'WAIT', 'source': 'pause_before_translation'}
2026-09-08 12:59:12 DEBUG    [SA_03] PAUSE_END
2026-09-08 12:59:12 DEBUG    [SA_03] ACTION: {'action': 'SHOW', 'target': 'bottom', 'content': 'translate_text'}
2026-09-08 12:59:12 DEBUG    [SA_03] ACTION: {'action': 'PLAY', 'source': 'translate_text'}
2026-09-08 12:59:12 DEBUG    [SA_03] AudioProvider: CACHE MISS
2026-09-08 12:59:13 DEBUG    [SA_03] TRANSLATION PLAY
2026-09-08 12:59:15 DEBUG    [SA_03] TRANSLATION_END
2026-09-08 12:59:15 DEBUG    [SA_03] ACTION: {'action': 'WAIT', 'source': 'pause_between_sentences'}
2026-09-08 12:59:21 DEBUG    [SA_03] PAUSE_END
2026-09-08 12:59:21 DEBUG    [SA_03] ACTION: {'action': 'HIDE', 'target': 'top'}
2026-09-08 12:59:21 DEBUG    [SA_03] ACTION: {'action': 'HIDE', 'target': 'bottom'}
2026-09-08 12:59:21 INFO     [SA_03] SCENARIO FINISHED
2026-09-08 12:59:21 DEBUG    [SA_03] FINISH_ITEM: repeat 1/1
2026-09-08 12:59:21 DEBUG    [SA_03] PREPARE_ITEM #3
2026-09-08 12:59:21 DEBUG    [SA_03] ACTION: {'action': 'SHOW', 'target': 'top', 'content': 'phrase_text'}
2026-09-08 12:59:21 DEBUG    [SA_03] ACTION: {'action': 'PLAY', 'source': 'phrase_text'}
2026-09-08 12:59:21 DEBUG    [SA_03] AudioProvider: CACHE MISS
2026-09-08 12:59:22 DEBUG    [SA_03] TEXT PLAY
2026-09-08 12:59:27 DEBUG    [SA_03] TEXT_END
2026-09-08 12:59:27 DEBUG    [SA_03] ACTION: {'action': 'WAIT', 'source': 'pause_before_translation'}
2026-09-08 12:59:33 DEBUG    [SA_03] PAUSE_END
2026-09-08 12:59:33 DEBUG    [SA_03] ACTION: {'action': 'SHOW', 'target': 'bottom', 'content': 'translate_text'}
2026-09-08 12:59:33 DEBUG    [SA_03] ACTION: {'action': 'PLAY', 'source': 'translate_text'}
2026-09-08 12:59:33 DEBUG    [SA_03] AudioProvider: CACHE MISS
2026-09-08 12:59:34 DEBUG    [SA_03] TRANSLATION PLAY
2026-09-08 12:59:38 DEBUG    [SA_03] TRANSLATION_END
2026-09-08 12:59:38 DEBUG    [SA_03] ACTION: {'action': 'WAIT', 'source': 'pause_between_sentences'}
2026-09-08 12:59:45 DEBUG    [SA_03] PAUSE_END
2026-09-08 12:59:45 DEBUG    [SA_03] ACTION: {'action': 'HIDE', 'target': 'top'}
2026-09-08 12:59:45 DEBUG    [SA_03] ACTION: {'action': 'HIDE', 'target': 'bottom'}
2026-09-08 12:59:45 INFO     [SA_03] SCENARIO FINISHED
2026-09-08 12:59:45 DEBUG    [SA_03] FINISH_ITEM: repeat 1/1
2026-09-08 12:59:45 DEBUG    [SA_03] PREPARE_ITEM #4
2026-09-08 12:59:45 DEBUG    [SA_03] ACTION: {'action': 'SHOW', 'target': 'top', 'content': 'phrase_text'}
2026-09-08 12:59:45 DEBUG    [SA_03] ACTION: {'action': 'PLAY', 'source': 'phrase_text'}
2026-09-08 12:59:45 DEBUG    [SA_03] AudioProvider: CACHE MISS
2026-09-08 12:59:46 DEBUG    [SA_03] TEXT PLAY
2026-09-08 12:59:51 DEBUG    [SA_03] TEXT_END
2026-09-08 12:59:52 DEBUG    [SA_03] ACTION: {'action': 'WAIT', 'source': 'pause_before_translation'}
2026-09-08 12:59:58 DEBUG    [SA_03] PAUSE_END
2026-09-08 12:59:58 DEBUG    [SA_03] ACTION: {'action': 'SHOW', 'target': 'bottom', 'content': 'translate_text'}
2026-09-08 12:59:58 DEBUG    [SA_03] ACTION: {'action': 'PLAY', 'source': 'translate_text'}
2026-09-08 12:59:58 DEBUG    [SA_03] AudioProvider: CACHE MISS
2026-09-08 12:59:59 DEBUG    [SA_03] TRANSLATION PLAY
2026-09-08 13:00:03 DEBUG    [SA_03] TRANSLATION_END
2026-09-08 13:00:03 DEBUG    [SA_03] ACTION: {'action': 'WAIT', 'source': 'pause_between_sentences'}
2026-09-08 13:00:10 DEBUG    [SA_03] PAUSE_END
2026-09-08 13:00:10 DEBUG    [SA_03] ACTION: {'action': 'HIDE', 'target': 'top'}
2026-09-08 13:00:10 DEBUG    [SA_03] ACTION: {'action': 'HIDE', 'target': 'bottom'}
2026-09-08 13:00:10 INFO     [SA_03] SCENARIO FINISHED
2026-09-08 13:00:10 DEBUG    [SA_03] FINISH_ITEM: repeat 1/1
2026-09-08 13:00:10 DEBUG    [SA_03] PREPARE_ITEM #5
2026-09-08 13:00:10 DEBUG    [SA_03] ACTION: {'action': 'SHOW', 'target': 'top', 'content': 'phrase_text'}
2026-09-08 13:00:10 DEBUG    [SA_03] ACTION: {'action': 'PLAY', 'source': 'phrase_text'}
2026-09-08 13:00:10 DEBUG    [SA_03] AudioProvider: CACHE MISS
2026-09-08 13:00:11 DEBUG    [SA_03] TEXT PLAY
2026-09-08 13:00:15 DEBUG    [SA_03] Button: pause
2026-09-08 13:00:23 DEBUG    [SA_03] Button: db
2026-09-08 13:00:24 INFO     [SA_03] Database sets loaded: 21
2026-09-08 13:00:24 DEBUG    [SA_03] Selected set: English A1
2026-09-08 13:00:27 DEBUG    [SA_03] Button: settodb
2026-09-08 13:00:28 DEBUG    [SA_03] SETTO​DB user_id=2
2026-09-08 13:00:28 DEBUG    [SA_03] SETTO​DB data items=82
2026-09-08 13:00:29 INFO     [SA_03] Session saved to database: {'set_id': 58}
2026-09-08 13:00:31 INFO     [SA_03] Database sets loaded: 22
2026-09-08 13:00:31 DEBUG    [SA_03] Selected set: English A1
2026-09-08 13:01:05 DEBUG    [SA_03] Button: play
2026-09-08 13:01:05 DEBUG    [SA_03] PREPARE_ITEM #5
2026-09-08 13:01:05 DEBUG    [SA_03] ACTION: {'action': 'SHOW', 'target': 'top', 'content': 'phrase_text'}
2026-09-08 13:01:05 DEBUG    [SA_03] ACTION: {'action': 'PLAY', 'source': 'phrase_text'}
2026-09-08 13:01:05 DEBUG    [SA_03] AudioProvider: CACHE HIT
2026-09-08 13:01:05 DEBUG    [SA_03] TEXT PLAY
2026-09-08 13:01:09 DEBUG    [SA_03] TEXT_END
2026-09-08 13:01:09 DEBUG    [SA_03] ACTION: {'action': 'WAIT', 'source': 'pause_before_translation'}
2026-09-08 13:01:13 DEBUG    [SA_03] Button: next
2026-09-08 13:01:13 DEBUG    [SA_03] PREPARE_ITEM #6
2026-09-08 13:01:13 DEBUG    [SA_03] ACTION: {'action': 'SHOW', 'target': 'top', 'content': 'phrase_text'}
2026-09-08 13:01:13 DEBUG    [SA_03] ACTION: {'action': 'PLAY', 'source': 'phrase_text'}
2026-09-08 13:01:13 DEBUG    [SA_03] AudioProvider: CACHE MISS
2026-09-08 13:01:13 DEBUG    [SA_03] Button: next
2026-09-08 13:01:13 DEBUG    [SA_03] PREPARE_ITEM #7
2026-09-08 13:01:13 DEBUG    [SA_03] ACTION: {'action': 'SHOW', 'target': 'top', 'content': 'phrase_text'}
2026-09-08 13:01:13 DEBUG    [SA_03] ACTION: {'action': 'PLAY', 'source': 'phrase_text'}
2026-09-08 13:01:14 DEBUG    [SA_03] AudioProvider: CACHE MISS
2026-09-08 13:01:14 DEBUG    [SA_03] Button: next
2026-09-08 13:01:14 DEBUG    [SA_03] PREPARE_ITEM #8
2026-09-08 13:01:14 DEBUG    [SA_03] ACTION: {'action': 'SHOW', 'target': 'top', 'content': 'phrase_text'}
2026-09-08 13:01:14 DEBUG    [SA_03] ACTION: {'action': 'PLAY', 'source': 'phrase_text'}
2026-09-08 13:01:14 DEBUG    [SA_03] AudioProvider: CACHE MISS
2026-09-08 13:01:14 DEBUG    [SA_03] Button: next
2026-09-08 13:01:14 DEBUG    [SA_03] PREPARE_ITEM #9
2026-09-08 13:01:14 DEBUG    [SA_03] ACTION: {'action': 'SHOW', 'target': 'top', 'content': 'phrase_text'}
2026-09-08 13:01:14 DEBUG    [SA_03] ACTION: {'action': 'PLAY', 'source': 'phrase_text'}
2026-09-08 13:01:14 DEBUG    [SA_03] AudioProvider: CACHE MISS
2026-09-08 13:01:14 DEBUG    [SA_03] Button: next
2026-09-08 13:01:14 DEBUG    [SA_03] PREPARE_ITEM #10
2026-09-08 13:01:14 DEBUG    [SA_03] ACTION: {'action': 'SHOW', 'target': 'top', 'content': 'phrase_text'}
2026-09-08 13:01:14 DEBUG    [SA_03] ACTION: {'action': 'PLAY', 'source': 'phrase_text'}
2026-09-08 13:01:14 DEBUG    [SA_03] AudioProvider: CACHE MISS
2026-09-08 13:01:15 DEBUG    [SA_03] TEXT PLAY
2026-09-08 13:01:19 DEBUG    [SA_03] TEXT_END
2026-09-08 13:01:19 DEBUG    [SA_03] ACTION: {'action': 'WAIT', 'source': 'pause_before_translation'}
2026-09-08 13:01:22 DEBUG    [SA_03] Button: settings
2026-09-08 13:01:22 DEBUG    [SA_03] INITIAL ITEM: phrase_code = pl phrase_locale = pl-PL phrase_voice = pl-PL-ZofiaNeural
2026-09-08 13:01:22 DEBUG    [SA_03] INITIAL SOURCE: language = pl locale = pl-PL voice = 
2026-09-08 13:01:22 DEBUG    [SA_03] Target language: en
2026-09-08 13:01:22 DEBUG    [SA_03] Target locale: en-US
2026-09-08 13:01:24 DEBUG    [SA_03] PAUSE_END
2026-09-08 13:01:24 DEBUG    [SA_03] ACTION: {'action': 'SHOW', 'target': 'bottom', 'content': 'translate_text'}
2026-09-08 13:01:24 DEBUG    [SA_03] ACTION: {'action': 'PLAY', 'source': 'translate_text'}
2026-09-08 13:01:24 DEBUG    [SA_03] AudioProvider: CACHE MISS
2026-09-08 13:01:24 DEBUG    [SA_03] Button: db
2026-09-08 13:01:25 DEBUG    [SA_03] TRANSLATION PLAY
2026-09-08 13:01:25 INFO     [SA_03] Database sets loaded: 22
2026-09-08 13:01:25 DEBUG    [SA_03] Selected set: English A1
2026-09-08 13:01:27 DEBUG    [SA_03] Selected set: Polish Dictation B1
2026-09-08 13:01:28 DEBUG    [SA_03] TRANSLATION_END
2026-09-08 13:01:28 DEBUG    [SA_03] ACTION: {'action': 'WAIT', 'source': 'pause_between_sentences'}
2026-09-08 13:01:31 DEBUG    [SA_03] Selected set: Shadowing
2026-09-08 13:01:34 DEBUG    [SA_03] Button: dbtoset
2026-09-08 13:01:34 DEBUG    [SA_03] PAUSE_END
2026-09-08 13:01:34 DEBUG    [SA_03] ACTION: {'action': 'HIDE', 'target': 'top'}
2026-09-08 13:01:34 DEBUG    [SA_03] ACTION: {'action': 'HIDE', 'target': 'bottom'}
2026-09-08 13:01:34 INFO     [SA_03] SCENARIO FINISHED
2026-09-08 13:01:34 DEBUG    [SA_03] FINISH_ITEM: repeat 1/1
2026-09-08 13:01:34 DEBUG    [SA_03] PREPARE_ITEM #11
2026-09-08 13:01:34 DEBUG    [SA_03] ACTION: {'action': 'SHOW', 'target': 'top', 'content': 'phrase_text'}
2026-09-08 13:01:34 DEBUG    [SA_03] ACTION: {'action': 'PLAY', 'source': 'phrase_text'}
2026-09-08 13:01:34 DEBUG    [SA_03] AudioProvider: CACHE MISS
2026-09-08 13:01:35 DEBUG    [SA_03] TEXT PLAY
2026-09-08 13:01:36 DEBUG    [SA_03] DBTOSET set_id=58
2026-09-08 13:01:37 INFO     [SA_03] Set loaded into session: 58
2026-09-08 13:01:41 DEBUG    [SA_03] TEXT_END
2026-09-08 13:01:41 DEBUG    [SA_03] ACTION: {'action': 'WAIT', 'source': 'pause_before_translation'}
2026-09-08 13:01:48 DEBUG    [SA_03] PAUSE_END
2026-09-08 13:01:48 DEBUG    [SA_03] ACTION: {'action': 'SHOW', 'target': 'bottom', 'content': 'translate_text'}
2026-09-08 13:01:48 DEBUG    [SA_03] ACTION: {'action': 'PLAY', 'source': 'translate_text'}
2026-09-08 13:01:48 DEBUG    [SA_03] AudioProvider: CACHE HIT
2026-09-08 13:01:48 DEBUG    [SA_03] TRANSLATION PLAY
2026-09-08 13:01:50 DEBUG    [SA_03] TRANSLATION_END
2026-09-08 13:01:50 DEBUG    [SA_03] ACTION: {'action': 'WAIT', 'source': 'pause_between_sentences'}
2026-09-08 13:01:56 DEBUG    [SA_03] PAUSE_END
2026-09-08 13:01:56 DEBUG    [SA_03] ACTION: {'action': 'HIDE', 'target': 'top'}
2026-09-08 13:01:56 DEBUG    [SA_03] ACTION: {'action': 'HIDE', 'target': 'bottom'}
2026-09-08 13:01:56 INFO     [SA_03] SCENARIO FINISHED
2026-09-08 13:01:56 DEBUG    [SA_03] FINISH_ITEM: repeat 1/1
2026-09-08 13:01:56 DEBUG    [SA_03] PREPARE_ITEM #1
2026-09-08 13:01:56 DEBUG    [SA_03] ACTION: {'action': 'SHOW', 'target': 'top', 'content': 'phrase_text'}
2026-09-08 13:01:56 DEBUG    [SA_03] ACTION: {'action': 'PLAY', 'source': 'phrase_text'}
2026-09-08 13:01:56 DEBUG    [SA_03] AudioProvider: CACHE MISS
2026-09-08 13:01:57 DEBUG    [SA_03] TEXT PLAY
2026-09-08 13:02:00 DEBUG    [SA_03] TEXT_END
2026-09-08 13:02:00 DEBUG    [SA_03] ACTION: {'action': 'WAIT', 'source': 'pause_before_translation'}
2026-09-08 13:02:01 DEBUG    [SA_03] PAUSE_END
2026-09-08 13:02:01 DEBUG    [SA_03] ACTION: {'action': 'SHOW', 'target': 'bottom', 'content': 'translate_text'}
2026-09-08 13:02:01 DEBUG    [SA_03] ACTION: {'action': 'PLAY', 'source': 'translate_text'}
2026-09-08 13:02:01 DEBUG    [SA_03] AudioProvider: CACHE HIT
2026-09-08 13:02:01 DEBUG    [SA_03] TRANSLATION PLAY
2026-09-08 13:02:03 DEBUG    [SA_03] TRANSLATION_END
2026-09-08 13:02:03 DEBUG    [SA_03] ACTION: {'action': 'WAIT', 'source': 'pause_between_sentences'}
2026-09-08 13:02:09 DEBUG    [SA_03] PAUSE_END
2026-09-08 13:02:10 DEBUG    [SA_03] ACTION: {'action': 'HIDE', 'target': 'top'}
2026-09-08 13:02:10 DEBUG    [SA_03] ACTION: {'action': 'HIDE', 'target': 'bottom'}
2026-09-08 13:02:10 INFO     [SA_03] SCENARIO FINISHED
2026-09-08 13:02:10 DEBUG    [SA_03] FINISH_ITEM: repeat 1/1
2026-09-08 13:02:10 DEBUG    [SA_03] PREPARE_ITEM #2
2026-09-08 13:02:10 DEBUG    [SA_03] ACTION: {'action': 'SHOW', 'target': 'top', 'content': 'phrase_text'}
2026-09-08 13:02:10 DEBUG    [SA_03] ACTION: {'action': 'PLAY', 'source': 'phrase_text'}
2026-09-08 13:02:10 DEBUG    [SA_03] AudioProvider: CACHE HIT
2026-09-08 13:02:10 DEBUG    [SA_03] TEXT PLAY
2026-09-08 13:02:12 DEBUG    [SA_03] TEXT_END
2026-09-08 13:02:13 DEBUG    [SA_03] ACTION: {'action': 'WAIT', 'source': 'pause_before_translation'}
2026-09-08 13:02:17 DEBUG    [SA_03] PAUSE_END
2026-09-08 13:02:17 DEBUG    [SA_03] ACTION: {'action': 'SHOW', 'target': 'bottom', 'content': 'translate_text'}
2026-09-08 13:02:17 DEBUG    [SA_03] ACTION: {'action': 'PLAY', 'source': 'translate_text'}
2026-09-08 13:02:17 DEBUG    [SA_03] AudioProvider: CACHE HIT
2026-09-08 13:02:17 DEBUG    [SA_03] TRANSLATION PLAY
2026-09-08 13:02:19 DEBUG    [SA_03] TRANSLATION_END
2026-09-08 13:02:19 DEBUG    [SA_03] ACTION: {'action': 'WAIT', 'source': 'pause_between_sentences'}
2026-09-08 13:02:25 DEBUG    [SA_03] PAUSE_END
2026-09-08 13:02:25 DEBUG    [SA_03] ACTION: {'action': 'HIDE', 'target': 'top'}
2026-09-08 13:02:25 DEBUG    [SA_03] ACTION: {'action': 'HIDE', 'target': 'bottom'}
2026-09-08 13:02:25 INFO     [SA_03] SCENARIO FINISHED
2026-09-08 13:02:25 DEBUG    [SA_03] FINISH_ITEM: repeat 1/1
2026-09-08 13:02:25 DEBUG    [SA_03] PREPARE_ITEM #3
2026-09-08 13:02:25 DEBUG    [SA_03] ACTION: {'action': 'SHOW', 'target': 'top', 'content': 'phrase_text'}
2026-09-08 13:02:25 DEBUG    [SA_03] ACTION: {'action': 'PLAY', 'source': 'phrase_text'}
2026-09-08 13:02:25 DEBUG    [SA_03] AudioProvider: CACHE HIT
2026-09-08 13:02:25 DEBUG    [SA_03] TEXT PLAY
2026-09-08 13:02:30 DEBUG    [SA_03] TEXT_END
2026-09-08 13:02:30 DEBUG    [SA_03] ACTION: {'action': 'WAIT', 'source': 'pause_before_translation'}
2026-09-08 13:02:36 DEBUG    [SA_03] PAUSE_END
2026-09-08 13:02:36 DEBUG    [SA_03] ACTION: {'action': 'SHOW', 'target': 'bottom', 'content': 'translate_text'}
2026-09-08 13:02:36 DEBUG    [SA_03] ACTION: {'action': 'PLAY', 'source': 'translate_text'}
2026-09-08 13:02:36 DEBUG    [SA_03] AudioProvider: CACHE HIT
2026-09-08 13:02:36 DEBUG    [SA_03] TRANSLATION PLAY
2026-09-08 13:02:41 DEBUG    [SA_03] TRANSLATION_END
2026-09-08 13:02:41 DEBUG    [SA_03] ACTION: {'action': 'WAIT', 'source': 'pause_between_sentences'}
2026-09-08 13:02:47 DEBUG    [SA_03] PAUSE_END
2026-09-08 13:02:47 DEBUG    [SA_03] ACTION: {'action': 'HIDE', 'target': 'top'}
2026-09-08 13:02:47 DEBUG    [SA_03] ACTION: {'action': 'HIDE', 'target': 'bottom'}
2026-09-08 13:02:47 INFO     [SA_03] SCENARIO FINISHED
2026-09-08 13:02:47 DEBUG    [SA_03] FINISH_ITEM: repeat 1/1
2026-09-08 13:02:47 DEBUG    [SA_03] PREPARE_ITEM #4
2026-09-08 13:02:47 DEBUG    [SA_03] ACTION: {'action': 'SHOW', 'target': 'top', 'content': 'phrase_text'}
2026-09-08 13:02:47 DEBUG    [SA_03] ACTION: {'action': 'PLAY', 'source': 'phrase_text'}
2026-09-08 13:02:47 DEBUG    [SA_03] AudioProvider: CACHE HIT
2026-09-08 13:02:47 DEBUG    [SA_03] TEXT PLAY
2026-09-08 13:02:53 DEBUG    [SA_03] TEXT_END
2026-09-08 13:02:53 DEBUG    [SA_03] ACTION: {'action': 'WAIT', 'source': 'pause_before_translation'}
2026-09-08 13:03:00 DEBUG    [SA_03] PAUSE_END
2026-09-08 13:03:00 DEBUG    [SA_03] ACTION: {'action': 'SHOW', 'target': 'bottom', 'content': 'translate_text'}
2026-09-08 13:03:00 DEBUG    [SA_03] ACTION: {'action': 'PLAY', 'source': 'translate_text'}
2026-09-08 13:03:00 DEBUG    [SA_03] AudioProvider: CACHE HIT
2026-09-08 13:03:00 DEBUG    [SA_03] TRANSLATION PLAY
2026-09-08 13:03:04 DEBUG    [SA_03] TRANSLATION_END
2026-09-08 13:03:04 DEBUG    [SA_03] ACTION: {'action': 'WAIT', 'source': 'pause_between_sentences'}
2026-09-08 13:03:10 DEBUG    [SA_03] PAUSE_END
2026-09-08 13:03:10 DEBUG    [SA_03] ACTION: {'action': 'HIDE', 'target': 'top'}
2026-09-08 13:03:10 DEBUG    [SA_03] ACTION: {'action': 'HIDE', 'target': 'bottom'}
2026-09-08 13:03:10 INFO     [SA_03] SCENARIO FINISHED
2026-09-08 13:03:11 DEBUG    [SA_03] FINISH_ITEM: repeat 1/1
2026-09-08 13:03:11 DEBUG    [SA_03] PREPARE_ITEM #5
2026-09-08 13:03:11 DEBUG    [SA_03] ACTION: {'action': 'SHOW', 'target': 'top', 'content': 'phrase_text'}
2026-09-08 13:03:11 DEBUG    [SA_03] ACTION: {'action': 'PLAY', 'source': 'phrase_text'}
2026-09-08 13:03:11 DEBUG    [SA_03] AudioProvider: CACHE HIT
2026-09-08 13:03:11 DEBUG    [SA_03] TEXT PLAY
2026-09-08 13:03:15 DEBUG    [SA_03] TEXT_END
2026-09-08 13:03:15 DEBUG    [SA_03] ACTION: {'action': 'WAIT', 'source': 'pause_before_translation'}
2026-09-08 13:03:21 DEBUG    [SA_03] PAUSE_END
2026-09-08 13:03:21 DEBUG    [SA_03] ACTION: {'action': 'SHOW', 'target': 'bottom', 'content': 'translate_text'}
2026-09-08 13:03:21 DEBUG    [SA_03] ACTION: {'action': 'PLAY', 'source': 'translate_text'}
2026-09-08 13:03:21 DEBUG    [SA_03] AudioProvider: CACHE MISS
2026-09-08 13:03:22 DEBUG    [SA_03] TRANSLATION PLAY
2026-09-08 13:03:26 DEBUG    [SA_03] TRANSLATION_END
2026-09-08 13:03:26 DEBUG    [SA_03] ACTION: {'action': 'WAIT', 'source': 'pause_between_sentences'}
2026-09-08 13:03:32 DEBUG    [SA_03] PAUSE_END
2026-09-08 13:03:32 DEBUG    [SA_03] ACTION: {'action': 'HIDE', 'target': 'top'}
2026-09-08 13:03:32 DEBUG    [SA_03] ACTION: {'action': 'HIDE', 'target': 'bottom'}
2026-09-08 13:03:32 INFO     [SA_03] SCENARIO FINISHED
2026-09-08 13:03:32 DEBUG    [SA_03] FINISH_ITEM: repeat 1/1
2026-09-08 13:03:32 DEBUG    [SA_03] PREPARE_ITEM #6
2026-09-08 13:03:32 DEBUG    [SA_03] ACTION: {'action': 'SHOW', 'target': 'top', 'content': 'phrase_text'}
2026-09-08 13:03:32 DEBUG    [SA_03] ACTION: {'action': 'PLAY', 'source': 'phrase_text'}
2026-09-08 13:03:32 DEBUG    [SA_03] AudioProvider: CACHE MISS
2026-09-08 13:03:33 DEBUG    [SA_03] TEXT PLAY
2026-09-08 13:03:36 DEBUG    [SA_03] TEXT_END
2026-09-08 13:03:36 DEBUG    [SA_03] Button: datatodb
2026-09-08 13:03:36 DEBUG    [SA_03] ACTION: {'action': 'WAIT', 'source': 'pause_before_translation'}
2026-09-08 13:03:37 DEBUG    [SA_03] DATATODB set_id=58
2026-09-08 13:03:38 INFO     [SA_03] Data saved to database: {'set_id': 58, 'set_name': 'Polish-English B1', 'set_description': 'Question and answer in the electricity exam', 'set_update_date': '2026-09-08T11:03:35'}
2026-09-08 13:03:38 INFO     [SA_03] Database sets loaded: 22
2026-09-08 13:03:38 DEBUG    [SA_03] Selected set: Polish-English B1
2026-09-08 13:03:41 DEBUG    [SA_03] PAUSE_END
2026-09-08 13:03:41 DEBUG    [SA_03] ACTION: {'action': 'SHOW', 'target': 'bottom', 'content': 'translate_text'}
2026-09-08 13:03:41 DEBUG    [SA_03] ACTION: {'action': 'PLAY', 'source': 'translate_text'}
2026-09-08 13:03:41 DEBUG    [SA_03] AudioProvider: CACHE MISS
2026-09-08 13:03:42 DEBUG    [SA_03] TRANSLATION PLAY
2026-09-08 13:03:44 DEBUG    [SA_03] Button: dbtoset
2026-09-08 13:03:45 DEBUG    [SA_03] TRANSLATION_END
2026-09-08 13:03:45 DEBUG    [SA_03] ACTION: {'action': 'WAIT', 'source': 'pause_between_sentences'}
2026-09-08 13:03:46 DEBUG    [SA_03] DBTOSET set_id=58
2026-09-08 13:03:47 INFO     [SA_03] Set loaded into session: 58
2026-09-08 13:03:50 DEBUG    [SA_03] Button: first
2026-09-08 13:03:50 DEBUG    [SA_03] PREPARE_ITEM #0
2026-09-08 13:03:50 DEBUG    [SA_03] ACTION: {'action': 'SHOW', 'target': 'top', 'content': 'phrase_text'}
2026-09-08 13:03:50 DEBUG    [SA_03] ACTION: {'action': 'PLAY', 'source': 'phrase_text'}
2026-09-08 13:03:50 DEBUG    [SA_03] AudioProvider: CACHE HIT
2026-09-08 13:03:50 DEBUG    [SA_03] TEXT PLAY
2026-09-08 13:03:51 DEBUG    [SA_03] Button: play
2026-09-08 13:03:51 DEBUG    [SA_03] PREPARE_ITEM #0
2026-09-08 13:03:51 DEBUG    [SA_03] ACTION: {'action': 'SHOW', 'target': 'top', 'content': 'phrase_text'}
2026-09-08 13:03:51 DEBUG    [SA_03] ACTION: {'action': 'PLAY', 'source': 'phrase_text'}
2026-09-08 13:03:51 DEBUG    [SA_03] AudioProvider: CACHE HIT
2026-09-08 13:03:51 DEBUG    [SA_03] TEXT PLAY
2026-09-08 13:03:53 DEBUG    [SA_03] Button: last
2026-09-08 13:03:53 DEBUG    [SA_03] PREPARE_ITEM #81
2026-09-08 13:03:53 DEBUG    [SA_03] ACTION: {'action': 'SHOW', 'target': 'top', 'content': 'phrase_text'}
2026-09-08 13:03:53 DEBUG    [SA_03] ACTION: {'action': 'PLAY', 'source': 'phrase_text'}
2026-09-08 13:03:53 DEBUG    [SA_03] AudioProvider: CACHE MISS
2026-09-08 13:03:53 DEBUG    [SA_03] Button: last
2026-09-08 13:03:53 DEBUG    [SA_03] PREPARE_ITEM #81
2026-09-08 13:03:53 DEBUG    [SA_03] ACTION: {'action': 'SHOW', 'target': 'top', 'content': 'phrase_text'}
2026-09-08 13:03:53 DEBUG    [SA_03] ACTION: {'action': 'PLAY', 'source': 'phrase_text'}
2026-09-08 13:03:53 DEBUG    [SA_03] AudioProvider: CACHE MISS
2026-09-08 13:03:54 DEBUG    [SA_03] TEXT PLAY
2026-09-08 13:03:58 DEBUG    [SA_03] TEXT_END
2026-09-08 13:03:58 DEBUG    [SA_03] ACTION: {'action': 'WAIT', 'source': 'pause_before_translation'}
2026-09-08 13:04:04 DEBUG    [SA_03] PAUSE_END
2026-09-08 13:04:04 DEBUG    [SA_03] ACTION: {'action': 'SHOW', 'target': 'bottom', 'content': 'translate_text'}
2026-09-08 13:04:04 DEBUG    [SA_03] ACTION: {'action': 'PLAY', 'source': 'translate_text'}
2026-09-08 13:04:04 DEBUG    [SA_03] AudioProvider: CACHE MISS
2026-09-08 13:04:05 DEBUG    [SA_03] TRANSLATION PLAY
2026-09-08 13:04:10 DEBUG    [SA_03] TRANSLATION_END
2026-09-08 13:04:10 DEBUG    [SA_03] ACTION: {'action': 'WAIT', 'source': 'pause_between_sentences'}
2026-09-08 13:04:17 DEBUG    [SA_03] PAUSE_END
2026-09-08 13:04:17 DEBUG    [SA_03] ACTION: {'action': 'HIDE', 'target': 'top'}
2026-09-08 13:04:17 DEBUG    [SA_03] ACTION: {'action': 'HIDE', 'target': 'bottom'}
2026-09-08 13:04:17 INFO     [SA_03] SCENARIO FINISHED
2026-09-08 13:04:17 DEBUG    [SA_03] FINISH_ITEM: repeat 1/1
2026-09-08 13:04:17 DEBUG    [SA_03] PLAYBACK_FINISHED
2026-09-08 13:04:21 DEBUG    [SA_03] Button: first
2026-09-08 13:04:22 DEBUG    [SA_03] Button: play
2026-09-08 13:04:22 DEBUG    [SA_03] PREPARE_ITEM #0
2026-09-08 13:04:22 DEBUG    [SA_03] ACTION: {'action': 'SHOW', 'target': 'top', 'content': 'phrase_text'}
2026-09-08 13:04:22 DEBUG    [SA_03] ACTION: {'action': 'PLAY', 'source': 'phrase_text'}
2026-09-08 13:04:22 DEBUG    [SA_03] AudioProvider: CACHE HIT
2026-09-08 13:04:22 DEBUG    [SA_03] TEXT PLAY
2026-09-08 13:04:25 DEBUG    [SA_03] Button: next
2026-09-08 13:04:25 DEBUG    [SA_03] PREPARE_ITEM #1
2026-09-08 13:04:25 DEBUG    [SA_03] ACTION: {'action': 'SHOW', 'target': 'top', 'content': 'phrase_text'}
2026-09-08 13:04:25 DEBUG    [SA_03] ACTION: {'action': 'PLAY', 'source': 'phrase_text'}
2026-09-08 13:04:25 DEBUG    [SA_03] AudioProvider: CACHE HIT
2026-09-08 13:04:25 DEBUG    [SA_03] TEXT PLAY
2026-09-08 13:04:25 DEBUG    [SA_03] Button: next
2026-09-08 13:04:25 DEBUG    [SA_03] PREPARE_ITEM #2
2026-09-08 13:04:25 DEBUG    [SA_03] ACTION: {'action': 'SHOW', 'target': 'top', 'content': 'phrase_text'}
2026-09-08 13:04:25 DEBUG    [SA_03] ACTION: {'action': 'PLAY', 'source': 'phrase_text'}
2026-09-08 13:04:25 DEBUG    [SA_03] AudioProvider: CACHE HIT
2026-09-08 13:04:25 DEBUG    [SA_03] TEXT PLAY
2026-09-08 13:04:28 DEBUG    [SA_03] TEXT_END
2026-09-08 13:04:28 DEBUG    [SA_03] ACTION: {'action': 'WAIT', 'source': 'pause_before_translation'}
2026-09-08 13:04:28 DEBUG    [SA_03] Button: next
2026-09-08 13:04:28 DEBUG    [SA_03] PREPARE_ITEM #3
2026-09-08 13:04:28 DEBUG    [SA_03] ACTION: {'action': 'SHOW', 'target': 'top', 'content': 'phrase_text'}
2026-09-08 13:04:28 DEBUG    [SA_03] ACTION: {'action': 'PLAY', 'source': 'phrase_text'}
2026-09-08 13:04:28 DEBUG    [SA_03] AudioProvider: CACHE HIT
2026-09-08 13:04:28 DEBUG    [SA_03] TEXT PLAY
2026-09-08 13:04:29 DEBUG    [SA_03] Button: next
2026-09-08 13:04:29 DEBUG    [SA_03] PREPARE_ITEM #4
2026-09-08 13:04:29 DEBUG    [SA_03] ACTION: {'action': 'SHOW', 'target': 'top', 'content': 'phrase_text'}
2026-09-08 13:04:29 DEBUG    [SA_03] ACTION: {'action': 'PLAY', 'source': 'phrase_text'}
2026-09-08 13:04:29 DEBUG    [SA_03] AudioProvider: CACHE HIT
2026-09-08 13:04:29 DEBUG    [SA_03] TEXT PLAY
2026-09-08 13:04:29 DEBUG    [SA_03] Button: next
2026-09-08 13:04:29 DEBUG    [SA_03] PREPARE_ITEM #5
2026-09-08 13:04:29 DEBUG    [SA_03] ACTION: {'action': 'SHOW', 'target': 'top', 'content': 'phrase_text'}
2026-09-08 13:04:29 DEBUG    [SA_03] ACTION: {'action': 'PLAY', 'source': 'phrase_text'}
2026-09-08 13:04:29 DEBUG    [SA_03] AudioProvider: CACHE HIT
2026-09-08 13:04:29 DEBUG    [SA_03] TEXT PLAY
2026-09-08 13:04:29 DEBUG    [SA_03] Button: next
2026-09-08 13:04:29 DEBUG    [SA_03] PREPARE_ITEM #6
2026-09-08 13:04:29 DEBUG    [SA_03] ACTION: {'action': 'SHOW', 'target': 'top', 'content': 'phrase_text'}
2026-09-08 13:04:29 DEBUG    [SA_03] ACTION: {'action': 'PLAY', 'source': 'phrase_text'}
2026-09-08 13:04:29 DEBUG    [SA_03] AudioProvider: CACHE HIT
2026-09-08 13:04:29 DEBUG    [SA_03] TEXT PLAY
2026-09-08 13:04:29 DEBUG    [SA_03] Button: next
2026-09-08 13:04:29 DEBUG    [SA_03] PREPARE_ITEM #7
2026-09-08 13:04:29 DEBUG    [SA_03] ACTION: {'action': 'SHOW', 'target': 'top', 'content': 'phrase_text'}
2026-09-08 13:04:29 DEBUG    [SA_03] ACTION: {'action': 'PLAY', 'source': 'phrase_text'}
2026-09-08 13:04:29 DEBUG    [SA_03] AudioProvider: CACHE MISS
2026-09-08 13:04:29 DEBUG    [SA_03] Button: next
2026-09-08 13:04:29 DEBUG    [SA_03] PREPARE_ITEM #8
2026-09-08 13:04:29 DEBUG    [SA_03] ACTION: {'action': 'SHOW', 'target': 'top', 'content': 'phrase_text'}
2026-09-08 13:04:29 DEBUG    [SA_03] ACTION: {'action': 'PLAY', 'source': 'phrase_text'}
2026-09-08 13:04:29 DEBUG    [SA_03] AudioProvider: CACHE MISS
2026-09-08 13:04:29 DEBUG    [SA_03] Button: next
2026-09-08 13:04:29 DEBUG    [SA_03] PREPARE_ITEM #9
2026-09-08 13:04:29 DEBUG    [SA_03] ACTION: {'action': 'SHOW', 'target': 'top', 'content': 'phrase_text'}
2026-09-08 13:04:29 DEBUG    [SA_03] ACTION: {'action': 'PLAY', 'source': 'phrase_text'}
2026-09-08 13:04:29 DEBUG    [SA_03] AudioProvider: CACHE MISS
2026-09-08 13:04:30 DEBUG    [SA_03] Button: next
2026-09-08 13:04:30 DEBUG    [SA_03] PREPARE_ITEM #10
2026-09-08 13:04:30 DEBUG    [SA_03] ACTION: {'action': 'SHOW', 'target': 'top', 'content': 'phrase_text'}
2026-09-08 13:04:30 DEBUG    [SA_03] ACTION: {'action': 'PLAY', 'source': 'phrase_text'}
2026-09-08 13:04:30 DEBUG    [SA_03] AudioProvider: CACHE HIT
2026-09-08 13:04:30 DEBUG    [SA_03] TEXT PLAY
2026-09-08 13:04:30 DEBUG    [SA_03] Button: next
2026-09-08 13:04:30 DEBUG    [SA_03] PREPARE_ITEM #11
2026-09-08 13:04:30 DEBUG    [SA_03] ACTION: {'action': 'SHOW', 'target': 'top', 'content': 'phrase_text'}
2026-09-08 13:04:30 DEBUG    [SA_03] ACTION: {'action': 'PLAY', 'source': 'phrase_text'}
2026-09-08 13:04:30 DEBUG    [SA_03] AudioProvider: CACHE HIT
2026-09-08 13:04:30 DEBUG    [SA_03] TEXT PLAY
2026-09-08 13:04:30 DEBUG    [SA_03] Button: next
2026-09-08 13:04:30 DEBUG    [SA_03] PREPARE_ITEM #12
2026-09-08 13:04:30 DEBUG    [SA_03] ACTION: {'action': 'SHOW', 'target': 'top', 'content': 'phrase_text'}
2026-09-08 13:04:30 DEBUG    [SA_03] ACTION: {'action': 'PLAY', 'source': 'phrase_text'}
2026-09-08 13:04:30 DEBUG    [SA_03] AudioProvider: CACHE MISS
2026-09-08 13:04:30 DEBUG    [SA_03] TEXT PLAY
2026-09-08 13:04:33 DEBUG    [SA_03] TEXT_END
2026-09-08 13:04:33 DEBUG    [SA_03] ACTION: {'action': 'WAIT', 'source': 'pause_before_translation'}
2026-09-08 13:04:37 DEBUG    [SA_03] PAUSE_END
2026-09-08 13:04:37 DEBUG    [SA_03] ACTION: {'action': 'SHOW', 'target': 'bottom', 'content': 'translate_text'}
2026-09-08 13:04:37 DEBUG    [SA_03] ACTION: {'action': 'PLAY', 'source': 'translate_text'}
2026-09-08 13:04:37 DEBUG    [SA_03] AudioProvider: CACHE MISS
2026-09-08 13:04:38 DEBUG    [SA_03] TRANSLATION PLAY
2026-09-08 13:04:41 DEBUG    [SA_03] TRANSLATION_END
2026-09-08 13:04:41 DEBUG    [SA_03] ACTION: {'action': 'WAIT', 'source': 'pause_between_sentences'}
2026-09-08 13:04:47 DEBUG    [SA_03] PAUSE_END
2026-09-08 13:04:47 DEBUG    [SA_03] ACTION: {'action': 'HIDE', 'target': 'top'}
2026-09-08 13:04:47 DEBUG    [SA_03] ACTION: {'action': 'HIDE', 'target': 'bottom'}
2026-09-08 13:04:47 INFO     [SA_03] SCENARIO FINISHED
2026-09-08 13:04:47 DEBUG    [SA_03] FINISH_ITEM: repeat 1/1
2026-09-08 13:04:47 DEBUG    [SA_03] PREPARE_ITEM #13
2026-09-08 13:04:47 DEBUG    [SA_03] ACTION: {'action': 'SHOW', 'target': 'top', 'content': 'phrase_text'}
2026-09-08 13:04:47 DEBUG    [SA_03] ACTION: {'action': 'PLAY', 'source': 'phrase_text'}
2026-09-08 13:04:47 DEBUG    [SA_03] AudioProvider: CACHE MISS
2026-09-08 13:04:48 DEBUG    [SA_03] TEXT PLAY
2026-09-08 13:04:51 DEBUG    [SA_03] TEXT_END
2026-09-08 13:04:51 DEBUG    [SA_03] ACTION: {'action': 'WAIT', 'source': 'pause_before_translation'}
2026-09-08 13:04:54 DEBUG    [SA_03] PAUSE_END
2026-09-08 13:04:54 DEBUG    [SA_03] ACTION: {'action': 'SHOW', 'target': 'bottom', 'content': 'translate_text'}
2026-09-08 13:04:54 DEBUG    [SA_03] ACTION: {'action': 'PLAY', 'source': 'translate_text'}
2026-09-08 13:04:54 DEBUG    [SA_03] AudioProvider: CACHE MISS
2026-09-08 13:04:55 DEBUG    [SA_03] TRANSLATION PLAY
2026-09-08 13:04:58 DEBUG    [SA_03] TRANSLATION_END
2026-09-08 13:04:58 DEBUG    [SA_03] ACTION: {'action': 'WAIT', 'source': 'pause_between_sentences'}
2026-09-08 13:05:00 DEBUG    [SA_03] Button: pause
2026-09-08 13:05:26 DEBUG    [SA_03] Button: db
2026-09-08 13:05:26 INFO     [SA_03] Database sets loaded: 22
2026-09-08 13:05:26 DEBUG    [SA_03] Selected set: English A1
2026-09-08 13:05:28 DEBUG    [SA_03] Button: settoexcel
2026-09-08 13:05:57 INFO     [SA_03] Session exported to Excel: C:/Users/liudm/SadowingApp/SA_03/tmp/polEndEleExm.xlsx
2026-09-08 13:07:12 DEBUG    [SA_03] Selected set: Polish-English B1
2026-09-08 13:07:15 DEBUG    [SA_03] Button: dbtoset
2026-09-08 13:07:17 DEBUG    [SA_03] DBTOSET set_id=58
2026-09-08 13:07:17 INFO     [SA_03] Set loaded into session: 58
2026-09-08 13:07:23 DEBUG    [SA_03] Button: play
2026-09-08 13:07:23 DEBUG    [SA_03] PREPARE_ITEM #0
2026-09-08 13:07:23 DEBUG    [SA_03] ACTION: {'action': 'SHOW', 'target': 'top', 'content': 'phrase_text'}
2026-09-08 13:07:23 DEBUG    [SA_03] ACTION: {'action': 'PLAY', 'source': 'phrase_text'}
2026-09-08 13:07:23 DEBUG    [SA_03] AudioProvider: CACHE HIT
2026-09-08 13:07:23 DEBUG    [SA_03] TEXT PLAY
2026-09-08 13:07:25 DEBUG    [SA_03] Button: next
2026-09-08 13:07:25 DEBUG    [SA_03] PREPARE_ITEM #1
2026-09-08 13:07:25 DEBUG    [SA_03] ACTION: {'action': 'SHOW', 'target': 'top', 'content': 'phrase_text'}
2026-09-08 13:07:25 DEBUG    [SA_03] ACTION: {'action': 'PLAY', 'source': 'phrase_text'}
2026-09-08 13:07:25 DEBUG    [SA_03] AudioProvider: CACHE HIT
2026-09-08 13:07:25 DEBUG    [SA_03] TEXT PLAY
2026-09-08 13:07:25 DEBUG    [SA_03] Button: next
2026-09-08 13:07:25 DEBUG    [SA_03] PREPARE_ITEM #2
2026-09-08 13:07:25 DEBUG    [SA_03] ACTION: {'action': 'SHOW', 'target': 'top', 'content': 'phrase_text'}
2026-09-08 13:07:25 DEBUG    [SA_03] ACTION: {'action': 'PLAY', 'source': 'phrase_text'}
2026-09-08 13:07:25 DEBUG    [SA_03] AudioProvider: CACHE HIT
2026-09-08 13:07:25 DEBUG    [SA_03] TEXT PLAY
2026-09-08 13:07:25 DEBUG    [SA_03] Button: next
2026-09-08 13:07:25 DEBUG    [SA_03] PREPARE_ITEM #3
2026-09-08 13:07:25 DEBUG    [SA_03] ACTION: {'action': 'SHOW', 'target': 'top', 'content': 'phrase_text'}
2026-09-08 13:07:25 DEBUG    [SA_03] ACTION: {'action': 'PLAY', 'source': 'phrase_text'}
2026-09-08 13:07:25 DEBUG    [SA_03] AudioProvider: CACHE HIT
2026-09-08 13:07:25 DEBUG    [SA_03] TEXT PLAY
2026-09-08 13:07:26 DEBUG    [SA_03] Button: next
2026-09-08 13:07:26 DEBUG    [SA_03] PREPARE_ITEM #4
2026-09-08 13:07:26 DEBUG    [SA_03] ACTION: {'action': 'SHOW', 'target': 'top', 'content': 'phrase_text'}
2026-09-08 13:07:26 DEBUG    [SA_03] ACTION: {'action': 'PLAY', 'source': 'phrase_text'}
2026-09-08 13:07:26 DEBUG    [SA_03] AudioProvider: CACHE HIT
2026-09-08 13:07:26 DEBUG    [SA_03] TEXT PLAY
2026-09-08 13:07:26 DEBUG    [SA_03] Button: next
2026-09-08 13:07:26 DEBUG    [SA_03] PREPARE_ITEM #5
2026-09-08 13:07:26 DEBUG    [SA_03] ACTION: {'action': 'SHOW', 'target': 'top', 'content': 'phrase_text'}
2026-09-08 13:07:26 DEBUG    [SA_03] ACTION: {'action': 'PLAY', 'source': 'phrase_text'}
2026-09-08 13:07:26 DEBUG    [SA_03] AudioProvider: CACHE HIT
2026-09-08 13:07:26 DEBUG    [SA_03] TEXT PLAY
2026-09-08 13:07:26 DEBUG    [SA_03] Button: next
2026-09-08 13:07:26 DEBUG    [SA_03] PREPARE_ITEM #6
2026-09-08 13:07:26 DEBUG    [SA_03] ACTION: {'action': 'SHOW', 'target': 'top', 'content': 'phrase_text'}
2026-09-08 13:07:26 DEBUG    [SA_03] ACTION: {'action': 'PLAY', 'source': 'phrase_text'}
2026-09-08 13:07:26 DEBUG    [SA_03] AudioProvider: CACHE HIT
2026-09-08 13:07:26 DEBUG    [SA_03] TEXT PLAY
2026-09-08 13:07:26 DEBUG    [SA_03] Button: next
2026-09-08 13:07:26 DEBUG    [SA_03] PREPARE_ITEM #7
2026-09-08 13:07:26 DEBUG    [SA_03] ACTION: {'action': 'SHOW', 'target': 'top', 'content': 'phrase_text'}
2026-09-08 13:07:26 DEBUG    [SA_03] ACTION: {'action': 'PLAY', 'source': 'phrase_text'}
2026-09-08 13:07:26 DEBUG    [SA_03] AudioProvider: CACHE MISS
2026-09-08 13:07:27 DEBUG    [SA_03] TEXT PLAY
2026-09-08 13:07:35 DEBUG    [SA_03] TEXT_END
2026-09-08 13:07:35 DEBUG    [SA_03] ACTION: {'action': 'WAIT', 'source': 'pause_before_translation'}
2026-09-08 13:07:42 DEBUG    [SA_03] PAUSE_END
2026-09-08 13:07:42 DEBUG    [SA_03] ACTION: {'action': 'SHOW', 'target': 'bottom', 'content': 'translate_text'}
2026-09-08 13:07:42 DEBUG    [SA_03] ACTION: {'action': 'PLAY', 'source': 'translate_text'}
2026-09-08 13:07:42 DEBUG    [SA_03] AudioProvider: CACHE MISS
2026-09-08 13:07:43 DEBUG    [SA_03] TRANSLATION PLAY
2026-09-08 13:07:49 DEBUG    [SA_03] TRANSLATION_END
2026-09-08 13:07:49 DEBUG    [SA_03] ACTION: {'action': 'WAIT', 'source': 'pause_between_sentences'}
2026-09-08 13:07:55 DEBUG    [SA_03] PAUSE_END
2026-09-08 13:07:55 DEBUG    [SA_03] ACTION: {'action': 'HIDE', 'target': 'top'}
2026-09-08 13:07:55 DEBUG    [SA_03] ACTION: {'action': 'HIDE', 'target': 'bottom'}
2026-09-08 13:07:55 INFO     [SA_03] SCENARIO FINISHED
2026-09-08 13:07:55 DEBUG    [SA_03] FINISH_ITEM: repeat 1/1
2026-09-08 13:07:55 DEBUG    [SA_03] PREPARE_ITEM #8
2026-09-08 13:07:55 DEBUG    [SA_03] ACTION: {'action': 'SHOW', 'target': 'top', 'content': 'phrase_text'}
2026-09-08 13:07:55 DEBUG    [SA_03] ACTION: {'action': 'PLAY', 'source': 'phrase_text'}
2026-09-08 13:07:55 DEBUG    [SA_03] AudioProvider: CACHE MISS
2026-09-08 13:07:56 DEBUG    [SA_03] TEXT PLAY
2026-09-08 13:07:59 DEBUG    [SA_03] TEXT_END
2026-09-08 13:07:59 DEBUG    [SA_03] ACTION: {'action': 'WAIT', 'source': 'pause_before_translation'}
2026-09-08 13:08:03 DEBUG    [SA_03] PAUSE_END
2026-09-08 13:08:03 DEBUG    [SA_03] ACTION: {'action': 'SHOW', 'target': 'bottom', 'content': 'translate_text'}
2026-09-08 13:08:03 DEBUG    [SA_03] ACTION: {'action': 'PLAY', 'source': 'translate_text'}
2026-09-08 13:08:03 DEBUG    [SA_03] AudioProvider: CACHE MISS
2026-09-08 13:08:04 DEBUG    [SA_03] TRANSLATION PLAY
2026-09-08 13:08:06 DEBUG    [SA_03] TRANSLATION_END
2026-09-08 13:08:06 DEBUG    [SA_03] ACTION: {'action': 'WAIT', 'source': 'pause_between_sentences'}
2026-09-08 13:08:12 DEBUG    [SA_03] PAUSE_END
2026-09-08 13:08:12 DEBUG    [SA_03] ACTION: {'action': 'HIDE', 'target': 'top'}
2026-09-08 13:08:12 DEBUG    [SA_03] ACTION: {'action': 'HIDE', 'target': 'bottom'}
2026-09-08 13:08:12 INFO     [SA_03] SCENARIO FINISHED
2026-09-08 13:08:12 DEBUG    [SA_03] FINISH_ITEM: repeat 1/1
2026-09-08 13:08:12 DEBUG    [SA_03] PREPARE_ITEM #9
2026-09-08 13:08:12 DEBUG    [SA_03] ACTION: {'action': 'SHOW', 'target': 'top', 'content': 'phrase_text'}
2026-09-08 13:08:12 DEBUG    [SA_03] ACTION: {'action': 'PLAY', 'source': 'phrase_text'}
2026-09-08 13:08:12 DEBUG    [SA_03] AudioProvider: CACHE MISS
2026-09-08 13:08:14 DEBUG    [SA_03] TEXT PLAY
2026-09-08 13:08:21 DEBUG    [SA_03] TEXT_END
2026-09-08 13:08:21 DEBUG    [SA_03] ACTION: {'action': 'WAIT', 'source': 'pause_before_translation'}
2026-09-08 13:08:28 DEBUG    [SA_03] PAUSE_END
2026-09-08 13:08:28 DEBUG    [SA_03] ACTION: {'action': 'SHOW', 'target': 'bottom', 'content': 'translate_text'}
2026-09-08 13:08:28 DEBUG    [SA_03] ACTION: {'action': 'PLAY', 'source': 'translate_text'}
2026-09-08 13:08:28 DEBUG    [SA_03] AudioProvider: CACHE MISS
2026-09-08 13:08:30 DEBUG    [SA_03] TRANSLATION PLAY
2026-09-08 13:08:33 DEBUG    [SA_03] Button: pause
2026-09-08 13:11:27 DEBUG    [SA_03] Button: db
2026-09-08 13:11:28 INFO     [SA_03] Database sets loaded: 22
2026-09-08 13:11:28 DEBUG    [SA_03] Selected set: English A1
2026-09-08 13:34:30 DEBUG    [SA_03] Button: quit
2026-09-08 13:34:31 INFO     [SA_03] Finsh Application
2026-09-08 13:39:16 INFO     [SA_03] Start Application
2026-09-08 13:39:26 DEBUG    [SA_03] INITIAL ITEM: phrase_code = pl phrase_locale = pl-PL phrase_voice = pl-PL-ZofiaNeural
2026-09-08 13:39:26 DEBUG    [SA_03] INITIAL SOURCE: language = pl locale = pl-PL voice = 
2026-09-08 13:39:43 INFO     [SA_03] Finish Application
2026-09-08 14:19:04 INFO     [SA_03] Start Application
2026-09-08 14:19:14 DEBUG    [SA_03] INITIAL ITEM: phrase_code = pl phrase_locale = pl-PL phrase_voice = pl-PL-ZofiaNeural
2026-09-08 14:19:14 DEBUG    [SA_03] INITIAL SOURCE: language = pl locale = pl-PL voice = 
2026-09-08 14:25:50 INFO     [SA_03] Finish Application
2026-09-08 14:33:47 INFO     [SA_03] Start Application
2026-09-08 14:33:58 DEBUG    [SA_03] INITIAL ITEM: phrase_code = pl phrase_locale = pl-PL phrase_voice = pl-PL-ZofiaNeural
2026-09-08 14:33:58 DEBUG    [SA_03] INITIAL SOURCE: language = pl locale = pl-PL voice = 
2026-09-08 14:34:01 INFO     [SA_03] Finish Application
2026-09-08 14:34:05 INFO     [SA_03] Start Application
2026-09-08 14:34:15 DEBUG    [SA_03] INITIAL ITEM: phrase_code = pl phrase_locale = pl-PL phrase_voice = pl-PL-ZofiaNeural
2026-09-08 14:34:15 DEBUG    [SA_03] INITIAL SOURCE: language = pl locale = pl-PL voice = 
2026-09-08 14:34:44 INFO     [SA_03] Finish Application
2026-09-08 14:34:47 INFO     [SA_03] Start Application
2026-09-08 14:34:58 DEBUG    [SA_03] INITIAL ITEM: phrase_code = pl phrase_locale = pl-PL phrase_voice = pl-PL-ZofiaNeural
2026-09-08 14:34:58 DEBUG    [SA_03] INITIAL SOURCE: language = pl locale = pl-PL voice = 
2026-09-08 14:35:58 INFO     [SA_03] Finish Application
2026-09-08 14:36:01 INFO     [SA_03] Start Application
2026-09-08 14:36:11 DEBUG    [SA_03] INITIAL ITEM: phrase_code = pl phrase_locale = pl-PL phrase_voice = pl-PL-ZofiaNeural
2026-09-08 14:36:11 DEBUG    [SA_03] INITIAL SOURCE: language = pl locale = pl-PL voice = 
2026-09-08 14:38:38 DEBUG    [SA_03] Button: db
2026-09-08 14:38:40 INFO     [SA_03] Database sets loaded: 22
2026-09-08 14:38:40 DEBUG    [SA_03] Selected set: English A1
2026-09-08 14:40:27 DEBUG    [SA_03] Button: play
2026-09-08 14:40:27 DEBUG    [SA_03] PREPARE_ITEM #0
2026-09-08 14:40:27 DEBUG    [SA_03] ACTION: {'action': 'SHOW', 'target': 'top', 'content': 'phrase_text'}
2026-09-08 14:40:27 DEBUG    [SA_03] ACTION: {'action': 'PLAY', 'source': 'phrase_text'}
2026-09-08 14:40:27 DEBUG    [SA_03] AudioProvider: CACHE MISS
2026-09-08 14:40:28 DEBUG    [SA_03] TEXT PLAY
2026-09-08 14:40:31 DEBUG    [SA_03] TEXT_END
2026-09-08 14:40:31 DEBUG    [SA_03] ACTION: {'action': 'WAIT', 'source': 'pause_before_translation'}
2026-09-08 14:40:31 DEBUG    [SA_03] PAUSE_END
2026-09-08 14:40:31 DEBUG    [SA_03] ACTION: {'action': 'SHOW', 'target': 'bottom', 'content': 'translate_text'}
2026-09-08 14:40:31 DEBUG    [SA_03] ACTION: {'action': 'PLAY', 'source': 'translate_text'}
2026-09-08 14:40:31 DEBUG    [SA_03] AudioProvider: CACHE MISS
2026-09-08 14:40:32 DEBUG    [SA_03] TRANSLATION PLAY
2026-09-08 14:40:34 DEBUG    [SA_03] TRANSLATION_END
2026-09-08 14:40:34 DEBUG    [SA_03] ACTION: {'action': 'WAIT', 'source': 'pause_between_sentences'}
2026-09-08 14:40:36 DEBUG    [SA_03] PAUSE_END
2026-09-08 14:40:36 DEBUG    [SA_03] ACTION: {'action': 'HIDE', 'target': 'top'}
2026-09-08 14:40:36 DEBUG    [SA_03] ACTION: {'action': 'HIDE', 'target': 'bottom'}
2026-09-08 14:40:36 INFO     [SA_03] SCENARIO FINISHED
2026-09-08 14:40:36 DEBUG    [SA_03] FINISH_ITEM: repeat 1/1
2026-09-08 14:40:36 DEBUG    [SA_03] PREPARE_ITEM #1
2026-09-08 14:40:36 DEBUG    [SA_03] ACTION: {'action': 'SHOW', 'target': 'top', 'content': 'phrase_text'}
2026-09-08 14:40:36 DEBUG    [SA_03] ACTION: {'action': 'PLAY', 'source': 'phrase_text'}
2026-09-08 14:40:36 DEBUG    [SA_03] AudioProvider: CACHE HIT
2026-09-08 14:40:36 DEBUG    [SA_03] TEXT PLAY
2026-09-08 14:40:38 DEBUG    [SA_03] TEXT_END
2026-09-08 14:40:38 DEBUG    [SA_03] ACTION: {'action': 'WAIT', 'source': 'pause_before_translation'}
2026-09-08 14:40:39 DEBUG    [SA_03] PAUSE_END
2026-09-08 14:40:39 DEBUG    [SA_03] ACTION: {'action': 'SHOW', 'target': 'bottom', 'content': 'translate_text'}
2026-09-08 14:40:39 DEBUG    [SA_03] ACTION: {'action': 'PLAY', 'source': 'translate_text'}
2026-09-08 14:40:39 DEBUG    [SA_03] AudioProvider: CACHE HIT
2026-09-08 14:40:39 DEBUG    [SA_03] TRANSLATION PLAY
2026-09-08 14:40:41 DEBUG    [SA_03] TRANSLATION_END
2026-09-08 14:40:41 DEBUG    [SA_03] ACTION: {'action': 'WAIT', 'source': 'pause_between_sentences'}
2026-09-08 14:40:43 DEBUG    [SA_03] PAUSE_END
2026-09-08 14:40:43 DEBUG    [SA_03] ACTION: {'action': 'HIDE', 'target': 'top'}
2026-09-08 14:40:43 DEBUG    [SA_03] ACTION: {'action': 'HIDE', 'target': 'bottom'}
2026-09-08 14:40:43 INFO     [SA_03] SCENARIO FINISHED
2026-09-08 14:40:43 DEBUG    [SA_03] FINISH_ITEM: repeat 1/1
2026-09-08 14:40:43 DEBUG    [SA_03] PREPARE_ITEM #2
2026-09-08 14:40:43 DEBUG    [SA_03] ACTION: {'action': 'SHOW', 'target': 'top', 'content': 'phrase_text'}
2026-09-08 14:40:43 DEBUG    [SA_03] ACTION: {'action': 'PLAY', 'source': 'phrase_text'}
2026-09-08 14:40:43 DEBUG    [SA_03] AudioProvider: CACHE MISS
2026-09-08 14:40:44 DEBUG    [SA_03] TEXT PLAY
2026-09-08 14:40:46 DEBUG    [SA_03] TEXT_END
2026-09-08 14:40:46 DEBUG    [SA_03] ACTION: {'action': 'WAIT', 'source': 'pause_before_translation'}
2026-09-08 14:40:48 DEBUG    [SA_03] PAUSE_END
2026-09-08 14:40:48 DEBUG    [SA_03] ACTION: {'action': 'SHOW', 'target': 'bottom', 'content': 'translate_text'}
2026-09-08 14:40:48 DEBUG    [SA_03] ACTION: {'action': 'PLAY', 'source': 'translate_text'}
2026-09-08 14:40:48 DEBUG    [SA_03] AudioProvider: CACHE MISS
2026-09-08 14:40:49 DEBUG    [SA_03] TRANSLATION PLAY
2026-09-08 14:40:51 DEBUG    [SA_03] TRANSLATION_END
2026-09-08 14:40:51 DEBUG    [SA_03] ACTION: {'action': 'WAIT', 'source': 'pause_between_sentences'}
2026-09-08 14:40:53 DEBUG    [SA_03] PAUSE_END
2026-09-08 14:40:53 DEBUG    [SA_03] ACTION: {'action': 'HIDE', 'target': 'top'}
2026-09-08 14:40:53 DEBUG    [SA_03] ACTION: {'action': 'HIDE', 'target': 'bottom'}
2026-09-08 14:40:53 INFO     [SA_03] SCENARIO FINISHED
2026-09-08 14:40:53 DEBUG    [SA_03] FINISH_ITEM: repeat 1/1
2026-09-08 14:40:53 DEBUG    [SA_03] PREPARE_ITEM #3
2026-09-08 14:40:53 DEBUG    [SA_03] ACTION: {'action': 'SHOW', 'target': 'top', 'content': 'phrase_text'}
2026-09-08 14:40:53 DEBUG    [SA_03] ACTION: {'action': 'PLAY', 'source': 'phrase_text'}
2026-09-08 14:40:53 DEBUG    [SA_03] AudioProvider: CACHE MISS
2026-09-08 14:40:54 DEBUG    [SA_03] TEXT PLAY
2026-09-08 14:40:58 DEBUG    [SA_03] TEXT_END
2026-09-08 14:40:58 DEBUG    [SA_03] ACTION: {'action': 'WAIT', 'source': 'pause_before_translation'}
2026-09-08 14:41:01 DEBUG    [SA_03] PAUSE_END
2026-09-08 14:41:01 DEBUG    [SA_03] ACTION: {'action': 'SHOW', 'target': 'bottom', 'content': 'translate_text'}
2026-09-08 14:41:01 DEBUG    [SA_03] ACTION: {'action': 'PLAY', 'source': 'translate_text'}
2026-09-08 14:41:01 DEBUG    [SA_03] AudioProvider: CACHE MISS
2026-09-08 14:41:02 DEBUG    [SA_03] TRANSLATION PLAY
2026-09-08 14:41:06 DEBUG    [SA_03] TRANSLATION_END
2026-09-08 14:41:06 DEBUG    [SA_03] ACTION: {'action': 'WAIT', 'source': 'pause_between_sentences'}
2026-09-08 14:41:08 DEBUG    [SA_03] PAUSE_END
2026-09-08 14:41:08 DEBUG    [SA_03] ACTION: {'action': 'HIDE', 'target': 'top'}
2026-09-08 14:41:08 DEBUG    [SA_03] ACTION: {'action': 'HIDE', 'target': 'bottom'}
2026-09-08 14:41:08 INFO     [SA_03] SCENARIO FINISHED
2026-09-08 14:41:08 DEBUG    [SA_03] FINISH_ITEM: repeat 1/1
2026-09-08 14:41:08 DEBUG    [SA_03] PREPARE_ITEM #4
2026-09-08 14:41:08 DEBUG    [SA_03] ACTION: {'action': 'SHOW', 'target': 'top', 'content': 'phrase_text'}
2026-09-08 14:41:08 DEBUG    [SA_03] ACTION: {'action': 'PLAY', 'source': 'phrase_text'}
2026-09-08 14:41:08 DEBUG    [SA_03] AudioProvider: CACHE MISS
2026-09-08 14:41:09 DEBUG    [SA_03] TEXT PLAY
2026-09-08 14:41:14 DEBUG    [SA_03] TEXT_END
2026-09-08 14:41:14 DEBUG    [SA_03] ACTION: {'action': 'WAIT', 'source': 'pause_before_translation'}
2026-09-08 14:41:17 DEBUG    [SA_03] PAUSE_END
2026-09-08 14:41:17 DEBUG    [SA_03] ACTION: {'action': 'SHOW', 'target': 'bottom', 'content': 'translate_text'}
2026-09-08 14:41:17 DEBUG    [SA_03] ACTION: {'action': 'PLAY', 'source': 'translate_text'}
2026-09-08 14:41:17 DEBUG    [SA_03] AudioProvider: CACHE MISS
2026-09-08 14:41:18 DEBUG    [SA_03] TRANSLATION PLAY
2026-09-08 14:41:22 DEBUG    [SA_03] TRANSLATION_END
2026-09-08 14:41:22 DEBUG    [SA_03] ACTION: {'action': 'WAIT', 'source': 'pause_between_sentences'}
2026-09-08 14:41:24 DEBUG    [SA_03] PAUSE_END
2026-09-08 14:41:24 DEBUG    [SA_03] ACTION: {'action': 'HIDE', 'target': 'top'}
2026-09-08 14:41:24 DEBUG    [SA_03] ACTION: {'action': 'HIDE', 'target': 'bottom'}
2026-09-08 14:41:24 INFO     [SA_03] SCENARIO FINISHED
2026-09-08 14:41:24 DEBUG    [SA_03] FINISH_ITEM: repeat 1/1
2026-09-08 14:41:24 DEBUG    [SA_03] PREPARE_ITEM #5
2026-09-08 14:41:24 DEBUG    [SA_03] ACTION: {'action': 'SHOW', 'target': 'top', 'content': 'phrase_text'}
2026-09-08 14:41:24 DEBUG    [SA_03] ACTION: {'action': 'PLAY', 'source': 'phrase_text'}
2026-09-08 14:41:24 DEBUG    [SA_03] AudioProvider: CACHE MISS
2026-09-08 14:41:25 DEBUG    [SA_03] TEXT PLAY
2026-09-08 14:41:29 DEBUG    [SA_03] TEXT_END
2026-09-08 14:41:29 DEBUG    [SA_03] ACTION: {'action': 'WAIT', 'source': 'pause_before_translation'}
2026-09-08 14:41:32 DEBUG    [SA_03] PAUSE_END
2026-09-08 14:41:32 DEBUG    [SA_03] ACTION: {'action': 'SHOW', 'target': 'bottom', 'content': 'translate_text'}
2026-09-08 14:41:32 DEBUG    [SA_03] ACTION: {'action': 'PLAY', 'source': 'translate_text'}
2026-09-08 14:41:32 DEBUG    [SA_03] AudioProvider: CACHE MISS
2026-09-08 14:41:33 DEBUG    [SA_03] TRANSLATION PLAY
2026-09-08 14:41:36 DEBUG    [SA_03] TRANSLATION_END
2026-09-08 14:41:36 DEBUG    [SA_03] ACTION: {'action': 'WAIT', 'source': 'pause_between_sentences'}
2026-09-08 14:41:38 DEBUG    [SA_03] PAUSE_END
2026-09-08 14:41:38 DEBUG    [SA_03] ACTION: {'action': 'HIDE', 'target': 'top'}
2026-09-08 14:41:38 DEBUG    [SA_03] ACTION: {'action': 'HIDE', 'target': 'bottom'}
2026-09-08 14:41:38 INFO     [SA_03] SCENARIO FINISHED
2026-09-08 14:41:38 DEBUG    [SA_03] FINISH_ITEM: repeat 1/1
2026-09-08 14:41:38 DEBUG    [SA_03] PREPARE_ITEM #6
2026-09-08 14:41:38 DEBUG    [SA_03] ACTION: {'action': 'SHOW', 'target': 'top', 'content': 'phrase_text'}
2026-09-08 14:41:38 DEBUG    [SA_03] ACTION: {'action': 'PLAY', 'source': 'phrase_text'}
2026-09-08 14:41:38 DEBUG    [SA_03] AudioProvider: CACHE MISS
2026-09-08 14:41:39 DEBUG    [SA_03] TEXT PLAY
2026-09-08 14:41:42 DEBUG    [SA_03] TEXT_END
2026-09-08 14:41:42 DEBUG    [SA_03] ACTION: {'action': 'WAIT', 'source': 'pause_before_translation'}
2026-09-08 14:41:44 DEBUG    [SA_03] PAUSE_END
2026-09-08 14:41:44 DEBUG    [SA_03] ACTION: {'action': 'SHOW', 'target': 'bottom', 'content': 'translate_text'}
2026-09-08 14:41:44 DEBUG    [SA_03] ACTION: {'action': 'PLAY', 'source': 'translate_text'}
2026-09-08 14:41:44 DEBUG    [SA_03] AudioProvider: CACHE MISS
2026-09-08 14:41:45 DEBUG    [SA_03] TRANSLATION PLAY
2026-09-08 14:41:47 DEBUG    [SA_03] TRANSLATION_END
2026-09-08 14:41:47 DEBUG    [SA_03] ACTION: {'action': 'WAIT', 'source': 'pause_between_sentences'}
2026-09-08 14:41:49 DEBUG    [SA_03] PAUSE_END
2026-09-08 14:41:49 DEBUG    [SA_03] ACTION: {'action': 'HIDE', 'target': 'top'}
2026-09-08 14:41:49 DEBUG    [SA_03] ACTION: {'action': 'HIDE', 'target': 'bottom'}
2026-09-08 14:41:49 INFO     [SA_03] SCENARIO FINISHED
2026-09-08 14:41:49 DEBUG    [SA_03] FINISH_ITEM: repeat 1/1
2026-09-08 14:41:49 DEBUG    [SA_03] PREPARE_ITEM #7
2026-09-08 14:41:49 DEBUG    [SA_03] ACTION: {'action': 'SHOW', 'target': 'top', 'content': 'phrase_text'}
2026-09-08 14:41:49 DEBUG    [SA_03] ACTION: {'action': 'PLAY', 'source': 'phrase_text'}
2026-09-08 14:41:49 DEBUG    [SA_03] AudioProvider: CACHE MISS
2026-09-08 14:41:51 DEBUG    [SA_03] TEXT PLAY
2026-09-08 14:41:58 DEBUG    [SA_03] TEXT_END
2026-09-08 14:41:58 DEBUG    [SA_03] ACTION: {'action': 'WAIT', 'source': 'pause_before_translation'}
2026-09-08 14:42:01 DEBUG    [SA_03] PAUSE_END
2026-09-08 14:42:01 DEBUG    [SA_03] ACTION: {'action': 'SHOW', 'target': 'bottom', 'content': 'translate_text'}
2026-09-08 14:42:01 DEBUG    [SA_03] ACTION: {'action': 'PLAY', 'source': 'translate_text'}
2026-09-08 14:42:01 DEBUG    [SA_03] AudioProvider: CACHE MISS
2026-09-08 14:42:02 DEBUG    [SA_03] TRANSLATION PLAY
2026-09-08 14:42:05 DEBUG    [SA_03] Slider: factor_pause_before_translation = 3.155
2026-09-08 14:42:07 DEBUG    [SA_03] TRANSLATION_END
2026-09-08 14:42:07 DEBUG    [SA_03] ACTION: {'action': 'WAIT', 'source': 'pause_between_sentences'}
2026-09-08 14:42:09 DEBUG    [SA_03] PAUSE_END
2026-09-08 14:42:09 DEBUG    [SA_03] ACTION: {'action': 'HIDE', 'target': 'top'}
2026-09-08 14:42:09 DEBUG    [SA_03] ACTION: {'action': 'HIDE', 'target': 'bottom'}
2026-09-08 14:42:09 INFO     [SA_03] SCENARIO FINISHED
2026-09-08 14:42:09 DEBUG    [SA_03] FINISH_ITEM: repeat 1/1
2026-09-08 14:42:09 DEBUG    [SA_03] PREPARE_ITEM #8
2026-09-08 14:42:09 DEBUG    [SA_03] ACTION: {'action': 'SHOW', 'target': 'top', 'content': 'phrase_text'}
2026-09-08 14:42:09 DEBUG    [SA_03] ACTION: {'action': 'PLAY', 'source': 'phrase_text'}
2026-09-08 14:42:09 DEBUG    [SA_03] AudioProvider: CACHE MISS
2026-09-08 14:42:10 DEBUG    [SA_03] TEXT PLAY
2026-09-08 14:42:13 DEBUG    [SA_03] TEXT_END
2026-09-08 14:42:13 DEBUG    [SA_03] ACTION: {'action': 'WAIT', 'source': 'pause_before_translation'}
2026-09-08 14:42:19 DEBUG    [SA_03] PAUSE_END
2026-09-08 14:42:19 DEBUG    [SA_03] ACTION: {'action': 'SHOW', 'target': 'bottom', 'content': 'translate_text'}
2026-09-08 14:42:19 DEBUG    [SA_03] ACTION: {'action': 'PLAY', 'source': 'translate_text'}
2026-09-08 14:42:19 DEBUG    [SA_03] AudioProvider: CACHE MISS
2026-09-08 14:42:19 DEBUG    [SA_03] TRANSLATION PLAY
2026-09-08 14:42:21 DEBUG    [SA_03] TRANSLATION_END
2026-09-08 14:42:21 DEBUG    [SA_03] ACTION: {'action': 'WAIT', 'source': 'pause_between_sentences'}
2026-09-08 14:42:23 DEBUG    [SA_03] PAUSE_END
2026-09-08 14:42:23 DEBUG    [SA_03] ACTION: {'action': 'HIDE', 'target': 'top'}
2026-09-08 14:42:23 DEBUG    [SA_03] ACTION: {'action': 'HIDE', 'target': 'bottom'}
2026-09-08 14:42:23 INFO     [SA_03] SCENARIO FINISHED
2026-09-08 14:42:23 DEBUG    [SA_03] FINISH_ITEM: repeat 1/1
2026-09-08 14:42:23 DEBUG    [SA_03] PREPARE_ITEM #9
2026-09-08 14:42:23 DEBUG    [SA_03] ACTION: {'action': 'SHOW', 'target': 'top', 'content': 'phrase_text'}
2026-09-08 14:42:23 DEBUG    [SA_03] ACTION: {'action': 'PLAY', 'source': 'phrase_text'}
2026-09-08 14:42:23 DEBUG    [SA_03] AudioProvider: CACHE MISS
2026-09-08 14:42:24 DEBUG    [SA_03] TEXT PLAY
2026-09-08 14:42:30 DEBUG    [SA_03] TEXT_END
2026-09-08 14:42:31 DEBUG    [SA_03] ACTION: {'action': 'WAIT', 'source': 'pause_before_translation'}
2026-09-08 14:42:41 DEBUG    [SA_03] PAUSE_END
2026-09-08 14:42:41 DEBUG    [SA_03] ACTION: {'action': 'SHOW', 'target': 'bottom', 'content': 'translate_text'}
2026-09-08 14:42:41 DEBUG    [SA_03] ACTION: {'action': 'PLAY', 'source': 'translate_text'}
2026-09-08 14:42:42 DEBUG    [SA_03] AudioProvider: CACHE MISS
2026-09-08 14:42:42 DEBUG    [SA_03] TRANSLATION PLAY
2026-09-08 14:42:48 DEBUG    [SA_03] TRANSLATION_END
2026-09-08 14:42:48 DEBUG    [SA_03] ACTION: {'action': 'WAIT', 'source': 'pause_between_sentences'}
2026-09-08 14:42:50 DEBUG    [SA_03] PAUSE_END
2026-09-08 14:42:50 DEBUG    [SA_03] ACTION: {'action': 'HIDE', 'target': 'top'}
2026-09-08 14:42:50 DEBUG    [SA_03] ACTION: {'action': 'HIDE', 'target': 'bottom'}
2026-09-08 14:42:50 INFO     [SA_03] SCENARIO FINISHED
2026-09-08 14:42:50 DEBUG    [SA_03] FINISH_ITEM: repeat 1/1
2026-09-08 14:42:50 DEBUG    [SA_03] PREPARE_ITEM #10
2026-09-08 14:42:50 DEBUG    [SA_03] ACTION: {'action': 'SHOW', 'target': 'top', 'content': 'phrase_text'}
2026-09-08 14:42:50 DEBUG    [SA_03] ACTION: {'action': 'PLAY', 'source': 'phrase_text'}
2026-09-08 14:42:50 DEBUG    [SA_03] AudioProvider: CACHE MISS
2026-09-08 14:42:51 DEBUG    [SA_03] TEXT PLAY
2026-09-08 14:42:54 DEBUG    [SA_03] TEXT_END
2026-09-08 14:42:54 DEBUG    [SA_03] ACTION: {'action': 'WAIT', 'source': 'pause_before_translation'}
2026-09-08 14:43:01 DEBUG    [SA_03] PAUSE_END
2026-09-08 14:43:01 DEBUG    [SA_03] ACTION: {'action': 'SHOW', 'target': 'bottom', 'content': 'translate_text'}
2026-09-08 14:43:01 DEBUG    [SA_03] ACTION: {'action': 'PLAY', 'source': 'translate_text'}
2026-09-08 14:43:01 DEBUG    [SA_03] AudioProvider: CACHE MISS
2026-09-08 14:43:02 DEBUG    [SA_03] TRANSLATION PLAY
2026-09-08 14:43:04 DEBUG    [SA_03] Checkbox: loop = True
2026-09-08 14:43:05 DEBUG    [SA_03] TRANSLATION_END
2026-09-08 14:43:05 DEBUG    [SA_03] ACTION: {'action': 'WAIT', 'source': 'pause_between_sentences'}
2026-09-08 14:43:07 DEBUG    [SA_03] PAUSE_END
2026-09-08 14:43:07 DEBUG    [SA_03] ACTION: {'action': 'HIDE', 'target': 'top'}
2026-09-08 14:43:07 DEBUG    [SA_03] ACTION: {'action': 'HIDE', 'target': 'bottom'}
2026-09-08 14:43:07 INFO     [SA_03] SCENARIO FINISHED
2026-09-08 14:43:07 DEBUG    [SA_03] LOOP: repeat current item
2026-09-08 14:43:07 DEBUG    [SA_03] ACTION: {'action': 'SHOW', 'target': 'top', 'content': 'phrase_text'}
2026-09-08 14:43:07 DEBUG    [SA_03] ACTION: {'action': 'PLAY', 'source': 'phrase_text'}
2026-09-08 14:43:07 DEBUG    [SA_03] AudioProvider: CACHE HIT
2026-09-08 14:43:07 DEBUG    [SA_03] TEXT PLAY
2026-09-08 14:43:10 DEBUG    [SA_03] TEXT_END
2026-09-08 14:43:10 DEBUG    [SA_03] ACTION: {'action': 'WAIT', 'source': 'pause_before_translation'}
2026-09-08 14:43:17 DEBUG    [SA_03] PAUSE_END
2026-09-08 14:43:17 DEBUG    [SA_03] ACTION: {'action': 'SHOW', 'target': 'bottom', 'content': 'translate_text'}
2026-09-08 14:43:17 DEBUG    [SA_03] ACTION: {'action': 'PLAY', 'source': 'translate_text'}
2026-09-08 14:43:17 DEBUG    [SA_03] AudioProvider: CACHE HIT
2026-09-08 14:43:17 DEBUG    [SA_03] TRANSLATION PLAY
2026-09-08 14:43:20 DEBUG    [SA_03] TRANSLATION_END
2026-09-08 14:43:20 DEBUG    [SA_03] ACTION: {'action': 'WAIT', 'source': 'pause_between_sentences'}
2026-09-08 14:43:22 DEBUG    [SA_03] PAUSE_END
2026-09-08 14:43:22 DEBUG    [SA_03] ACTION: {'action': 'HIDE', 'target': 'top'}
2026-09-08 14:43:22 DEBUG    [SA_03] ACTION: {'action': 'HIDE', 'target': 'bottom'}
2026-09-08 14:43:22 INFO     [SA_03] SCENARIO FINISHED
2026-09-08 14:43:22 DEBUG    [SA_03] LOOP: repeat current item
2026-09-08 14:43:22 DEBUG    [SA_03] ACTION: {'action': 'SHOW', 'target': 'top', 'content': 'phrase_text'}
2026-09-08 14:43:22 DEBUG    [SA_03] ACTION: {'action': 'PLAY', 'source': 'phrase_text'}
2026-09-08 14:43:22 DEBUG    [SA_03] AudioProvider: CACHE HIT
2026-09-08 14:43:22 DEBUG    [SA_03] TEXT PLAY
2026-09-08 14:43:24 DEBUG    [SA_03] Button: pause
2026-09-08 14:54:45 DEBUG    [SA_03] Button: settings
2026-09-08 14:54:45 DEBUG    [SA_03] INITIAL ITEM: phrase_code = pl phrase_locale = pl-PL phrase_voice = pl-PL-ZofiaNeural
2026-09-08 14:54:45 DEBUG    [SA_03] INITIAL SOURCE: language = pl locale = pl-PL voice = 
2026-09-08 14:54:45 DEBUG    [SA_03] Target language: en
2026-09-08 14:54:45 DEBUG    [SA_03] Target locale: en-US
2026-09-08 14:55:03 DEBUG    [SA_03] Target language: ru
2026-09-08 14:55:04 DEBUG    [SA_03] Target locale: ru-RU
2026-09-08 14:55:08 DEBUG    [SA_03] Target voice: ru-RU-SvetlanaNeural
2026-09-08 14:55:30 ERROR    [SA_03] Checking source language before generation...
2026-09-08 14:55:43 INFO     [SA_03] Detected language: pl
2026-09-08 14:55:43 DEBUG    [SA_03] Generate language check: source = pl detected = pl
2026-09-08 14:55:43 DEBUG    [SA_03] Source language matches.
2026-09-08 14:55:43 INFO     [SA_03] Generator: ShadowingGenerator
2026-09-08 14:55:43 INFO     [SA_03] Generating plan...
2026-09-08 14:56:21 INFO     [SA_03] 
2026-09-08 14:56:21 INFO     [SA_03] ==============
2026-09-08 14:56:21 INFO     [SA_03] PLAN GENERATED
2026-09-08 14:56:21 INFO     [SA_03] ==============
2026-09-08 14:56:21 INFO     [SA_03] Items: 45
2026-09-08 14:56:21 INFO     [SA_03] --------------
2026-09-08 14:56:21 INFO     [SA_03] 1 ### Nie przyjdę | pause: 2850 | repeat: 2
2026-09-08 14:56:21 INFO     [SA_03] 2 Nie przyjdę dzisiaj do pracy, ponieważ źle się czuję. | pause: 5000 | repeat: 2
2026-09-08 14:56:21 INFO     [SA_03] 3 Nie przyjdę na spotkanie, bo mam inne ważne sprawy. | pause: 5000 | repeat: 2
2026-09-08 14:56:21 INFO     [SA_03] 4 Jutro nie przyjdę do biura, będę pracował z domu. | pause: 5000 | repeat: 2
2026-09-08 14:56:21 INFO     [SA_03] 5 Powiedziałem mu, że nie przyjdę na imprezę. | pause: 5000 | repeat: 2
2026-09-08 14:56:21 INFO     [SA_03] 6 Wczoraj nie przyszedłem na zajęcia, ponieważ byłem chory. | pause: 5000 | repeat: 2
2026-09-08 14:56:21 INFO     [SA_03] 7 Gdybym wiedział o tym wcześniej, nie przyszedłbym na to spotkanie. | pause: 5000 | repeat: 2
2026-09-08 14:56:21 INFO     [SA_03] 8 Jeśli nadal będę się źle czuł, nie przyjdę jutro do pracy. | pause: 5000 | repeat: 2
2026-09-08 14:56:21 INFO     [SA_03] 9 Obiecałem, że przyjdę, ale jednak nie przyjdę. | pause: 5000 | repeat: 2
2026-09-08 14:56:21 INFO     [SA_03] 10 ### Nie zdążę | pause: 2830 | repeat: 2
2026-09-08 14:56:21 INFO     [SA_03] 11 Nie zdążę dzisiaj skończyć tego projektu. | pause: 5000 | repeat: 2
2026-09-08 14:56:21 INFO     [SA_03] 12 Jeśli wyjdziemy tak późno, nie zdążymy na autobus. | pause: 5000 | repeat: 2
2026-09-08 14:56:21 INFO     [SA_03] 13 Nie zdążę przygotować wszystkiego przed spotkaniem. | pause: 5000 | repeat: 2
2026-09-08 14:56:21 INFO     [SA_03] 14 Powiedziałem, że zdążę, ale teraz widzę, że nie zdążę. | pause: 5000 | repeat: 2
2026-09-08 14:56:21 INFO     [SA_03] 15 Wczoraj nie zdążyłem zrobić wszystkich zakupów. | pause: 5000 | repeat: 2
2026-09-08 14:56:21 INFO     [SA_03] 16 Gdybym wiedział o tym wcześniej, na pewno bym zdążył. | pause: 5000 | repeat: 2
2026-09-08 14:56:21 INFO     [SA_03] 17 Jeśli będziesz mi pomagał, może zdążymy przed końcem dnia. | pause: 5000 | repeat: 2
2026-09-08 14:56:21 INFO     [SA_03] 18 Przepraszam, ale nie zdążę przyjechać na czas. | pause: 5000 | repeat: 2
2026-09-08 14:56:21 INFO     [SA_03] 19 ### Nie narzekam | pause: 2860 | repeat: 2
2026-09-08 14:56:21 INFO     [SA_03] 20 Nie narzekam na swoją pracę, ponieważ mam dobrych kolegów. | pause: 5000 | repeat: 2
2026-09-08 14:56:21 INFO     [SA_03] 21 Nie narzekam, chociaż czasami jest naprawdę trudno. | pause: 5000 | repeat: 2
2026-09-08 14:56:21 INFO     [SA_03] 22 Kiedyś często narzekałem na swoją pracę, ale teraz jest lepiej. | pause: 5000 | repeat: 2
2026-09-08 14:56:21 INFO     [SA_03] 23 W ostatnich miesiącach nie narzekałem na warunki pracy. | pause: 5000 | repeat: 2
2026-09-08 14:56:21 INFO     [SA_03] 24 Nie będę narzekał, jeśli wszystko zostanie zrobione na czas. | pause: 5000 | repeat: 2
2026-09-08 14:56:21 INFO     [SA_03] 25 Gdybym miał więcej czasu, też bym nie narzekał. | pause: 5000 | repeat: 2
2026-09-08 14:56:21 INFO     [SA_03] 26 On zawsze narzeka, ale ja nie narzekam i po prostu robię swoje. | pause: 5000 | repeat: 2
2026-09-08 14:56:21 INFO     [SA_03] 27 Szczerze mówiąc, nie narzekam na życie w tym mieście. | pause: 5000 | repeat: 2
2026-09-08 14:56:21 INFO     [SA_03] 28 ### Nie ukrywam | pause: 2850 | repeat: 2
2026-09-08 14:56:21 INFO     [SA_03] 29 Nie ukrywam, że jestem trochę zmęczony. | pause: 5000 | repeat: 2
2026-09-08 14:56:21 INFO     [SA_03] 30 Nie ukrywam, że ten problem jest dla mnie trudny. | pause: 5000 | repeat: 2
2026-09-08 14:56:21 INFO     [SA_03] 31 Nie ukrywam, że bardzo podoba mi się ta praca. | pause: 5000 | repeat: 2
2026-09-08 14:56:21 INFO     [SA_03] 32 Nie ukrywałem przed nim, że nie zgadzam się z jego decyzją. | pause: 5000 | repeat: 2
2026-09-08 14:56:21 INFO     [SA_03] 33 Nie będę ukrywał, że trochę się tego boję. | pause: 5000 | repeat: 2
2026-09-08 14:56:21 INFO     [SA_03] 34 Jeśli mam być szczery, nie ukrywam, że liczyłem na lepszy wynik. | pause: 5000 | repeat: 2
2026-09-08 14:56:21 INFO     [SA_03] 35 Nie ukrywam, że wcześniej miałem podobny problem. | pause: 5000 | repeat: 2
2026-09-08 14:56:21 INFO     [SA_03] 36 Gdybym chciał coś przed tobą ukryć, po prostu bym o tym nie mówił. | pause: 5000 | repeat: 2
2026-09-08 14:56:21 INFO     [SA_03] 37 ### Nie zgadzam się | pause: 3290 | repeat: 2
2026-09-08 14:56:21 INFO     [SA_03] 38 Nie zgadzam się z tobą w tej sprawie. | pause: 5000 | repeat: 2
2026-09-08 14:56:21 INFO     [SA_03] 39 Nie zgadzam się na takie warunki umowy. | pause: 5000 | repeat: 2
2026-09-08 14:56:21 INFO     [SA_03] 40 Nie zgadzam się, żeby podejmować decyzję bez rozmowy z pracownikami. | pause: 5000 | repeat: 2
2026-09-08 14:56:21 INFO     [SA_03] 41 Wczoraj nie zgodziłem się na jego propozycję. | pause: 5000 | repeat: 2
2026-09-08 14:56:21 INFO     [SA_03] 42 Wtedy nie zgadzałem się z jego opinią, ale dzisiaj myślę inaczej. | pause: 5000 | repeat: 2
2026-09-08 14:56:21 INFO     [SA_03] 43 Nie będę się zgadzał na dodatkową pracę bez wynagrodzenia. | pause: 5000 | repeat: 2
2026-09-08 14:56:21 INFO     [SA_03] 44 Gdybym był na twoim miejscu, też bym się na to nie zgodził. | pause: 5000 | repeat: 2
2026-09-08 14:56:21 INFO     [SA_03] 45 Chociaż rozumiem jego argumenty, nadal się z nim nie zgadzam. | pause: 5000 | repeat: 2
2026-09-08 14:56:21 INFO     [SA_03] ==============================
2026-09-08 14:56:21 INFO     [SA_03] 
2026-09-08 14:56:37 DEBUG    [SA_03] Button: play
2026-09-08 14:56:37 DEBUG    [SA_03] PREPARE_ITEM #0
2026-09-08 14:56:37 DEBUG    [SA_03] ACTION: {'action': 'SHOW', 'target': 'top', 'content': 'phrase_text'}
2026-09-08 14:56:37 DEBUG    [SA_03] ACTION: {'action': 'PLAY', 'source': 'phrase_text'}
2026-09-08 14:56:37 DEBUG    [SA_03] AudioProvider: CACHE MISS
2026-09-08 14:56:38 DEBUG    [SA_03] TEXT PLAY
2026-09-08 14:56:39 DEBUG    [SA_03] TEXT_END
2026-09-08 14:56:39 DEBUG    [SA_03] ACTION: {'action': 'WAIT', 'source': 'pause_before_translation'}
2026-09-08 14:56:48 DEBUG    [SA_03] PAUSE_END
2026-09-08 14:56:48 DEBUG    [SA_03] ACTION: {'action': 'SHOW', 'target': 'bottom', 'content': 'translate_text'}
2026-09-08 14:56:48 DEBUG    [SA_03] ACTION: {'action': 'PLAY', 'source': 'translate_text'}
2026-09-08 14:56:48 DEBUG    [SA_03] AudioProvider: CACHE MISS
2026-09-08 14:56:50 DEBUG    [SA_03] TRANSLATION PLAY
2026-09-08 14:56:53 DEBUG    [SA_03] TRANSLATION_END
2026-09-08 14:56:53 DEBUG    [SA_03] ACTION: {'action': 'WAIT', 'source': 'pause_between_sentences'}
2026-09-08 14:56:55 DEBUG    [SA_03] PAUSE_END
2026-09-08 14:56:55 DEBUG    [SA_03] ACTION: {'action': 'HIDE', 'target': 'top'}
2026-09-08 14:56:55 DEBUG    [SA_03] ACTION: {'action': 'HIDE', 'target': 'bottom'}
2026-09-08 14:56:55 INFO     [SA_03] SCENARIO FINISHED
2026-09-08 14:56:55 DEBUG    [SA_03] LOOP: repeat current item
2026-09-08 14:56:55 DEBUG    [SA_03] ACTION: {'action': 'SHOW', 'target': 'top', 'content': 'phrase_text'}
2026-09-08 14:56:55 DEBUG    [SA_03] ACTION: {'action': 'PLAY', 'source': 'phrase_text'}
2026-09-08 14:56:55 DEBUG    [SA_03] AudioProvider: CACHE HIT
2026-09-08 14:56:55 DEBUG    [SA_03] TEXT PLAY
2026-09-08 14:56:57 DEBUG    [SA_03] TEXT_END
2026-09-08 14:56:57 DEBUG    [SA_03] ACTION: {'action': 'WAIT', 'source': 'pause_before_translation'}
2026-09-08 14:56:59 DEBUG    [SA_03] Button: play
2026-09-08 14:56:59 DEBUG    [SA_03] PREPARE_ITEM #0
2026-09-08 14:56:59 DEBUG    [SA_03] ACTION: {'action': 'SHOW', 'target': 'top', 'content': 'phrase_text'}
2026-09-08 14:56:59 DEBUG    [SA_03] ACTION: {'action': 'PLAY', 'source': 'phrase_text'}
2026-09-08 14:56:59 DEBUG    [SA_03] AudioProvider: CACHE HIT
2026-09-08 14:56:59 DEBUG    [SA_03] TEXT PLAY
2026-09-08 14:57:01 DEBUG    [SA_03] TEXT_END
2026-09-08 14:57:01 DEBUG    [SA_03] ACTION: {'action': 'WAIT', 'source': 'pause_before_translation'}
2026-09-08 14:57:05 DEBUG    [SA_03] Button: play
2026-09-08 14:57:05 DEBUG    [SA_03] PREPARE_ITEM #0
2026-09-08 14:57:05 DEBUG    [SA_03] ACTION: {'action': 'SHOW', 'target': 'top', 'content': 'phrase_text'}
2026-09-08 14:57:05 DEBUG    [SA_03] ACTION: {'action': 'PLAY', 'source': 'phrase_text'}
2026-09-08 14:57:05 DEBUG    [SA_03] AudioProvider: CACHE HIT
2026-09-08 14:57:05 DEBUG    [SA_03] TEXT PLAY
2026-09-08 14:57:07 DEBUG    [SA_03] TEXT_END
2026-09-08 14:57:07 DEBUG    [SA_03] Button: play
2026-09-08 14:57:07 DEBUG    [SA_03] PREPARE_ITEM #0
2026-09-08 14:57:07 DEBUG    [SA_03] ACTION: {'action': 'SHOW', 'target': 'top', 'content': 'phrase_text'}
2026-09-08 14:57:07 DEBUG    [SA_03] ACTION: {'action': 'PLAY', 'source': 'phrase_text'}
2026-09-08 14:57:07 DEBUG    [SA_03] AudioProvider: CACHE HIT
2026-09-08 14:57:07 DEBUG    [SA_03] TEXT PLAY
2026-09-08 14:57:09 DEBUG    [SA_03] Button: next
2026-09-08 14:57:09 DEBUG    [SA_03] PREPARE_ITEM #1
2026-09-08 14:57:09 DEBUG    [SA_03] ACTION: {'action': 'SHOW', 'target': 'top', 'content': 'phrase_text'}
2026-09-08 14:57:09 DEBUG    [SA_03] ACTION: {'action': 'PLAY', 'source': 'phrase_text'}
2026-09-08 14:57:09 DEBUG    [SA_03] AudioProvider: CACHE MISS
2026-09-08 14:57:09 DEBUG    [SA_03] TEXT PLAY
2026-09-08 14:57:13 DEBUG    [SA_03] TEXT_END
2026-09-08 14:57:13 DEBUG    [SA_03] ACTION: {'action': 'WAIT', 'source': 'pause_before_translation'}
2026-09-08 14:57:29 DEBUG    [SA_03] PAUSE_END
2026-09-08 14:57:29 DEBUG    [SA_03] ACTION: {'action': 'SHOW', 'target': 'bottom', 'content': 'translate_text'}
2026-09-08 14:57:29 DEBUG    [SA_03] ACTION: {'action': 'PLAY', 'source': 'translate_text'}
2026-09-08 14:57:29 DEBUG    [SA_03] AudioProvider: CACHE MISS
2026-09-08 14:57:31 DEBUG    [SA_03] TRANSLATION PLAY
2026-09-08 14:57:36 DEBUG    [SA_03] TRANSLATION_END
2026-09-08 14:57:36 DEBUG    [SA_03] ACTION: {'action': 'WAIT', 'source': 'pause_between_sentences'}
2026-09-08 14:57:38 DEBUG    [SA_03] PAUSE_END
2026-09-08 14:57:38 DEBUG    [SA_03] ACTION: {'action': 'HIDE', 'target': 'top'}
2026-09-08 14:57:38 DEBUG    [SA_03] ACTION: {'action': 'HIDE', 'target': 'bottom'}
2026-09-08 14:57:38 INFO     [SA_03] SCENARIO FINISHED
2026-09-08 14:57:38 DEBUG    [SA_03] LOOP: repeat current item
2026-09-08 14:57:38 DEBUG    [SA_03] ACTION: {'action': 'SHOW', 'target': 'top', 'content': 'phrase_text'}
2026-09-08 14:57:38 DEBUG    [SA_03] ACTION: {'action': 'PLAY', 'source': 'phrase_text'}
2026-09-08 14:57:38 DEBUG    [SA_03] AudioProvider: CACHE HIT
2026-09-08 14:57:38 DEBUG    [SA_03] TEXT PLAY
2026-09-08 14:57:39 DEBUG    [SA_03] Slider: voice_speed = 0.931111111111111
2026-09-08 14:57:42 DEBUG    [SA_03] TEXT_END
2026-09-08 14:57:42 DEBUG    [SA_03] ACTION: {'action': 'WAIT', 'source': 'pause_before_translation'}
2026-09-08 14:57:57 DEBUG    [SA_03] PAUSE_END
2026-09-08 14:57:57 DEBUG    [SA_03] ACTION: {'action': 'SHOW', 'target': 'bottom', 'content': 'translate_text'}
2026-09-08 14:57:58 DEBUG    [SA_03] ACTION: {'action': 'PLAY', 'source': 'translate_text'}
2026-09-08 14:57:58 DEBUG    [SA_03] AudioProvider: CACHE MISS
2026-09-08 14:58:00 DEBUG    [SA_03] TRANSLATION PLAY
2026-09-08 14:58:04 DEBUG    [SA_03] TRANSLATION_END
2026-09-08 14:58:04 DEBUG    [SA_03] ACTION: {'action': 'WAIT', 'source': 'pause_between_sentences'}
2026-09-08 14:58:06 DEBUG    [SA_03] PAUSE_END
2026-09-08 14:58:06 DEBUG    [SA_03] ACTION: {'action': 'HIDE', 'target': 'top'}
2026-09-08 14:58:06 DEBUG    [SA_03] ACTION: {'action': 'HIDE', 'target': 'bottom'}
2026-09-08 14:58:07 INFO     [SA_03] SCENARIO FINISHED
2026-09-08 14:58:07 DEBUG    [SA_03] LOOP: repeat current item
2026-09-08 14:58:07 DEBUG    [SA_03] ACTION: {'action': 'SHOW', 'target': 'top', 'content': 'phrase_text'}
2026-09-08 14:58:07 DEBUG    [SA_03] ACTION: {'action': 'PLAY', 'source': 'phrase_text'}
2026-09-08 14:58:07 DEBUG    [SA_03] AudioProvider: CACHE MISS
2026-09-08 14:58:07 DEBUG    [SA_03] Button: db
2026-09-08 14:58:08 DEBUG    [SA_03] TEXT PLAY
2026-09-08 14:58:08 INFO     [SA_03] Database sets loaded: 22
2026-09-08 14:58:08 DEBUG    [SA_03] Selected set: English A1
2026-09-08 14:58:12 DEBUG    [SA_03] TEXT_END
2026-09-08 14:58:12 DEBUG    [SA_03] ACTION: {'action': 'WAIT', 'source': 'pause_before_translation'}
2026-09-08 14:58:17 DEBUG    [SA_03] Button: settoexcel
2026-09-08 14:58:22 DEBUG    [SA_03] Excel export cancelled
2026-09-08 14:58:27 DEBUG    [SA_03] Button: settoexcel
2026-09-08 14:59:21 DEBUG    [SA_03] PAUSE_END
2026-09-08 14:59:21 DEBUG    [SA_03] ACTION: {'action': 'SHOW', 'target': 'bottom', 'content': 'translate_text'}
2026-09-08 14:59:21 DEBUG    [SA_03] ACTION: {'action': 'PLAY', 'source': 'translate_text'}
2026-09-08 14:59:21 DEBUG    [SA_03] AudioProvider: CACHE HIT
2026-09-08 14:59:21 DEBUG    [SA_03] TRANSLATION PLAY
2026-09-08 14:59:21 INFO     [SA_03] Session exported to Excel: C:/Users/liudm/SadowingApp/SA_03/tmp/Polish5.xlsx
2026-09-08 14:59:26 DEBUG    [SA_03] TRANSLATION_END
2026-09-08 14:59:26 DEBUG    [SA_03] ACTION: {'action': 'WAIT', 'source': 'pause_between_sentences'}
2026-09-08 14:59:28 DEBUG    [SA_03] PAUSE_END
2026-09-08 14:59:28 DEBUG    [SA_03] ACTION: {'action': 'HIDE', 'target': 'top'}
2026-09-08 14:59:28 DEBUG    [SA_03] ACTION: {'action': 'HIDE', 'target': 'bottom'}
2026-09-08 14:59:28 INFO     [SA_03] SCENARIO FINISHED
2026-09-08 14:59:28 DEBUG    [SA_03] LOOP: repeat current item
2026-09-08 14:59:28 DEBUG    [SA_03] ACTION: {'action': 'SHOW', 'target': 'top', 'content': 'phrase_text'}
2026-09-08 14:59:28 DEBUG    [SA_03] ACTION: {'action': 'PLAY', 'source': 'phrase_text'}
2026-09-08 14:59:28 DEBUG    [SA_03] AudioProvider: CACHE HIT
2026-09-08 14:59:28 DEBUG    [SA_03] TEXT PLAY
2026-09-08 14:59:31 INFO     [SA_03] Finish Application
2026-09-09 09:05:26 INFO     [SA_03] Start Application
2026-09-09 09:05:35 DEBUG    [SA_03] INITIAL ITEM: phrase_code = pl phrase_locale = pl-PL phrase_voice = pl-PL-ZofiaNeural
2026-09-09 09:05:35 DEBUG    [SA_03] INITIAL SOURCE: language = pl locale = pl-PL voice = 
2026-09-09 09:05:39 DEBUG    [SA_03] Button: play
2026-09-09 09:05:39 DEBUG    [SA_03] PREPARE_ITEM #0
2026-09-09 09:05:39 DEBUG    [SA_03] ACTION: {'action': 'SHOW', 'target': 'top', 'content': 'phrase_text'}
2026-09-09 09:05:39 DEBUG    [SA_03] ACTION: {'action': 'PLAY', 'source': 'phrase_text'}
2026-09-09 09:05:39 DEBUG    [SA_03] AudioProvider: CACHE HIT
2026-09-09 09:05:39 DEBUG    [SA_03] TEXT PLAY
2026-09-09 09:05:41 DEBUG    [SA_03] Button: play
2026-09-09 09:05:41 DEBUG    [SA_03] PREPARE_ITEM #0
2026-09-09 09:05:41 DEBUG    [SA_03] ACTION: {'action': 'SHOW', 'target': 'top', 'content': 'phrase_text'}
2026-09-09 09:05:41 DEBUG    [SA_03] ACTION: {'action': 'PLAY', 'source': 'phrase_text'}
2026-09-09 09:05:41 DEBUG    [SA_03] AudioProvider: CACHE HIT
2026-09-09 09:05:41 DEBUG    [SA_03] TEXT PLAY
2026-09-09 09:05:41 DEBUG    [SA_03] Button: play
2026-09-09 09:05:41 DEBUG    [SA_03] PREPARE_ITEM #0
2026-09-09 09:05:41 DEBUG    [SA_03] ACTION: {'action': 'SHOW', 'target': 'top', 'content': 'phrase_text'}
2026-09-09 09:05:42 DEBUG    [SA_03] ACTION: {'action': 'PLAY', 'source': 'phrase_text'}
2026-09-09 09:05:42 DEBUG    [SA_03] AudioProvider: CACHE HIT
2026-09-09 09:05:42 DEBUG    [SA_03] TEXT PLAY
2026-09-09 09:05:43 DEBUG    [SA_03] Button: play
2026-09-09 09:05:43 DEBUG    [SA_03] PREPARE_ITEM #0
2026-09-09 09:05:43 DEBUG    [SA_03] ACTION: {'action': 'SHOW', 'target': 'top', 'content': 'phrase_text'}
2026-09-09 09:05:43 DEBUG    [SA_03] ACTION: {'action': 'PLAY', 'source': 'phrase_text'}
2026-09-09 09:05:43 DEBUG    [SA_03] AudioProvider: CACHE HIT
2026-09-09 09:05:43 DEBUG    [SA_03] TEXT PLAY
2026-09-09 09:05:45 DEBUG    [SA_03] TEXT_END
2026-09-09 09:05:45 DEBUG    [SA_03] ACTION: {'action': 'WAIT', 'source': 'pause_before_translation'}
2026-09-09 09:05:46 DEBUG    [SA_03] Button: next
2026-09-09 09:05:46 DEBUG    [SA_03] PREPARE_ITEM #1
2026-09-09 09:05:46 DEBUG    [SA_03] ACTION: {'action': 'SHOW', 'target': 'top', 'content': 'phrase_text'}
2026-09-09 09:05:46 DEBUG    [SA_03] ACTION: {'action': 'PLAY', 'source': 'phrase_text'}
2026-09-09 09:05:46 DEBUG    [SA_03] AudioProvider: CACHE HIT
2026-09-09 09:05:46 DEBUG    [SA_03] TEXT PLAY
2026-09-09 09:05:46 DEBUG    [SA_03] Button: next
2026-09-09 09:05:46 DEBUG    [SA_03] PREPARE_ITEM #2
2026-09-09 09:05:46 DEBUG    [SA_03] ACTION: {'action': 'SHOW', 'target': 'top', 'content': 'phrase_text'}
2026-09-09 09:05:46 DEBUG    [SA_03] ACTION: {'action': 'PLAY', 'source': 'phrase_text'}
2026-09-09 09:05:46 DEBUG    [SA_03] AudioProvider: CACHE MISS
2026-09-09 09:05:47 DEBUG    [SA_03] TEXT PLAY
2026-09-09 09:05:51 DEBUG    [SA_03] TEXT_END
2026-09-09 09:05:51 DEBUG    [SA_03] ACTION: {'action': 'WAIT', 'source': 'pause_before_translation'}
2026-09-09 09:05:56 DEBUG    [SA_03] PAUSE_END
2026-09-09 09:05:56 DEBUG    [SA_03] ACTION: {'action': 'SHOW', 'target': 'bottom', 'content': 'translate_text'}
2026-09-09 09:05:56 DEBUG    [SA_03] ACTION: {'action': 'PLAY', 'source': 'translate_text'}
2026-09-09 09:05:56 DEBUG    [SA_03] AudioProvider: CACHE MISS
2026-09-09 09:05:57 DEBUG    [SA_03] TRANSLATION PLAY
2026-09-09 09:06:02 DEBUG    [SA_03] Button: pause
2026-09-09 09:15:10 DEBUG    [SA_03] Button: db
2026-09-09 09:15:11 INFO     [SA_03] Database sets loaded: 22
2026-09-09 09:15:11 DEBUG    [SA_03] Selected set: English A1
2026-09-09 09:15:16 DEBUG    [SA_03] Button: exceltoset
2026-09-09 09:15:22 INFO     [SA_03] Session imported from Excel: C:/Users/liudm/SadowingApp/SA_03/tmp/Polish5.xlsx
2026-09-09 09:15:32 DEBUG    [SA_03] Button: settodb
2026-09-09 09:15:34 DEBUG    [SA_03] SETTO​DB user_id=2
2026-09-09 09:15:34 DEBUG    [SA_03] SETTO​DB data items=45
2026-09-09 09:15:35 INFO     [SA_03] Session saved to database: {'set_id': 59}
2026-09-09 09:15:36 INFO     [SA_03] Database sets loaded: 23
2026-09-09 09:15:36 DEBUG    [SA_03] Selected set: English A1
2026-09-09 09:15:40 DEBUG    [SA_03] Selected set: Polish  Shadowing A1-B1
2026-09-09 09:15:42 DEBUG    [SA_03] Button: dbtoset
2026-09-09 09:15:43 DEBUG    [SA_03] DBTOSET set_id=59
2026-09-09 09:15:44 INFO     [SA_03] Set loaded into session: 59
2026-09-09 09:15:54 DEBUG    [SA_03] Button: play
2026-09-09 09:15:54 DEBUG    [SA_03] PREPARE_ITEM #0
2026-09-09 09:15:54 DEBUG    [SA_03] ACTION: {'action': 'SHOW', 'target': 'top', 'content': 'phrase_text'}
2026-09-09 09:15:54 DEBUG    [SA_03] ACTION: {'action': 'PLAY', 'source': 'phrase_text'}
2026-09-09 09:15:54 DEBUG    [SA_03] AudioProvider: CACHE MISS
2026-09-09 09:15:54 DEBUG    [SA_03] TEXT PLAY
2026-09-09 09:15:56 DEBUG    [SA_03] TEXT_END
2026-09-09 09:15:56 DEBUG    [SA_03] ACTION: {'action': 'WAIT', 'source': 'pause_before_translation'}
2026-09-09 09:15:59 DEBUG    [SA_03] PAUSE_END
2026-09-09 09:15:59 DEBUG    [SA_03] ACTION: {'action': 'SHOW', 'target': 'bottom', 'content': 'translate_text'}
2026-09-09 09:15:59 DEBUG    [SA_03] ACTION: {'action': 'PLAY', 'source': 'translate_text'}
2026-09-09 09:15:59 DEBUG    [SA_03] AudioProvider: CACHE MISS
2026-09-09 09:16:00 DEBUG    [SA_03] TRANSLATION PLAY
2026-09-09 09:16:02 DEBUG    [SA_03] TRANSLATION_END
2026-09-09 09:16:02 DEBUG    [SA_03] ACTION: {'action': 'WAIT', 'source': 'pause_between_sentences'}
2026-09-09 09:16:04 DEBUG    [SA_03] PAUSE_END
2026-09-09 09:16:04 DEBUG    [SA_03] ACTION: {'action': 'HIDE', 'target': 'top'}
2026-09-09 09:16:04 DEBUG    [SA_03] ACTION: {'action': 'HIDE', 'target': 'bottom'}
2026-09-09 09:16:04 INFO     [SA_03] SCENARIO FINISHED
2026-09-09 09:16:04 DEBUG    [SA_03] FINISH_ITEM: repeat 1/2
2026-09-09 09:16:04 DEBUG    [SA_03] ACTION: {'action': 'SHOW', 'target': 'top', 'content': 'phrase_text'}
2026-09-09 09:16:04 DEBUG    [SA_03] ACTION: {'action': 'PLAY', 'source': 'phrase_text'}
2026-09-09 09:16:04 DEBUG    [SA_03] AudioProvider: CACHE HIT
2026-09-09 09:16:04 DEBUG    [SA_03] TEXT PLAY
2026-09-09 09:16:05 DEBUG    [SA_03] TEXT_END
2026-09-09 09:16:05 DEBUG    [SA_03] ACTION: {'action': 'WAIT', 'source': 'pause_before_translation'}
2026-09-09 09:16:08 DEBUG    [SA_03] PAUSE_END
2026-09-09 09:16:08 DEBUG    [SA_03] ACTION: {'action': 'SHOW', 'target': 'bottom', 'content': 'translate_text'}
2026-09-09 09:16:08 DEBUG    [SA_03] ACTION: {'action': 'PLAY', 'source': 'translate_text'}
2026-09-09 09:16:08 DEBUG    [SA_03] AudioProvider: CACHE HIT
2026-09-09 09:16:08 DEBUG    [SA_03] TRANSLATION PLAY
2026-09-09 09:16:10 DEBUG    [SA_03] TRANSLATION_END
2026-09-09 09:16:10 DEBUG    [SA_03] ACTION: {'action': 'WAIT', 'source': 'pause_between_sentences'}
2026-09-09 09:16:12 DEBUG    [SA_03] PAUSE_END
2026-09-09 09:16:12 DEBUG    [SA_03] ACTION: {'action': 'HIDE', 'target': 'top'}
2026-09-09 09:16:12 DEBUG    [SA_03] ACTION: {'action': 'HIDE', 'target': 'bottom'}
2026-09-09 09:16:12 INFO     [SA_03] SCENARIO FINISHED
2026-09-09 09:16:12 DEBUG    [SA_03] FINISH_ITEM: repeat 2/2
2026-09-09 09:16:12 DEBUG    [SA_03] PREPARE_ITEM #1
2026-09-09 09:16:12 DEBUG    [SA_03] ACTION: {'action': 'SHOW', 'target': 'top', 'content': 'phrase_text'}
2026-09-09 09:16:13 DEBUG    [SA_03] ACTION: {'action': 'PLAY', 'source': 'phrase_text'}
2026-09-09 09:16:13 DEBUG    [SA_03] AudioProvider: CACHE HIT
2026-09-09 09:16:13 DEBUG    [SA_03] TEXT PLAY
2026-09-09 09:16:16 DEBUG    [SA_03] TEXT_END
2026-09-09 09:16:16 DEBUG    [SA_03] ACTION: {'action': 'WAIT', 'source': 'pause_before_translation'}
2026-09-09 09:16:21 DEBUG    [SA_03] PAUSE_END
2026-09-09 09:16:21 DEBUG    [SA_03] ACTION: {'action': 'SHOW', 'target': 'bottom', 'content': 'translate_text'}
2026-09-09 09:16:21 DEBUG    [SA_03] ACTION: {'action': 'PLAY', 'source': 'translate_text'}
2026-09-09 09:16:21 DEBUG    [SA_03] AudioProvider: CACHE HIT
2026-09-09 09:16:21 DEBUG    [SA_03] TRANSLATION PLAY
2026-09-09 09:16:26 DEBUG    [SA_03] TRANSLATION_END
2026-09-09 09:16:26 DEBUG    [SA_03] ACTION: {'action': 'WAIT', 'source': 'pause_between_sentences'}
2026-09-09 09:16:28 DEBUG    [SA_03] PAUSE_END
2026-09-09 09:16:28 DEBUG    [SA_03] ACTION: {'action': 'HIDE', 'target': 'top'}
2026-09-09 09:16:28 DEBUG    [SA_03] ACTION: {'action': 'HIDE', 'target': 'bottom'}
2026-09-09 09:16:28 INFO     [SA_03] SCENARIO FINISHED
2026-09-09 09:16:28 DEBUG    [SA_03] FINISH_ITEM: repeat 1/2
2026-09-09 09:16:28 DEBUG    [SA_03] ACTION: {'action': 'SHOW', 'target': 'top', 'content': 'phrase_text'}
2026-09-09 09:16:28 DEBUG    [SA_03] ACTION: {'action': 'PLAY', 'source': 'phrase_text'}
2026-09-09 09:16:28 DEBUG    [SA_03] AudioProvider: CACHE HIT
2026-09-09 09:16:28 DEBUG    [SA_03] TEXT PLAY
2026-09-09 09:16:32 DEBUG    [SA_03] TEXT_END
2026-09-09 09:16:32 DEBUG    [SA_03] ACTION: {'action': 'WAIT', 'source': 'pause_before_translation'}
2026-09-09 09:16:37 DEBUG    [SA_03] PAUSE_END
2026-09-09 09:16:37 DEBUG    [SA_03] ACTION: {'action': 'SHOW', 'target': 'bottom', 'content': 'translate_text'}
2026-09-09 09:16:37 DEBUG    [SA_03] ACTION: {'action': 'PLAY', 'source': 'translate_text'}
2026-09-09 09:16:37 DEBUG    [SA_03] AudioProvider: CACHE HIT
2026-09-09 09:16:37 DEBUG    [SA_03] TRANSLATION PLAY
2026-09-09 09:16:41 DEBUG    [SA_03] TRANSLATION_END
2026-09-09 09:16:41 DEBUG    [SA_03] ACTION: {'action': 'WAIT', 'source': 'pause_between_sentences'}
2026-09-09 09:16:43 DEBUG    [SA_03] PAUSE_END
2026-09-09 09:16:43 DEBUG    [SA_03] ACTION: {'action': 'HIDE', 'target': 'top'}
2026-09-09 09:16:43 DEBUG    [SA_03] ACTION: {'action': 'HIDE', 'target': 'bottom'}
2026-09-09 09:16:43 INFO     [SA_03] SCENARIO FINISHED
2026-09-09 09:16:43 DEBUG    [SA_03] FINISH_ITEM: repeat 2/2
2026-09-09 09:16:43 DEBUG    [SA_03] PREPARE_ITEM #2
2026-09-09 09:16:43 DEBUG    [SA_03] ACTION: {'action': 'SHOW', 'target': 'top', 'content': 'phrase_text'}
2026-09-09 09:16:43 DEBUG    [SA_03] ACTION: {'action': 'PLAY', 'source': 'phrase_text'}
2026-09-09 09:16:43 DEBUG    [SA_03] AudioProvider: CACHE HIT
2026-09-09 09:16:43 DEBUG    [SA_03] TEXT PLAY
2026-09-09 09:16:47 DEBUG    [SA_03] TEXT_END
2026-09-09 09:16:47 DEBUG    [SA_03] ACTION: {'action': 'WAIT', 'source': 'pause_before_translation'}
2026-09-09 09:16:52 DEBUG    [SA_03] PAUSE_END
2026-09-09 09:16:52 DEBUG    [SA_03] ACTION: {'action': 'SHOW', 'target': 'bottom', 'content': 'translate_text'}
2026-09-09 09:16:52 DEBUG    [SA_03] ACTION: {'action': 'PLAY', 'source': 'translate_text'}
2026-09-09 09:16:52 DEBUG    [SA_03] AudioProvider: CACHE HIT
2026-09-09 09:16:52 DEBUG    [SA_03] TRANSLATION PLAY
2026-09-09 09:16:57 DEBUG    [SA_03] TRANSLATION_END
2026-09-09 09:16:57 DEBUG    [SA_03] ACTION: {'action': 'WAIT', 'source': 'pause_between_sentences'}
2026-09-09 09:16:59 DEBUG    [SA_03] PAUSE_END
2026-09-09 09:16:59 DEBUG    [SA_03] ACTION: {'action': 'HIDE', 'target': 'top'}
2026-09-09 09:16:59 DEBUG    [SA_03] ACTION: {'action': 'HIDE', 'target': 'bottom'}
2026-09-09 09:16:59 INFO     [SA_03] SCENARIO FINISHED
2026-09-09 09:16:59 DEBUG    [SA_03] FINISH_ITEM: repeat 1/2
2026-09-09 09:16:59 DEBUG    [SA_03] ACTION: {'action': 'SHOW', 'target': 'top', 'content': 'phrase_text'}
2026-09-09 09:16:59 DEBUG    [SA_03] ACTION: {'action': 'PLAY', 'source': 'phrase_text'}
2026-09-09 09:16:59 DEBUG    [SA_03] AudioProvider: CACHE HIT
2026-09-09 09:16:59 DEBUG    [SA_03] TEXT PLAY
2026-09-09 09:17:03 DEBUG    [SA_03] TEXT_END
2026-09-09 09:17:03 DEBUG    [SA_03] ACTION: {'action': 'WAIT', 'source': 'pause_before_translation'}
2026-09-09 09:17:08 DEBUG    [SA_03] PAUSE_END
2026-09-09 09:17:08 DEBUG    [SA_03] ACTION: {'action': 'SHOW', 'target': 'bottom', 'content': 'translate_text'}
2026-09-09 09:17:08 DEBUG    [SA_03] ACTION: {'action': 'PLAY', 'source': 'translate_text'}
2026-09-09 09:17:08 DEBUG    [SA_03] AudioProvider: CACHE HIT
2026-09-09 09:17:08 DEBUG    [SA_03] TRANSLATION PLAY
2026-09-09 09:17:12 DEBUG    [SA_03] TRANSLATION_END
2026-09-09 09:17:12 DEBUG    [SA_03] ACTION: {'action': 'WAIT', 'source': 'pause_between_sentences'}
2026-09-09 09:17:14 DEBUG    [SA_03] PAUSE_END
2026-09-09 09:17:14 DEBUG    [SA_03] ACTION: {'action': 'HIDE', 'target': 'top'}
2026-09-09 09:17:15 DEBUG    [SA_03] ACTION: {'action': 'HIDE', 'target': 'bottom'}
2026-09-09 09:17:15 INFO     [SA_03] SCENARIO FINISHED
2026-09-09 09:17:15 DEBUG    [SA_03] FINISH_ITEM: repeat 2/2
2026-09-09 09:17:15 DEBUG    [SA_03] PREPARE_ITEM #3
2026-09-09 09:17:15 DEBUG    [SA_03] ACTION: {'action': 'SHOW', 'target': 'top', 'content': 'phrase_text'}
2026-09-09 09:17:15 DEBUG    [SA_03] ACTION: {'action': 'PLAY', 'source': 'phrase_text'}
2026-09-09 09:17:15 DEBUG    [SA_03] AudioProvider: CACHE MISS
2026-09-09 09:17:15 DEBUG    [SA_03] TEXT PLAY
2026-09-09 09:17:19 DEBUG    [SA_03] TEXT_END
2026-09-09 09:17:19 DEBUG    [SA_03] ACTION: {'action': 'WAIT', 'source': 'pause_before_translation'}
2026-09-09 09:17:24 DEBUG    [SA_03] PAUSE_END
2026-09-09 09:17:24 DEBUG    [SA_03] ACTION: {'action': 'SHOW', 'target': 'bottom', 'content': 'translate_text'}
2026-09-09 09:17:24 DEBUG    [SA_03] ACTION: {'action': 'PLAY', 'source': 'translate_text'}
2026-09-09 09:17:24 DEBUG    [SA_03] AudioProvider: CACHE MISS
2026-09-09 09:17:26 DEBUG    [SA_03] TRANSLATION PLAY
2026-09-09 09:17:30 DEBUG    [SA_03] TRANSLATION_END
2026-09-09 09:17:30 DEBUG    [SA_03] ACTION: {'action': 'WAIT', 'source': 'pause_between_sentences'}
2026-09-09 09:17:32 DEBUG    [SA_03] PAUSE_END
2026-09-09 09:17:32 DEBUG    [SA_03] ACTION: {'action': 'HIDE', 'target': 'top'}
2026-09-09 09:17:32 DEBUG    [SA_03] ACTION: {'action': 'HIDE', 'target': 'bottom'}
2026-09-09 09:17:32 INFO     [SA_03] SCENARIO FINISHED
2026-09-09 09:17:32 DEBUG    [SA_03] FINISH_ITEM: repeat 1/2
2026-09-09 09:17:32 DEBUG    [SA_03] ACTION: {'action': 'SHOW', 'target': 'top', 'content': 'phrase_text'}
2026-09-09 09:17:32 DEBUG    [SA_03] ACTION: {'action': 'PLAY', 'source': 'phrase_text'}
2026-09-09 09:17:32 DEBUG    [SA_03] AudioProvider: CACHE HIT
2026-09-09 09:17:32 DEBUG    [SA_03] TEXT PLAY
2026-09-09 09:17:36 DEBUG    [SA_03] TEXT_END
2026-09-09 09:17:36 DEBUG    [SA_03] ACTION: {'action': 'WAIT', 'source': 'pause_before_translation'}
2026-09-09 09:17:41 DEBUG    [SA_03] PAUSE_END
2026-09-09 09:17:41 DEBUG    [SA_03] ACTION: {'action': 'SHOW', 'target': 'bottom', 'content': 'translate_text'}
2026-09-09 09:17:41 DEBUG    [SA_03] ACTION: {'action': 'PLAY', 'source': 'translate_text'}
2026-09-09 09:17:41 DEBUG    [SA_03] AudioProvider: CACHE HIT
2026-09-09 09:17:41 DEBUG    [SA_03] TRANSLATION PLAY
2026-09-09 09:17:45 DEBUG    [SA_03] TRANSLATION_END
2026-09-09 09:17:45 DEBUG    [SA_03] ACTION: {'action': 'WAIT', 'source': 'pause_between_sentences'}
2026-09-09 09:17:47 DEBUG    [SA_03] PAUSE_END
2026-09-09 09:17:47 DEBUG    [SA_03] ACTION: {'action': 'HIDE', 'target': 'top'}
2026-09-09 09:17:47 DEBUG    [SA_03] ACTION: {'action': 'HIDE', 'target': 'bottom'}
2026-09-09 09:17:47 INFO     [SA_03] SCENARIO FINISHED
2026-09-09 09:17:47 DEBUG    [SA_03] FINISH_ITEM: repeat 2/2
2026-09-09 09:17:47 DEBUG    [SA_03] PREPARE_ITEM #4
2026-09-09 09:17:47 DEBUG    [SA_03] ACTION: {'action': 'SHOW', 'target': 'top', 'content': 'phrase_text'}
2026-09-09 09:17:47 DEBUG    [SA_03] ACTION: {'action': 'PLAY', 'source': 'phrase_text'}
2026-09-09 09:17:47 DEBUG    [SA_03] AudioProvider: CACHE MISS
2026-09-09 09:17:48 DEBUG    [SA_03] TEXT PLAY
2026-09-09 09:17:51 DEBUG    [SA_03] TEXT_END
2026-09-09 09:17:51 DEBUG    [SA_03] ACTION: {'action': 'WAIT', 'source': 'pause_before_translation'}
2026-09-09 09:17:56 DEBUG    [SA_03] PAUSE_END
2026-09-09 09:17:56 DEBUG    [SA_03] ACTION: {'action': 'SHOW', 'target': 'bottom', 'content': 'translate_text'}
2026-09-09 09:17:56 DEBUG    [SA_03] ACTION: {'action': 'PLAY', 'source': 'translate_text'}
2026-09-09 09:17:56 DEBUG    [SA_03] AudioProvider: CACHE MISS
2026-09-09 09:17:58 DEBUG    [SA_03] TRANSLATION PLAY
2026-09-09 09:18:02 DEBUG    [SA_03] TRANSLATION_END
2026-09-09 09:18:02 DEBUG    [SA_03] ACTION: {'action': 'WAIT', 'source': 'pause_between_sentences'}
2026-09-09 09:18:04 DEBUG    [SA_03] PAUSE_END
2026-09-09 09:18:04 DEBUG    [SA_03] ACTION: {'action': 'HIDE', 'target': 'top'}
2026-09-09 09:18:04 DEBUG    [SA_03] ACTION: {'action': 'HIDE', 'target': 'bottom'}
2026-09-09 09:18:04 INFO     [SA_03] SCENARIO FINISHED
2026-09-09 09:18:04 DEBUG    [SA_03] FINISH_ITEM: repeat 1/2
2026-09-09 09:18:04 DEBUG    [SA_03] ACTION: {'action': 'SHOW', 'target': 'top', 'content': 'phrase_text'}
2026-09-09 09:18:04 DEBUG    [SA_03] ACTION: {'action': 'PLAY', 'source': 'phrase_text'}
2026-09-09 09:18:04 DEBUG    [SA_03] AudioProvider: CACHE HIT
2026-09-09 09:18:04 DEBUG    [SA_03] TEXT PLAY
2026-09-09 09:18:07 DEBUG    [SA_03] TEXT_END
2026-09-09 09:18:07 DEBUG    [SA_03] ACTION: {'action': 'WAIT', 'source': 'pause_before_translation'}
2026-09-09 09:18:12 DEBUG    [SA_03] PAUSE_END
2026-09-09 09:18:12 DEBUG    [SA_03] ACTION: {'action': 'SHOW', 'target': 'bottom', 'content': 'translate_text'}
2026-09-09 09:18:12 DEBUG    [SA_03] ACTION: {'action': 'PLAY', 'source': 'translate_text'}
2026-09-09 09:18:12 DEBUG    [SA_03] AudioProvider: CACHE HIT
2026-09-09 09:18:12 DEBUG    [SA_03] TRANSLATION PLAY
2026-09-09 09:18:16 DEBUG    [SA_03] TRANSLATION_END
2026-09-09 09:18:16 DEBUG    [SA_03] ACTION: {'action': 'WAIT', 'source': 'pause_between_sentences'}
2026-09-09 09:18:18 DEBUG    [SA_03] PAUSE_END
2026-09-09 09:18:18 DEBUG    [SA_03] ACTION: {'action': 'HIDE', 'target': 'top'}
2026-09-09 09:18:18 DEBUG    [SA_03] ACTION: {'action': 'HIDE', 'target': 'bottom'}
2026-09-09 09:18:18 INFO     [SA_03] SCENARIO FINISHED
2026-09-09 09:18:18 DEBUG    [SA_03] FINISH_ITEM: repeat 2/2
2026-09-09 09:18:18 DEBUG    [SA_03] PREPARE_ITEM #5
2026-09-09 09:18:18 DEBUG    [SA_03] ACTION: {'action': 'SHOW', 'target': 'top', 'content': 'phrase_text'}
2026-09-09 09:18:18 DEBUG    [SA_03] ACTION: {'action': 'PLAY', 'source': 'phrase_text'}
2026-09-09 09:18:18 DEBUG    [SA_03] AudioProvider: CACHE MISS
2026-09-09 09:18:19 DEBUG    [SA_03] TEXT PLAY
2026-09-09 09:18:23 DEBUG    [SA_03] TEXT_END
2026-09-09 09:18:23 DEBUG    [SA_03] ACTION: {'action': 'WAIT', 'source': 'pause_before_translation'}
2026-09-09 09:18:28 DEBUG    [SA_03] PAUSE_END
2026-09-09 09:18:28 DEBUG    [SA_03] ACTION: {'action': 'SHOW', 'target': 'bottom', 'content': 'translate_text'}
2026-09-09 09:18:28 DEBUG    [SA_03] ACTION: {'action': 'PLAY', 'source': 'translate_text'}
2026-09-09 09:18:28 DEBUG    [SA_03] AudioProvider: CACHE MISS
2026-09-09 09:18:29 DEBUG    [SA_03] TRANSLATION PLAY
2026-09-09 09:18:33 DEBUG    [SA_03] TRANSLATION_END
2026-09-09 09:18:33 DEBUG    [SA_03] ACTION: {'action': 'WAIT', 'source': 'pause_between_sentences'}
2026-09-09 09:18:35 DEBUG    [SA_03] PAUSE_END
2026-09-09 09:18:35 DEBUG    [SA_03] ACTION: {'action': 'HIDE', 'target': 'top'}
2026-09-09 09:18:35 DEBUG    [SA_03] ACTION: {'action': 'HIDE', 'target': 'bottom'}
2026-09-09 09:18:35 INFO     [SA_03] SCENARIO FINISHED
2026-09-09 09:18:35 DEBUG    [SA_03] FINISH_ITEM: repeat 1/2
2026-09-09 09:18:35 DEBUG    [SA_03] ACTION: {'action': 'SHOW', 'target': 'top', 'content': 'phrase_text'}
2026-09-09 09:18:35 DEBUG    [SA_03] ACTION: {'action': 'PLAY', 'source': 'phrase_text'}
2026-09-09 09:18:35 DEBUG    [SA_03] AudioProvider: CACHE HIT
2026-09-09 09:18:35 DEBUG    [SA_03] TEXT PLAY
2026-09-09 09:18:39 DEBUG    [SA_03] TEXT_END
2026-09-09 09:18:39 DEBUG    [SA_03] ACTION: {'action': 'WAIT', 'source': 'pause_before_translation'}
2026-09-09 09:18:44 DEBUG    [SA_03] PAUSE_END
2026-09-09 09:18:45 DEBUG    [SA_03] ACTION: {'action': 'SHOW', 'target': 'bottom', 'content': 'translate_text'}
2026-09-09 09:18:45 DEBUG    [SA_03] ACTION: {'action': 'PLAY', 'source': 'translate_text'}
2026-09-09 09:18:45 DEBUG    [SA_03] AudioProvider: CACHE HIT
2026-09-09 09:18:45 DEBUG    [SA_03] TRANSLATION PLAY
2026-09-09 09:18:49 DEBUG    [SA_03] TRANSLATION_END
2026-09-09 09:18:49 DEBUG    [SA_03] ACTION: {'action': 'WAIT', 'source': 'pause_between_sentences'}
2026-09-09 09:18:51 DEBUG    [SA_03] PAUSE_END
2026-09-09 09:18:51 DEBUG    [SA_03] ACTION: {'action': 'HIDE', 'target': 'top'}
2026-09-09 09:18:51 DEBUG    [SA_03] ACTION: {'action': 'HIDE', 'target': 'bottom'}
2026-09-09 09:18:51 INFO     [SA_03] SCENARIO FINISHED
2026-09-09 09:18:51 DEBUG    [SA_03] FINISH_ITEM: repeat 2/2
2026-09-09 09:18:51 DEBUG    [SA_03] PREPARE_ITEM #6
2026-09-09 09:18:51 DEBUG    [SA_03] ACTION: {'action': 'SHOW', 'target': 'top', 'content': 'phrase_text'}
2026-09-09 09:18:51 DEBUG    [SA_03] ACTION: {'action': 'PLAY', 'source': 'phrase_text'}
2026-09-09 09:18:51 DEBUG    [SA_03] AudioProvider: CACHE MISS
2026-09-09 09:18:52 DEBUG    [SA_03] TEXT PLAY
2026-09-09 09:18:56 DEBUG    [SA_03] TEXT_END
2026-09-09 09:18:56 DEBUG    [SA_03] ACTION: {'action': 'WAIT', 'source': 'pause_before_translation'}
2026-09-09 09:19:01 DEBUG    [SA_03] PAUSE_END
2026-09-09 09:19:01 DEBUG    [SA_03] ACTION: {'action': 'SHOW', 'target': 'bottom', 'content': 'translate_text'}
2026-09-09 09:19:01 DEBUG    [SA_03] ACTION: {'action': 'PLAY', 'source': 'translate_text'}
2026-09-09 09:19:01 DEBUG    [SA_03] AudioProvider: CACHE MISS
2026-09-09 09:19:02 DEBUG    [SA_03] TRANSLATION PLAY
2026-09-09 09:19:07 DEBUG    [SA_03] TRANSLATION_END
2026-09-09 09:19:07 DEBUG    [SA_03] ACTION: {'action': 'WAIT', 'source': 'pause_between_sentences'}
2026-09-09 09:19:09 DEBUG    [SA_03] PAUSE_END
2026-09-09 09:19:09 DEBUG    [SA_03] ACTION: {'action': 'HIDE', 'target': 'top'}
2026-09-09 09:19:09 DEBUG    [SA_03] ACTION: {'action': 'HIDE', 'target': 'bottom'}
2026-09-09 09:19:09 INFO     [SA_03] SCENARIO FINISHED
2026-09-09 09:19:09 DEBUG    [SA_03] FINISH_ITEM: repeat 1/2
2026-09-09 09:19:09 DEBUG    [SA_03] ACTION: {'action': 'SHOW', 'target': 'top', 'content': 'phrase_text'}
2026-09-09 09:19:09 DEBUG    [SA_03] ACTION: {'action': 'PLAY', 'source': 'phrase_text'}
2026-09-09 09:19:09 DEBUG    [SA_03] AudioProvider: CACHE HIT
2026-09-09 09:19:09 DEBUG    [SA_03] TEXT PLAY
2026-09-09 09:19:13 DEBUG    [SA_03] TEXT_END
2026-09-09 09:19:13 DEBUG    [SA_03] ACTION: {'action': 'WAIT', 'source': 'pause_before_translation'}
2026-09-09 09:19:18 DEBUG    [SA_03] PAUSE_END
2026-09-09 09:19:18 DEBUG    [SA_03] ACTION: {'action': 'SHOW', 'target': 'bottom', 'content': 'translate_text'}
2026-09-09 09:19:18 DEBUG    [SA_03] ACTION: {'action': 'PLAY', 'source': 'translate_text'}
2026-09-09 09:19:18 DEBUG    [SA_03] AudioProvider: CACHE HIT
2026-09-09 09:19:18 DEBUG    [SA_03] TRANSLATION PLAY
2026-09-09 09:19:23 DEBUG    [SA_03] TRANSLATION_END
2026-09-09 09:19:23 DEBUG    [SA_03] ACTION: {'action': 'WAIT', 'source': 'pause_between_sentences'}
2026-09-09 09:19:25 DEBUG    [SA_03] PAUSE_END
2026-09-09 09:19:25 DEBUG    [SA_03] ACTION: {'action': 'HIDE', 'target': 'top'}
2026-09-09 09:19:25 DEBUG    [SA_03] ACTION: {'action': 'HIDE', 'target': 'bottom'}
2026-09-09 09:19:25 INFO     [SA_03] SCENARIO FINISHED
2026-09-09 09:19:25 DEBUG    [SA_03] FINISH_ITEM: repeat 2/2
2026-09-09 09:19:25 DEBUG    [SA_03] PREPARE_ITEM #7
2026-09-09 09:19:25 DEBUG    [SA_03] ACTION: {'action': 'SHOW', 'target': 'top', 'content': 'phrase_text'}
2026-09-09 09:19:25 DEBUG    [SA_03] ACTION: {'action': 'PLAY', 'source': 'phrase_text'}
2026-09-09 09:19:25 DEBUG    [SA_03] AudioProvider: CACHE MISS
2026-09-09 09:19:26 DEBUG    [SA_03] TEXT PLAY
2026-09-09 09:19:30 DEBUG    [SA_03] TEXT_END
2026-09-09 09:19:30 DEBUG    [SA_03] ACTION: {'action': 'WAIT', 'source': 'pause_before_translation'}
2026-09-09 09:19:35 DEBUG    [SA_03] PAUSE_END
2026-09-09 09:19:35 DEBUG    [SA_03] ACTION: {'action': 'SHOW', 'target': 'bottom', 'content': 'translate_text'}
2026-09-09 09:19:35 DEBUG    [SA_03] ACTION: {'action': 'PLAY', 'source': 'translate_text'}
2026-09-09 09:19:35 DEBUG    [SA_03] AudioProvider: CACHE MISS
2026-09-09 09:19:36 DEBUG    [SA_03] TRANSLATION PLAY
2026-09-09 09:19:41 DEBUG    [SA_03] TRANSLATION_END
2026-09-09 09:19:41 DEBUG    [SA_03] ACTION: {'action': 'WAIT', 'source': 'pause_between_sentences'}
2026-09-09 09:19:43 DEBUG    [SA_03] PAUSE_END
2026-09-09 09:19:43 DEBUG    [SA_03] ACTION: {'action': 'HIDE', 'target': 'top'}
2026-09-09 09:19:43 DEBUG    [SA_03] ACTION: {'action': 'HIDE', 'target': 'bottom'}
2026-09-09 09:19:43 INFO     [SA_03] SCENARIO FINISHED
2026-09-09 09:19:43 DEBUG    [SA_03] FINISH_ITEM: repeat 1/2
2026-09-09 09:19:43 DEBUG    [SA_03] ACTION: {'action': 'SHOW', 'target': 'top', 'content': 'phrase_text'}
2026-09-09 09:19:43 DEBUG    [SA_03] ACTION: {'action': 'PLAY', 'source': 'phrase_text'}
2026-09-09 09:19:44 DEBUG    [SA_03] AudioProvider: CACHE HIT
2026-09-09 09:19:44 DEBUG    [SA_03] TEXT PLAY
2026-09-09 09:19:48 DEBUG    [SA_03] TEXT_END
2026-09-09 09:19:48 DEBUG    [SA_03] ACTION: {'action': 'WAIT', 'source': 'pause_before_translation'}
2026-09-09 09:19:53 DEBUG    [SA_03] PAUSE_END
2026-09-09 09:19:53 DEBUG    [SA_03] ACTION: {'action': 'SHOW', 'target': 'bottom', 'content': 'translate_text'}
2026-09-09 09:19:53 DEBUG    [SA_03] ACTION: {'action': 'PLAY', 'source': 'translate_text'}
2026-09-09 09:19:53 DEBUG    [SA_03] AudioProvider: CACHE HIT
2026-09-09 09:19:53 DEBUG    [SA_03] TRANSLATION PLAY
2026-09-09 09:19:53 DEBUG    [SA_03] Checkbox: loop = True
2026-09-09 09:19:58 DEBUG    [SA_03] TRANSLATION_END
2026-09-09 09:19:58 DEBUG    [SA_03] ACTION: {'action': 'WAIT', 'source': 'pause_between_sentences'}
2026-09-09 09:20:00 DEBUG    [SA_03] PAUSE_END
2026-09-09 09:20:00 DEBUG    [SA_03] ACTION: {'action': 'HIDE', 'target': 'top'}
2026-09-09 09:20:00 DEBUG    [SA_03] ACTION: {'action': 'HIDE', 'target': 'bottom'}
2026-09-09 09:20:00 INFO     [SA_03] SCENARIO FINISHED
2026-09-09 09:20:00 DEBUG    [SA_03] LOOP: repeat current item
2026-09-09 09:20:00 DEBUG    [SA_03] ACTION: {'action': 'SHOW', 'target': 'top', 'content': 'phrase_text'}
2026-09-09 09:20:00 DEBUG    [SA_03] ACTION: {'action': 'PLAY', 'source': 'phrase_text'}
2026-09-09 09:20:00 DEBUG    [SA_03] AudioProvider: CACHE HIT
2026-09-09 09:20:00 DEBUG    [SA_03] TEXT PLAY
2026-09-09 09:20:04 DEBUG    [SA_03] TEXT_END
2026-09-09 09:20:04 DEBUG    [SA_03] ACTION: {'action': 'WAIT', 'source': 'pause_before_translation'}
2026-09-09 09:20:09 DEBUG    [SA_03] PAUSE_END
2026-09-09 09:20:09 DEBUG    [SA_03] ACTION: {'action': 'SHOW', 'target': 'bottom', 'content': 'translate_text'}
2026-09-09 09:20:09 DEBUG    [SA_03] ACTION: {'action': 'PLAY', 'source': 'translate_text'}
2026-09-09 09:20:09 DEBUG    [SA_03] AudioProvider: CACHE HIT
2026-09-09 09:20:09 DEBUG    [SA_03] TRANSLATION PLAY
2026-09-09 09:20:14 DEBUG    [SA_03] TRANSLATION_END
2026-09-09 09:20:14 DEBUG    [SA_03] ACTION: {'action': 'WAIT', 'source': 'pause_between_sentences'}
2026-09-09 09:20:16 DEBUG    [SA_03] PAUSE_END
2026-09-09 09:20:16 DEBUG    [SA_03] ACTION: {'action': 'HIDE', 'target': 'top'}
2026-09-09 09:20:16 DEBUG    [SA_03] ACTION: {'action': 'HIDE', 'target': 'bottom'}
2026-09-09 09:20:16 INFO     [SA_03] SCENARIO FINISHED
2026-09-09 09:20:16 DEBUG    [SA_03] LOOP: repeat current item
2026-09-09 09:20:16 DEBUG    [SA_03] ACTION: {'action': 'SHOW', 'target': 'top', 'content': 'phrase_text'}
2026-09-09 09:20:16 DEBUG    [SA_03] ACTION: {'action': 'PLAY', 'source': 'phrase_text'}
2026-09-09 09:20:16 DEBUG    [SA_03] AudioProvider: CACHE HIT
2026-09-09 09:20:16 DEBUG    [SA_03] TEXT PLAY
2026-09-09 09:20:21 DEBUG    [SA_03] TEXT_END
2026-09-09 09:20:21 DEBUG    [SA_03] ACTION: {'action': 'WAIT', 'source': 'pause_before_translation'}
2026-09-09 09:20:26 DEBUG    [SA_03] PAUSE_END
2026-09-09 09:20:26 DEBUG    [SA_03] ACTION: {'action': 'SHOW', 'target': 'bottom', 'content': 'translate_text'}
2026-09-09 09:20:26 DEBUG    [SA_03] ACTION: {'action': 'PLAY', 'source': 'translate_text'}
2026-09-09 09:20:26 DEBUG    [SA_03] AudioProvider: CACHE HIT
2026-09-09 09:20:26 DEBUG    [SA_03] TRANSLATION PLAY
2026-09-09 09:20:31 DEBUG    [SA_03] TRANSLATION_END
2026-09-09 09:20:31 DEBUG    [SA_03] ACTION: {'action': 'WAIT', 'source': 'pause_between_sentences'}
2026-09-09 09:20:33 DEBUG    [SA_03] PAUSE_END
2026-09-09 09:20:33 DEBUG    [SA_03] ACTION: {'action': 'HIDE', 'target': 'top'}
2026-09-09 09:20:33 DEBUG    [SA_03] ACTION: {'action': 'HIDE', 'target': 'bottom'}
2026-09-09 09:20:33 INFO     [SA_03] SCENARIO FINISHED
2026-09-09 09:20:33 DEBUG    [SA_03] LOOP: repeat current item
2026-09-09 09:20:33 DEBUG    [SA_03] ACTION: {'action': 'SHOW', 'target': 'top', 'content': 'phrase_text'}
2026-09-09 09:20:33 DEBUG    [SA_03] ACTION: {'action': 'PLAY', 'source': 'phrase_text'}
2026-09-09 09:20:33 DEBUG    [SA_03] AudioProvider: CACHE HIT
2026-09-09 09:20:33 DEBUG    [SA_03] TEXT PLAY
2026-09-09 09:20:37 DEBUG    [SA_03] TEXT_END
2026-09-09 09:20:37 DEBUG    [SA_03] ACTION: {'action': 'WAIT', 'source': 'pause_before_translation'}
2026-09-09 09:20:42 DEBUG    [SA_03] PAUSE_END
2026-09-09 09:20:42 DEBUG    [SA_03] ACTION: {'action': 'SHOW', 'target': 'bottom', 'content': 'translate_text'}
2026-09-09 09:20:42 DEBUG    [SA_03] ACTION: {'action': 'PLAY', 'source': 'translate_text'}
2026-09-09 09:20:42 DEBUG    [SA_03] AudioProvider: CACHE HIT
2026-09-09 09:20:42 DEBUG    [SA_03] TRANSLATION PLAY
2026-09-09 09:20:47 DEBUG    [SA_03] TRANSLATION_END
2026-09-09 09:20:47 DEBUG    [SA_03] ACTION: {'action': 'WAIT', 'source': 'pause_between_sentences'}
2026-09-09 09:20:49 DEBUG    [SA_03] PAUSE_END
2026-09-09 09:20:49 DEBUG    [SA_03] ACTION: {'action': 'HIDE', 'target': 'top'}
2026-09-09 09:20:49 DEBUG    [SA_03] ACTION: {'action': 'HIDE', 'target': 'bottom'}
2026-09-09 09:20:49 INFO     [SA_03] SCENARIO FINISHED
2026-09-09 09:20:49 DEBUG    [SA_03] LOOP: repeat current item
2026-09-09 09:20:49 DEBUG    [SA_03] ACTION: {'action': 'SHOW', 'target': 'top', 'content': 'phrase_text'}
2026-09-09 09:20:49 DEBUG    [SA_03] ACTION: {'action': 'PLAY', 'source': 'phrase_text'}
2026-09-09 09:20:49 DEBUG    [SA_03] AudioProvider: CACHE HIT
2026-09-09 09:20:49 DEBUG    [SA_03] TEXT PLAY
2026-09-09 09:20:54 DEBUG    [SA_03] TEXT_END
2026-09-09 09:20:54 DEBUG    [SA_03] ACTION: {'action': 'WAIT', 'source': 'pause_before_translation'}
2026-09-09 09:20:59 DEBUG    [SA_03] PAUSE_END
2026-09-09 09:20:59 DEBUG    [SA_03] ACTION: {'action': 'SHOW', 'target': 'bottom', 'content': 'translate_text'}
2026-09-09 09:20:59 DEBUG    [SA_03] ACTION: {'action': 'PLAY', 'source': 'translate_text'}
2026-09-09 09:20:59 DEBUG    [SA_03] AudioProvider: CACHE HIT
2026-09-09 09:20:59 DEBUG    [SA_03] TRANSLATION PLAY
2026-09-09 09:21:02 INFO     [SA_03] Finish Application
2026-09-09 09:21:06 INFO     [SA_03] Start Application
2026-09-09 09:21:16 DEBUG    [SA_03] INITIAL ITEM: phrase_code = pl phrase_locale = pl-PL phrase_voice = pl-PL-ZofiaNeural
2026-09-09 09:21:16 DEBUG    [SA_03] INITIAL SOURCE: language = pl locale = pl-PL voice = 
2026-09-09 09:21:23 DEBUG    [SA_03] Button: play
2026-09-09 09:21:23 DEBUG    [SA_03] PREPARE_ITEM #0
2026-09-09 09:21:23 DEBUG    [SA_03] ACTION: {'action': 'SHOW', 'target': 'top', 'content': 'phrase_text'}
2026-09-09 09:21:23 DEBUG    [SA_03] ACTION: {'action': 'PLAY', 'source': 'phrase_text'}
2026-09-09 09:21:23 DEBUG    [SA_03] AudioProvider: CACHE HIT
2026-09-09 09:21:23 DEBUG    [SA_03] TEXT PLAY
2026-09-09 09:21:24 DEBUG    [SA_03] TEXT_END
2026-09-09 09:21:24 DEBUG    [SA_03] ACTION: {'action': 'WAIT', 'source': 'pause_before_translation'}
2026-09-09 09:21:27 DEBUG    [SA_03] PAUSE_END
2026-09-09 09:21:27 DEBUG    [SA_03] ACTION: {'action': 'SHOW', 'target': 'bottom', 'content': 'translate_text'}
2026-09-09 09:21:27 DEBUG    [SA_03] ACTION: {'action': 'PLAY', 'source': 'translate_text'}
2026-09-09 09:21:27 DEBUG    [SA_03] AudioProvider: CACHE HIT
2026-09-09 09:21:27 DEBUG    [SA_03] TRANSLATION PLAY
2026-09-09 09:21:29 DEBUG    [SA_03] TRANSLATION_END
2026-09-09 09:21:29 DEBUG    [SA_03] ACTION: {'action': 'WAIT', 'source': 'pause_between_sentences'}
2026-09-09 09:21:31 DEBUG    [SA_03] Button: next
2026-09-09 09:21:31 DEBUG    [SA_03] PREPARE_ITEM #1
2026-09-09 09:21:31 DEBUG    [SA_03] ACTION: {'action': 'SHOW', 'target': 'top', 'content': 'phrase_text'}
2026-09-09 09:21:31 DEBUG    [SA_03] ACTION: {'action': 'PLAY', 'source': 'phrase_text'}
2026-09-09 09:21:31 DEBUG    [SA_03] AudioProvider: CACHE HIT
2026-09-09 09:21:31 DEBUG    [SA_03] TEXT PLAY
2026-09-09 09:21:32 DEBUG    [SA_03] Button: next
2026-09-09 09:21:32 DEBUG    [SA_03] PREPARE_ITEM #2
2026-09-09 09:21:32 DEBUG    [SA_03] ACTION: {'action': 'SHOW', 'target': 'top', 'content': 'phrase_text'}
2026-09-09 09:21:32 DEBUG    [SA_03] ACTION: {'action': 'PLAY', 'source': 'phrase_text'}
2026-09-09 09:21:32 DEBUG    [SA_03] AudioProvider: CACHE HIT
2026-09-09 09:21:32 DEBUG    [SA_03] TEXT PLAY
2026-09-09 09:21:32 DEBUG    [SA_03] Button: next
2026-09-09 09:21:32 DEBUG    [SA_03] PREPARE_ITEM #3
2026-09-09 09:21:32 DEBUG    [SA_03] ACTION: {'action': 'SHOW', 'target': 'top', 'content': 'phrase_text'}
2026-09-09 09:21:32 DEBUG    [SA_03] ACTION: {'action': 'PLAY', 'source': 'phrase_text'}
2026-09-09 09:21:32 DEBUG    [SA_03] AudioProvider: CACHE HIT
2026-09-09 09:21:32 DEBUG    [SA_03] TEXT PLAY
2026-09-09 09:21:32 DEBUG    [SA_03] Button: next
2026-09-09 09:21:32 DEBUG    [SA_03] PREPARE_ITEM #4
2026-09-09 09:21:32 DEBUG    [SA_03] ACTION: {'action': 'SHOW', 'target': 'top', 'content': 'phrase_text'}
2026-09-09 09:21:32 DEBUG    [SA_03] ACTION: {'action': 'PLAY', 'source': 'phrase_text'}
2026-09-09 09:21:32 DEBUG    [SA_03] AudioProvider: CACHE HIT
2026-09-09 09:21:32 DEBUG    [SA_03] TEXT PLAY
2026-09-09 09:21:33 DEBUG    [SA_03] Button: next
2026-09-09 09:21:33 DEBUG    [SA_03] PREPARE_ITEM #5
2026-09-09 09:21:33 DEBUG    [SA_03] ACTION: {'action': 'SHOW', 'target': 'top', 'content': 'phrase_text'}
2026-09-09 09:21:33 DEBUG    [SA_03] ACTION: {'action': 'PLAY', 'source': 'phrase_text'}
2026-09-09 09:21:33 DEBUG    [SA_03] AudioProvider: CACHE HIT
2026-09-09 09:21:33 DEBUG    [SA_03] TEXT PLAY
2026-09-09 09:21:34 DEBUG    [SA_03] Button: next
2026-09-09 09:21:34 DEBUG    [SA_03] PREPARE_ITEM #6
2026-09-09 09:21:34 DEBUG    [SA_03] ACTION: {'action': 'SHOW', 'target': 'top', 'content': 'phrase_text'}
2026-09-09 09:21:34 DEBUG    [SA_03] ACTION: {'action': 'PLAY', 'source': 'phrase_text'}
2026-09-09 09:21:34 DEBUG    [SA_03] AudioProvider: CACHE HIT
2026-09-09 09:21:34 DEBUG    [SA_03] TEXT PLAY
2026-09-09 09:21:38 DEBUG    [SA_03] TEXT_END
2026-09-09 09:21:38 DEBUG    [SA_03] ACTION: {'action': 'WAIT', 'source': 'pause_before_translation'}
2026-09-09 09:21:43 DEBUG    [SA_03] PAUSE_END
2026-09-09 09:21:43 DEBUG    [SA_03] ACTION: {'action': 'SHOW', 'target': 'bottom', 'content': 'translate_text'}
2026-09-09 09:21:43 DEBUG    [SA_03] ACTION: {'action': 'PLAY', 'source': 'translate_text'}
2026-09-09 09:21:43 DEBUG    [SA_03] AudioProvider: CACHE HIT
2026-09-09 09:21:43 DEBUG    [SA_03] TRANSLATION PLAY
2026-09-09 09:21:48 DEBUG    [SA_03] TRANSLATION_END
2026-09-09 09:21:48 DEBUG    [SA_03] ACTION: {'action': 'WAIT', 'source': 'pause_between_sentences'}
2026-09-09 09:21:50 DEBUG    [SA_03] PAUSE_END
2026-09-09 09:21:50 DEBUG    [SA_03] ACTION: {'action': 'HIDE', 'target': 'top'}
2026-09-09 09:21:50 DEBUG    [SA_03] ACTION: {'action': 'HIDE', 'target': 'bottom'}
2026-09-09 09:21:50 INFO     [SA_03] SCENARIO FINISHED
2026-09-09 09:21:50 DEBUG    [SA_03] FINISH_ITEM: repeat 1/2
2026-09-09 09:21:50 DEBUG    [SA_03] ACTION: {'action': 'SHOW', 'target': 'top', 'content': 'phrase_text'}
2026-09-09 09:21:50 DEBUG    [SA_03] ACTION: {'action': 'PLAY', 'source': 'phrase_text'}
2026-09-09 09:21:50 DEBUG    [SA_03] AudioProvider: CACHE HIT
2026-09-09 09:21:50 DEBUG    [SA_03] TEXT PLAY
2026-09-09 09:21:54 DEBUG    [SA_03] TEXT_END
2026-09-09 09:21:54 DEBUG    [SA_03] ACTION: {'action': 'WAIT', 'source': 'pause_before_translation'}
2026-09-09 09:21:59 DEBUG    [SA_03] PAUSE_END
2026-09-09 09:21:59 DEBUG    [SA_03] ACTION: {'action': 'SHOW', 'target': 'bottom', 'content': 'translate_text'}
2026-09-09 09:21:59 DEBUG    [SA_03] ACTION: {'action': 'PLAY', 'source': 'translate_text'}
2026-09-09 09:21:59 DEBUG    [SA_03] AudioProvider: CACHE HIT
2026-09-09 09:21:59 DEBUG    [SA_03] TRANSLATION PLAY
2026-09-09 09:22:04 DEBUG    [SA_03] TRANSLATION_END
2026-09-09 09:22:04 DEBUG    [SA_03] ACTION: {'action': 'WAIT', 'source': 'pause_between_sentences'}
2026-09-09 09:22:06 DEBUG    [SA_03] PAUSE_END
2026-09-09 09:22:06 DEBUG    [SA_03] ACTION: {'action': 'HIDE', 'target': 'top'}
2026-09-09 09:22:06 DEBUG    [SA_03] ACTION: {'action': 'HIDE', 'target': 'bottom'}
2026-09-09 09:22:06 INFO     [SA_03] SCENARIO FINISHED
2026-09-09 09:22:06 DEBUG    [SA_03] FINISH_ITEM: repeat 2/2
2026-09-09 09:22:06 DEBUG    [SA_03] PREPARE_ITEM #7
2026-09-09 09:22:06 DEBUG    [SA_03] ACTION: {'action': 'SHOW', 'target': 'top', 'content': 'phrase_text'}
2026-09-09 09:22:06 DEBUG    [SA_03] ACTION: {'action': 'PLAY', 'source': 'phrase_text'}
2026-09-09 09:22:06 DEBUG    [SA_03] AudioProvider: CACHE HIT
2026-09-09 09:22:06 DEBUG    [SA_03] TEXT PLAY
2026-09-09 09:22:07 INFO     [SA_03] Finish Application
2026-09-09 09:22:10 INFO     [SA_03] Start Application
2026-09-09 09:22:12 DEBUG    [SA_03] INITIAL ITEM: phrase_code = pl phrase_locale = pl-PL phrase_voice = pl-PL-ZofiaNeural
2026-09-09 09:22:12 DEBUG    [SA_03] INITIAL SOURCE: language = pl locale = pl-PL voice = 
2026-09-09 09:22:16 DEBUG    [SA_03] Button: next
2026-09-09 09:22:16 DEBUG    [SA_03] Button: next
2026-09-09 09:22:16 DEBUG    [SA_03] Button: next
2026-09-09 09:22:17 DEBUG    [SA_03] Button: play
2026-09-09 09:22:17 DEBUG    [SA_03] PREPARE_ITEM #3
2026-09-09 09:22:17 DEBUG    [SA_03] ACTION: {'action': 'SHOW', 'target': 'top', 'content': 'phrase_text'}
2026-09-09 09:22:17 DEBUG    [SA_03] ACTION: {'action': 'PLAY', 'source': 'phrase_text'}
2026-09-09 09:22:17 DEBUG    [SA_03] AudioProvider: CACHE HIT
2026-09-09 09:22:17 DEBUG    [SA_03] TEXT PLAY
2026-09-09 09:22:18 DEBUG    [SA_03] Button: next
2026-09-09 09:22:18 DEBUG    [SA_03] PREPARE_ITEM #4
2026-09-09 09:22:18 DEBUG    [SA_03] ACTION: {'action': 'SHOW', 'target': 'top', 'content': 'phrase_text'}
2026-09-09 09:22:18 DEBUG    [SA_03] ACTION: {'action': 'PLAY', 'source': 'phrase_text'}
2026-09-09 09:22:18 DEBUG    [SA_03] AudioProvider: CACHE HIT
2026-09-09 09:22:18 DEBUG    [SA_03] TEXT PLAY
2026-09-09 09:22:18 DEBUG    [SA_03] Button: next
2026-09-09 09:22:18 DEBUG    [SA_03] PREPARE_ITEM #5
2026-09-09 09:22:18 DEBUG    [SA_03] ACTION: {'action': 'SHOW', 'target': 'top', 'content': 'phrase_text'}
2026-09-09 09:22:18 DEBUG    [SA_03] ACTION: {'action': 'PLAY', 'source': 'phrase_text'}
2026-09-09 09:22:18 DEBUG    [SA_03] AudioProvider: CACHE HIT
2026-09-09 09:22:19 DEBUG    [SA_03] TEXT PLAY
2026-09-09 09:22:19 DEBUG    [SA_03] Button: next
2026-09-09 09:22:19 DEBUG    [SA_03] PREPARE_ITEM #6
2026-09-09 09:22:19 DEBUG    [SA_03] ACTION: {'action': 'SHOW', 'target': 'top', 'content': 'phrase_text'}
2026-09-09 09:22:19 DEBUG    [SA_03] ACTION: {'action': 'PLAY', 'source': 'phrase_text'}
2026-09-09 09:22:19 DEBUG    [SA_03] AudioProvider: CACHE HIT
2026-09-09 09:22:19 DEBUG    [SA_03] TEXT PLAY
2026-09-09 09:22:23 DEBUG    [SA_03] TEXT_END
2026-09-09 09:22:23 DEBUG    [SA_03] ACTION: {'action': 'WAIT', 'source': 'pause_before_translation'}
2026-09-09 09:22:28 DEBUG    [SA_03] PAUSE_END
2026-09-09 09:22:28 DEBUG    [SA_03] ACTION: {'action': 'SHOW', 'target': 'bottom', 'content': 'translate_text'}
2026-09-09 09:22:28 DEBUG    [SA_03] ACTION: {'action': 'PLAY', 'source': 'translate_text'}
2026-09-09 09:22:28 DEBUG    [SA_03] AudioProvider: CACHE HIT
2026-09-09 09:22:28 DEBUG    [SA_03] TRANSLATION PLAY
2026-09-09 09:22:33 DEBUG    [SA_03] TRANSLATION_END
2026-09-09 09:22:33 DEBUG    [SA_03] ACTION: {'action': 'WAIT', 'source': 'pause_between_sentences'}
2026-09-09 09:22:35 DEBUG    [SA_03] PAUSE_END
2026-09-09 09:22:35 DEBUG    [SA_03] ACTION: {'action': 'HIDE', 'target': 'top'}
2026-09-09 09:22:35 DEBUG    [SA_03] ACTION: {'action': 'HIDE', 'target': 'bottom'}
2026-09-09 09:22:35 INFO     [SA_03] SCENARIO FINISHED
2026-09-09 09:22:35 DEBUG    [SA_03] FINISH_ITEM: repeat 1/2
2026-09-09 09:22:35 DEBUG    [SA_03] ACTION: {'action': 'SHOW', 'target': 'top', 'content': 'phrase_text'}
2026-09-09 09:22:35 DEBUG    [SA_03] ACTION: {'action': 'PLAY', 'source': 'phrase_text'}
2026-09-09 09:22:35 DEBUG    [SA_03] AudioProvider: CACHE HIT
2026-09-09 09:22:35 DEBUG    [SA_03] TEXT PLAY
2026-09-09 09:22:37 DEBUG    [SA_03] Checkbox: loop = True
2026-09-09 09:22:39 DEBUG    [SA_03] TEXT_END
2026-09-09 09:22:39 DEBUG    [SA_03] ACTION: {'action': 'WAIT', 'source': 'pause_before_translation'}
2026-09-09 09:22:44 DEBUG    [SA_03] Button: next
2026-09-09 09:22:44 DEBUG    [SA_03] PREPARE_ITEM #7
2026-09-09 09:22:44 DEBUG    [SA_03] ACTION: {'action': 'SHOW', 'target': 'top', 'content': 'phrase_text'}
2026-09-09 09:22:44 DEBUG    [SA_03] ACTION: {'action': 'PLAY', 'source': 'phrase_text'}
2026-09-09 09:22:44 DEBUG    [SA_03] AudioProvider: CACHE HIT
2026-09-09 09:22:44 DEBUG    [SA_03] TEXT PLAY
2026-09-09 09:22:48 DEBUG    [SA_03] TEXT_END
2026-09-09 09:22:48 DEBUG    [SA_03] ACTION: {'action': 'WAIT', 'source': 'pause_before_translation'}
2026-09-09 09:22:53 DEBUG    [SA_03] PAUSE_END
2026-09-09 09:22:53 DEBUG    [SA_03] ACTION: {'action': 'SHOW', 'target': 'bottom', 'content': 'translate_text'}
2026-09-09 09:22:53 DEBUG    [SA_03] ACTION: {'action': 'PLAY', 'source': 'translate_text'}
2026-09-09 09:22:53 DEBUG    [SA_03] AudioProvider: CACHE HIT
2026-09-09 09:22:53 DEBUG    [SA_03] TRANSLATION PLAY
2026-09-09 09:22:58 DEBUG    [SA_03] TRANSLATION_END
2026-09-09 09:22:58 DEBUG    [SA_03] ACTION: {'action': 'WAIT', 'source': 'pause_between_sentences'}
2026-09-09 09:23:00 DEBUG    [SA_03] PAUSE_END
2026-09-09 09:23:00 DEBUG    [SA_03] ACTION: {'action': 'HIDE', 'target': 'top'}
2026-09-09 09:23:00 DEBUG    [SA_03] ACTION: {'action': 'HIDE', 'target': 'bottom'}
2026-09-09 09:23:00 INFO     [SA_03] SCENARIO FINISHED
2026-09-09 09:23:00 DEBUG    [SA_03] LOOP: repeat current item
2026-09-09 09:23:00 DEBUG    [SA_03] ACTION: {'action': 'SHOW', 'target': 'top', 'content': 'phrase_text'}
2026-09-09 09:23:00 DEBUG    [SA_03] ACTION: {'action': 'PLAY', 'source': 'phrase_text'}
2026-09-09 09:23:00 DEBUG    [SA_03] AudioProvider: CACHE HIT
2026-09-09 09:23:00 DEBUG    [SA_03] TEXT PLAY
2026-09-09 09:23:04 DEBUG    [SA_03] TEXT_END
2026-09-09 09:23:04 DEBUG    [SA_03] ACTION: {'action': 'WAIT', 'source': 'pause_before_translation'}
2026-09-09 09:23:09 DEBUG    [SA_03] PAUSE_END
2026-09-09 09:23:09 DEBUG    [SA_03] ACTION: {'action': 'SHOW', 'target': 'bottom', 'content': 'translate_text'}
2026-09-09 09:23:09 DEBUG    [SA_03] ACTION: {'action': 'PLAY', 'source': 'translate_text'}
2026-09-09 09:23:09 DEBUG    [SA_03] AudioProvider: CACHE HIT
2026-09-09 09:23:10 DEBUG    [SA_03] TRANSLATION PLAY
2026-09-09 09:23:14 DEBUG    [SA_03] TRANSLATION_END
2026-09-09 09:23:14 DEBUG    [SA_03] ACTION: {'action': 'WAIT', 'source': 'pause_between_sentences'}
2026-09-09 09:23:16 DEBUG    [SA_03] PAUSE_END
2026-09-09 09:23:17 DEBUG    [SA_03] ACTION: {'action': 'HIDE', 'target': 'top'}
2026-09-09 09:23:17 DEBUG    [SA_03] ACTION: {'action': 'HIDE', 'target': 'bottom'}
2026-09-09 09:23:17 INFO     [SA_03] SCENARIO FINISHED
2026-09-09 09:23:17 DEBUG    [SA_03] LOOP: repeat current item
2026-09-09 09:23:17 DEBUG    [SA_03] ACTION: {'action': 'SHOW', 'target': 'top', 'content': 'phrase_text'}
2026-09-09 09:23:17 DEBUG    [SA_03] ACTION: {'action': 'PLAY', 'source': 'phrase_text'}
2026-09-09 09:23:17 DEBUG    [SA_03] AudioProvider: CACHE HIT
2026-09-09 09:23:17 DEBUG    [SA_03] TEXT PLAY
2026-09-09 09:23:21 DEBUG    [SA_03] TEXT_END
2026-09-09 09:23:21 DEBUG    [SA_03] ACTION: {'action': 'WAIT', 'source': 'pause_before_translation'}
2026-09-09 09:23:26 DEBUG    [SA_03] PAUSE_END
2026-09-09 09:23:26 DEBUG    [SA_03] ACTION: {'action': 'SHOW', 'target': 'bottom', 'content': 'translate_text'}
2026-09-09 09:23:26 DEBUG    [SA_03] ACTION: {'action': 'PLAY', 'source': 'translate_text'}
2026-09-09 09:23:26 DEBUG    [SA_03] AudioProvider: CACHE HIT
2026-09-09 09:23:26 DEBUG    [SA_03] TRANSLATION PLAY
2026-09-09 09:23:31 DEBUG    [SA_03] TRANSLATION_END
2026-09-09 09:23:31 DEBUG    [SA_03] ACTION: {'action': 'WAIT', 'source': 'pause_between_sentences'}
2026-09-09 09:23:33 DEBUG    [SA_03] PAUSE_END
2026-09-09 09:23:33 DEBUG    [SA_03] ACTION: {'action': 'HIDE', 'target': 'top'}
2026-09-09 09:23:33 DEBUG    [SA_03] ACTION: {'action': 'HIDE', 'target': 'bottom'}
2026-09-09 09:23:33 INFO     [SA_03] SCENARIO FINISHED
2026-09-09 09:23:33 DEBUG    [SA_03] LOOP: repeat current item
2026-09-09 09:23:33 DEBUG    [SA_03] ACTION: {'action': 'SHOW', 'target': 'top', 'content': 'phrase_text'}
2026-09-09 09:23:33 DEBUG    [SA_03] ACTION: {'action': 'PLAY', 'source': 'phrase_text'}
2026-09-09 09:23:33 DEBUG    [SA_03] AudioProvider: CACHE HIT
2026-09-09 09:23:33 DEBUG    [SA_03] TEXT PLAY
2026-09-09 09:23:37 DEBUG    [SA_03] TEXT_END
2026-09-09 09:23:37 DEBUG    [SA_03] ACTION: {'action': 'WAIT', 'source': 'pause_before_translation'}
2026-09-09 09:23:42 DEBUG    [SA_03] PAUSE_END
2026-09-09 09:23:42 DEBUG    [SA_03] ACTION: {'action': 'SHOW', 'target': 'bottom', 'content': 'translate_text'}
2026-09-09 09:23:42 DEBUG    [SA_03] ACTION: {'action': 'PLAY', 'source': 'translate_text'}
2026-09-09 09:23:42 DEBUG    [SA_03] AudioProvider: CACHE HIT
2026-09-09 09:23:42 DEBUG    [SA_03] TRANSLATION PLAY
2026-09-09 09:23:47 DEBUG    [SA_03] TRANSLATION_END
2026-09-09 09:23:47 DEBUG    [SA_03] ACTION: {'action': 'WAIT', 'source': 'pause_between_sentences'}
2026-09-09 09:23:49 DEBUG    [SA_03] PAUSE_END
2026-09-09 09:23:49 DEBUG    [SA_03] ACTION: {'action': 'HIDE', 'target': 'top'}
2026-09-09 09:23:49 DEBUG    [SA_03] ACTION: {'action': 'HIDE', 'target': 'bottom'}
2026-09-09 09:23:50 INFO     [SA_03] SCENARIO FINISHED
2026-09-09 09:23:50 DEBUG    [SA_03] LOOP: repeat current item
2026-09-09 09:23:50 DEBUG    [SA_03] ACTION: {'action': 'SHOW', 'target': 'top', 'content': 'phrase_text'}
2026-09-09 09:23:50 DEBUG    [SA_03] ACTION: {'action': 'PLAY', 'source': 'phrase_text'}
2026-09-09 09:23:50 DEBUG    [SA_03] AudioProvider: CACHE HIT
2026-09-09 09:23:50 DEBUG    [SA_03] TEXT PLAY
2026-09-09 09:23:54 DEBUG    [SA_03] TEXT_END
2026-09-09 09:23:54 DEBUG    [SA_03] ACTION: {'action': 'WAIT', 'source': 'pause_before_translation'}
2026-09-09 09:23:54 DEBUG    [SA_03] Button: pause
2026-09-09 09:27:32 INFO     [SA_03] Finish Application
2026-09-09 09:32:03 INFO     [SA_03] Start Application
2026-09-09 09:32:13 DEBUG    [SA_03] INITIAL ITEM: phrase_code = pl phrase_locale = pl-PL phrase_voice = pl-PL-ZofiaNeural
2026-09-09 09:32:13 DEBUG    [SA_03] INITIAL SOURCE: language = pl locale = pl-PL voice = 
2026-09-09 09:36:21 INFO     [SA_03] Finish Application
2026-09-09 09:36:41 INFO     [SA_03] Start Application
2026-09-09 09:36:51 DEBUG    [SA_03] INITIAL ITEM: phrase_code = pl phrase_locale = pl-PL phrase_voice = pl-PL-ZofiaNeural
2026-09-09 09:36:51 DEBUG    [SA_03] INITIAL SOURCE: language = pl locale = pl-PL voice = 
2026-09-09 09:36:55 INFO     [SA_03] Finish Application
2026-09-09 09:37:01 INFO     [SA_03] Start Application
2026-09-09 09:39:21 INFO     [SA_03] Start Application
2026-09-09 09:39:31 DEBUG    [SA_03] INITIAL ITEM: phrase_code = pl phrase_locale = pl-PL phrase_voice = pl-PL-ZofiaNeural
2026-09-09 09:39:31 DEBUG    [SA_03] INITIAL SOURCE: language = pl locale = pl-PL voice = 
2026-09-09 09:39:42 INFO     [SA_03] Start Application
2026-09-09 09:39:54 INFO     [SA_03] Start Application
2026-09-09 09:41:06 INFO     [SA_03] Start Application
2026-09-09 10:26:15 INFO     [SA_03] Start Application
2026-09-09 10:26:36 INFO     [SA_03] Start Application
2026-09-09 10:40:44 INFO     [SA_03] Start Application
2026-09-09 10:48:33 INFO     [SA_03] Start Application
2026-09-09 10:48:43 DEBUG    [SA_03] INITIAL ITEM: phrase_code = pl phrase_locale = pl-PL phrase_voice = pl-PL-ZofiaNeural
2026-09-09 10:48:43 DEBUG    [SA_03] INITIAL SOURCE: language = pl locale = pl-PL voice = 
2026-09-09 10:48:51 DEBUG    [SA_03] Button: play
2026-09-09 10:48:51 DEBUG    [SA_03] PREPARE_ITEM #0
2026-09-09 10:48:51 DEBUG    [SA_03] ACTION: {'action': 'SHOW', 'target': 'top', 'content': 'phrase_text'}
2026-09-09 10:48:51 DEBUG    [SA_03] ACTION: {'action': 'PLAY', 'source': 'phrase_text'}
2026-09-09 10:48:51 DEBUG    [SA_03] AudioProvider: CACHE HIT
2026-09-09 10:48:51 DEBUG    [SA_03] TEXT PLAY
2026-09-09 10:48:52 DEBUG    [SA_03] TEXT_END
2026-09-09 10:48:52 DEBUG    [SA_03] ACTION: {'action': 'WAIT', 'source': 'pause_before_translation'}
2026-09-09 10:48:55 DEBUG    [SA_03] PAUSE_END
2026-09-09 10:48:55 DEBUG    [SA_03] ACTION: {'action': 'SHOW', 'target': 'bottom', 'content': 'translate_text'}
2026-09-09 10:48:55 DEBUG    [SA_03] ACTION: {'action': 'PLAY', 'source': 'translate_text'}
2026-09-09 10:48:55 DEBUG    [SA_03] AudioProvider: CACHE HIT
2026-09-09 10:48:55 DEBUG    [SA_03] TRANSLATION PLAY
2026-09-09 10:48:57 DEBUG    [SA_03] TRANSLATION_END
2026-09-09 10:48:57 DEBUG    [SA_03] ACTION: {'action': 'WAIT', 'source': 'pause_between_sentences'}
2026-09-09 10:48:59 DEBUG    [SA_03] PAUSE_END
2026-09-09 10:48:59 DEBUG    [SA_03] ACTION: {'action': 'HIDE', 'target': 'top'}
2026-09-09 10:48:59 DEBUG    [SA_03] ACTION: {'action': 'HIDE', 'target': 'bottom'}
2026-09-09 10:48:59 INFO     [SA_03] SCENARIO FINISHED
2026-09-09 10:48:59 DEBUG    [SA_03] FINISH_ITEM: repeat 1/2
2026-09-09 10:48:59 DEBUG    [SA_03] ACTION: {'action': 'SHOW', 'target': 'top', 'content': 'phrase_text'}
2026-09-09 10:48:59 DEBUG    [SA_03] ACTION: {'action': 'PLAY', 'source': 'phrase_text'}
2026-09-09 10:48:59 DEBUG    [SA_03] AudioProvider: CACHE HIT
2026-09-09 10:48:59 DEBUG    [SA_03] TEXT PLAY
2026-09-09 10:49:01 DEBUG    [SA_03] TEXT_END
2026-09-09 10:49:01 DEBUG    [SA_03] ACTION: {'action': 'WAIT', 'source': 'pause_before_translation'}
2026-09-09 10:49:04 DEBUG    [SA_03] PAUSE_END
2026-09-09 10:49:04 DEBUG    [SA_03] ACTION: {'action': 'SHOW', 'target': 'bottom', 'content': 'translate_text'}
2026-09-09 10:49:04 DEBUG    [SA_03] ACTION: {'action': 'PLAY', 'source': 'translate_text'}
2026-09-09 10:49:04 DEBUG    [SA_03] AudioProvider: CACHE HIT
2026-09-09 10:49:04 DEBUG    [SA_03] TRANSLATION PLAY
2026-09-09 10:49:06 DEBUG    [SA_03] TRANSLATION_END
2026-09-09 10:49:06 DEBUG    [SA_03] ACTION: {'action': 'WAIT', 'source': 'pause_between_sentences'}
2026-09-09 10:49:08 DEBUG    [SA_03] PAUSE_END
2026-09-09 10:49:08 DEBUG    [SA_03] ACTION: {'action': 'HIDE', 'target': 'top'}
2026-09-09 10:49:08 DEBUG    [SA_03] ACTION: {'action': 'HIDE', 'target': 'bottom'}
2026-09-09 10:49:08 INFO     [SA_03] SCENARIO FINISHED
2026-09-09 10:49:08 DEBUG    [SA_03] FINISH_ITEM: repeat 2/2
2026-09-09 10:49:08 DEBUG    [SA_03] PREPARE_ITEM #1
2026-09-09 10:49:08 DEBUG    [SA_03] ACTION: {'action': 'SHOW', 'target': 'top', 'content': 'phrase_text'}
2026-09-09 10:49:08 DEBUG    [SA_03] ACTION: {'action': 'PLAY', 'source': 'phrase_text'}
2026-09-09 10:49:08 DEBUG    [SA_03] AudioProvider: CACHE HIT
2026-09-09 10:49:08 DEBUG    [SA_03] TEXT PLAY
2026-09-09 10:49:12 DEBUG    [SA_03] TEXT_END
2026-09-09 10:49:12 DEBUG    [SA_03] ACTION: {'action': 'WAIT', 'source': 'pause_before_translation'}
2026-09-09 10:49:17 DEBUG    [SA_03] PAUSE_END
2026-09-09 10:49:17 DEBUG    [SA_03] ACTION: {'action': 'SHOW', 'target': 'bottom', 'content': 'translate_text'}
2026-09-09 10:49:17 DEBUG    [SA_03] ACTION: {'action': 'PLAY', 'source': 'translate_text'}
2026-09-09 10:49:17 DEBUG    [SA_03] AudioProvider: CACHE HIT
2026-09-09 10:49:17 DEBUG    [SA_03] TRANSLATION PLAY
2026-09-09 10:49:18 INFO     [SA_03] Finish Application
2026-09-09 10:49:23 INFO     [SA_03] Start Application
2026-09-09 10:49:33 DEBUG    [SA_03] INITIAL ITEM: phrase_code = pl phrase_locale = pl-PL phrase_voice = pl-PL-ZofiaNeural
2026-09-09 10:49:33 DEBUG    [SA_03] INITIAL SOURCE: language = pl locale = pl-PL voice = 
2026-09-09 10:50:31 INFO     [SA_03] Finish Application
2026-09-09 10:50:44 INFO     [SA_03] Start Application
2026-09-09 10:50:54 DEBUG    [SA_03] INITIAL ITEM: phrase_code = pl phrase_locale = pl-PL phrase_voice = pl-PL-ZofiaNeural
2026-09-09 10:50:54 DEBUG    [SA_03] INITIAL SOURCE: language = pl locale = pl-PL voice = 
2026-09-09 10:51:51 INFO     [SA_03] Finish Application
2026-09-09 10:51:53 INFO     [SA_03] Start Application
2026-09-09 10:52:04 DEBUG    [SA_03] INITIAL ITEM: phrase_code = pl phrase_locale = pl-PL phrase_voice = pl-PL-ZofiaNeural
2026-09-09 10:52:04 DEBUG    [SA_03] INITIAL SOURCE: language = pl locale = pl-PL voice = 
2026-09-09 10:52:16 DEBUG    [SA_03] Button: settings
2026-09-09 10:52:16 DEBUG    [SA_03] INITIAL ITEM: phrase_code = pl phrase_locale = pl-PL phrase_voice = pl-PL-ZofiaNeural
2026-09-09 10:52:16 DEBUG    [SA_03] INITIAL SOURCE: language = pl locale = pl-PL voice = 
2026-09-09 10:52:16 DEBUG    [SA_03] Target language: en
2026-09-09 10:52:17 DEBUG    [SA_03] Target locale: en-US
2026-09-09 10:52:52 INFO     [SA_03] Finish Application
2026-09-09 10:55:31 INFO     [SA_03] Start Application
2026-09-09 10:55:41 DEBUG    [SA_03] INITIAL ITEM: phrase_code = pl phrase_locale = pl-PL phrase_voice = pl-PL-ZofiaNeural
2026-09-09 10:55:41 DEBUG    [SA_03] INITIAL SOURCE: language = pl locale = pl-PL voice = 
2026-09-09 10:55:51 DEBUG    [SA_03] Button: settings
2026-09-09 10:55:51 DEBUG    [SA_03] INITIAL ITEM: phrase_code = pl phrase_locale = pl-PL phrase_voice = pl-PL-ZofiaNeural
2026-09-09 10:55:51 DEBUG    [SA_03] INITIAL SOURCE: language = pl locale = pl-PL voice = 
2026-09-09 10:55:52 DEBUG    [SA_03] Target language: en
2026-09-09 10:55:52 DEBUG    [SA_03] Target locale: en-US
2026-09-09 10:56:18 DEBUG    [SA_03] Button: db
2026-09-09 10:56:19 INFO     [SA_03] Database sets loaded: 23
2026-09-09 10:56:19 DEBUG    [SA_03] Selected set: English A1
2026-09-09 10:56:37 DEBUG    [SA_03] Selected set: Polish  Shadowing A1-B1
2026-09-09 10:56:55 DEBUG    [SA_03] Button: login
2026-09-09 10:57:18 INFO     [SA_03] Database sets loaded: 23
2026-09-09 10:57:18 DEBUG    [SA_03] Selected set: English A1
2026-09-09 10:57:40 DEBUG    [SA_03] Button: db
2026-09-09 10:57:41 INFO     [SA_03] Database sets loaded: 23
2026-09-09 10:57:41 DEBUG    [SA_03] Selected set: English A1
2026-09-09 10:57:43 DEBUG    [SA_03] Button: login
2026-09-09 10:58:07 DEBUG    [SA_03] Button: register
2026-09-09 11:01:49 INFO     [SA_03] Finish Application
2026-09-09 11:01:53 INFO     [SA_03] Start Application
2026-09-09 11:01:56 DEBUG    [SA_03] INITIAL ITEM: phrase_code = pl phrase_locale = pl-PL phrase_voice = pl-PL-ZofiaNeural
2026-09-09 11:01:56 DEBUG    [SA_03] INITIAL SOURCE: language = pl locale = pl-PL voice = 
2026-09-09 11:01:57 DEBUG    [SA_03] Button: db
2026-09-09 11:01:58 INFO     [SA_03] Database sets loaded: 23
2026-09-09 11:01:58 DEBUG    [SA_03] Selected set: English A1
2026-09-09 11:01:59 DEBUG    [SA_03] Button: login
2026-09-09 11:03:50 INFO     [SA_03] Finish Application
2026-09-09 11:03:53 INFO     [SA_03] Start Application
2026-09-09 11:03:55 DEBUG    [SA_03] INITIAL ITEM: phrase_code = pl phrase_locale = pl-PL phrase_voice = pl-PL-ZofiaNeural
2026-09-09 11:03:55 DEBUG    [SA_03] INITIAL SOURCE: language = pl locale = pl-PL voice = 
2026-09-09 11:03:56 DEBUG    [SA_03] Button: db
2026-09-09 11:03:57 INFO     [SA_03] Database sets loaded: 23
2026-09-09 11:03:57 DEBUG    [SA_03] Selected set: English A1
2026-09-09 11:03:57 DEBUG    [SA_03] Button: login
2026-09-09 11:04:18 DEBUG    [SA_03] Button: register
2026-09-09 11:04:21 DEBUG    [SA_03] Button: login
2026-09-09 11:05:04 DEBUG    [SA_03] Button: settings
2026-09-09 11:05:04 DEBUG    [SA_03] INITIAL ITEM: phrase_code = pl phrase_locale = pl-PL phrase_voice = pl-PL-ZofiaNeural
2026-09-09 11:05:04 DEBUG    [SA_03] INITIAL SOURCE: language = pl locale = pl-PL voice = 
2026-09-09 11:05:04 DEBUG    [SA_03] Target language: en
2026-09-09 11:05:04 DEBUG    [SA_03] Target locale: en-US
2026-09-09 11:05:08 DEBUG    [SA_03] Button: db
2026-09-09 11:05:08 INFO     [SA_03] Database sets loaded: 23
2026-09-09 11:05:08 DEBUG    [SA_03] Selected set: English A1
2026-09-09 11:05:09 DEBUG    [SA_03] Button: login
2026-09-09 11:07:14 INFO     [SA_03] Finish Application
2026-09-09 11:07:20 INFO     [SA_03] Start Application
2026-09-09 11:07:21 DEBUG    [SA_03] INITIAL ITEM: phrase_code = pl phrase_locale = pl-PL phrase_voice = pl-PL-ZofiaNeural
2026-09-09 11:07:21 DEBUG    [SA_03] INITIAL SOURCE: language = pl locale = pl-PL voice = 
2026-09-09 11:07:22 DEBUG    [SA_03] Button: db
2026-09-09 11:07:23 INFO     [SA_03] Database sets loaded: 23
2026-09-09 11:07:23 DEBUG    [SA_03] Selected set: English A1
2026-09-09 11:07:23 DEBUG    [SA_03] Button: login
2026-09-09 11:08:12 INFO     [SA_03] Finish Application
2026-09-09 11:08:16 INFO     [SA_03] Start Application
2026-09-09 11:08:16 DEBUG    [SA_03] INITIAL ITEM: phrase_code = pl phrase_locale = pl-PL phrase_voice = pl-PL-ZofiaNeural
2026-09-09 11:08:16 DEBUG    [SA_03] INITIAL SOURCE: language = pl locale = pl-PL voice = 
2026-09-09 11:08:17 DEBUG    [SA_03] Button: db
2026-09-09 11:08:18 INFO     [SA_03] Database sets loaded: 23
2026-09-09 11:08:18 DEBUG    [SA_03] Selected set: English A1
2026-09-09 11:08:19 DEBUG    [SA_03] Button: register
2026-09-09 11:08:30 DEBUG    [SA_03] Button: login
2026-09-09 11:09:22 INFO     [SA_03] Finish Application
2026-09-09 11:10:36 INFO     [SA_03] Start Application
2026-09-09 11:10:37 DEBUG    [SA_03] INITIAL ITEM: phrase_code = pl phrase_locale = pl-PL phrase_voice = pl-PL-ZofiaNeural
2026-09-09 11:10:37 DEBUG    [SA_03] INITIAL SOURCE: language = pl locale = pl-PL voice = 
2026-09-09 11:10:38 DEBUG    [SA_03] Button: db
2026-09-09 11:10:39 INFO     [SA_03] Database sets loaded: 23
2026-09-09 11:10:39 DEBUG    [SA_03] Selected set: English A1
2026-09-09 11:10:40 DEBUG    [SA_03] Button: register
2026-09-09 11:11:32 INFO     [SA_03] Finish Application
2026-09-09 11:11:34 INFO     [SA_03] Start Application
2026-09-09 11:11:35 DEBUG    [SA_03] INITIAL ITEM: phrase_code = pl phrase_locale = pl-PL phrase_voice = pl-PL-ZofiaNeural
2026-09-09 11:11:35 DEBUG    [SA_03] INITIAL SOURCE: language = pl locale = pl-PL voice = 
2026-09-09 11:11:36 DEBUG    [SA_03] Button: db
2026-09-09 11:11:37 INFO     [SA_03] Database sets loaded: 23
2026-09-09 11:11:37 DEBUG    [SA_03] Selected set: English A1
2026-09-09 11:11:38 DEBUG    [SA_03] Button: login
2026-09-09 11:11:52 DEBUG    [SA_03] Button: settings
2026-09-09 11:11:52 DEBUG    [SA_03] INITIAL ITEM: phrase_code = pl phrase_locale = pl-PL phrase_voice = pl-PL-ZofiaNeural
2026-09-09 11:11:52 DEBUG    [SA_03] INITIAL SOURCE: language = pl locale = pl-PL voice = 
2026-09-09 11:11:52 DEBUG    [SA_03] Target language: en
2026-09-09 11:11:53 DEBUG    [SA_03] Target locale: en-US
2026-09-09 11:11:57 DEBUG    [SA_03] Button: db
2026-09-09 11:11:57 INFO     [SA_03] Database sets loaded: 23
2026-09-09 11:11:57 DEBUG    [SA_03] Selected set: English A1
2026-09-09 11:11:58 DEBUG    [SA_03] Button: register
2026-09-09 11:12:06 DEBUG    [SA_03] Button: login
2026-09-09 11:12:13 DEBUG    [SA_03] Button: login
2026-09-09 11:12:24 DEBUG    [SA_03] Button: login
2026-09-09 11:12:39 INFO     [SA_03] Finish Application
2026-09-09 11:14:27 INFO     [SA_03] Start Application
2026-09-09 11:14:28 DEBUG    [SA_03] INITIAL ITEM: phrase_code = pl phrase_locale = pl-PL phrase_voice = pl-PL-ZofiaNeural
2026-09-09 11:14:28 DEBUG    [SA_03] INITIAL SOURCE: language = pl locale = pl-PL voice = 
2026-09-09 11:14:29 DEBUG    [SA_03] Button: db
2026-09-09 11:14:30 INFO     [SA_03] Database sets loaded: 23
2026-09-09 11:14:30 DEBUG    [SA_03] Selected set: English A1
2026-09-09 11:14:30 DEBUG    [SA_03] Button: login
2026-09-09 11:14:35 DEBUG    [SA_03] Button: register
2026-09-09 11:15:01 INFO     [SA_03] Finish Application
2026-09-09 11:19:52 INFO     [SA_03] Start Application
2026-09-09 11:19:53 DEBUG    [SA_03] INITIAL ITEM: phrase_code = pl phrase_locale = pl-PL phrase_voice = pl-PL-ZofiaNeural
2026-09-09 11:19:53 DEBUG    [SA_03] INITIAL SOURCE: language = pl locale = pl-PL voice = 
2026-09-09 11:19:54 DEBUG    [SA_03] Button: db
2026-09-09 11:19:55 INFO     [SA_03] Database sets loaded: 23
2026-09-09 11:19:55 DEBUG    [SA_03] Selected set: English A1
2026-09-09 11:19:56 DEBUG    [SA_03] Button: register
2026-09-09 11:20:28 INFO     [SA_03] Finish Application
2026-09-09 11:21:21 INFO     [SA_03] Start Application
2026-09-09 11:21:22 DEBUG    [SA_03] INITIAL ITEM: phrase_code = pl phrase_locale = pl-PL phrase_voice = pl-PL-ZofiaNeural
2026-09-09 11:21:22 DEBUG    [SA_03] INITIAL SOURCE: language = pl locale = pl-PL voice = 
2026-09-09 11:21:23 DEBUG    [SA_03] Button: db
2026-09-09 11:21:24 INFO     [SA_03] Database sets loaded: 23
2026-09-09 11:21:24 DEBUG    [SA_03] Selected set: English A1
2026-09-09 11:21:25 DEBUG    [SA_03] Button: register
2026-09-09 11:21:36 INFO     [SA_03] Finish Application
2026-09-09 11:21:55 INFO     [SA_03] Start Application
2026-09-09 11:21:56 DEBUG    [SA_03] INITIAL ITEM: phrase_code = pl phrase_locale = pl-PL phrase_voice = pl-PL-ZofiaNeural
2026-09-09 11:21:56 DEBUG    [SA_03] INITIAL SOURCE: language = pl locale = pl-PL voice = 
2026-09-09 11:21:57 DEBUG    [SA_03] Button: db
2026-09-09 11:21:58 INFO     [SA_03] Database sets loaded: 23
2026-09-09 11:21:58 DEBUG    [SA_03] Selected set: English A1
2026-09-09 11:21:58 DEBUG    [SA_03] Button: register
2026-09-09 11:23:03 INFO     [SA_03] Finish Application
2026-09-09 11:23:07 INFO     [SA_03] Start Application
2026-09-09 11:23:09 DEBUG    [SA_03] INITIAL ITEM: phrase_code = pl phrase_locale = pl-PL phrase_voice = pl-PL-ZofiaNeural
2026-09-09 11:23:09 DEBUG    [SA_03] INITIAL SOURCE: language = pl locale = pl-PL voice = 
2026-09-09 11:23:19 INFO     [SA_03] Finish Application
2026-09-09 11:25:58 INFO     [SA_03] Start Application
2026-09-09 11:26:00 DEBUG    [SA_03] INITIAL ITEM: phrase_code = pl phrase_locale = pl-PL phrase_voice = pl-PL-ZofiaNeural
2026-09-09 11:26:00 DEBUG    [SA_03] INITIAL SOURCE: language = pl locale = pl-PL voice = 
2026-09-09 11:26:02 INFO     [SA_03] Finish Application
2026-09-09 11:26:45 INFO     [SA_03] Start Application
2026-09-09 11:26:47 DEBUG    [SA_03] INITIAL ITEM: phrase_code = pl phrase_locale = pl-PL phrase_voice = pl-PL-ZofiaNeural
2026-09-09 11:26:47 DEBUG    [SA_03] INITIAL SOURCE: language = pl locale = pl-PL voice = 
2026-09-09 11:26:48 DEBUG    [SA_03] Button: db
2026-09-09 11:26:49 INFO     [SA_03] Database sets loaded: 23
2026-09-09 11:26:49 DEBUG    [SA_03] Selected set: English A1
2026-09-09 11:26:51 DEBUG    [SA_03] Button: register
2026-09-09 11:26:58 DEBUG    [SA_03] Button: login
2026-09-09 11:27:03 DEBUG    [SA_03] Button: datatodb
2026-09-09 11:27:12 DEBUG    [SA_03] Button: exceltoset
2026-09-09 11:27:16 DEBUG    [SA_03] Button: settoexcel
2026-09-09 11:27:18 DEBUG    [SA_03] Excel export cancelled
2026-09-09 11:27:32 DEBUG    [SA_03] Button: login
2026-09-09 11:27:40 DEBUG    [SA_03] Button: login
2026-09-09 11:29:15 INFO     [SA_03] Finish Application
2026-09-09 11:29:18 INFO     [SA_03] Start Application
2026-09-09 11:29:18 DEBUG    [SA_03] INITIAL ITEM: phrase_code = pl phrase_locale = pl-PL phrase_voice = pl-PL-ZofiaNeural
2026-09-09 11:29:18 DEBUG    [SA_03] INITIAL SOURCE: language = pl locale = pl-PL voice = 
2026-09-09 11:29:20 DEBUG    [SA_03] Button: db
2026-09-09 11:29:21 INFO     [SA_03] Database sets loaded: 23
2026-09-09 11:29:21 DEBUG    [SA_03] Selected set: English A1
2026-09-09 11:29:22 DEBUG    [SA_03] Button: register
2026-09-09 11:29:24 DEBUG    [SA_03] Button: login
2026-09-09 11:29:38 DEBUG    [SA_03] Button: login
2026-09-09 11:29:43 DEBUG    [SA_03] Button: register
2026-09-09 11:31:01 INFO     [SA_03] Finish Application
2026-09-09 11:31:04 INFO     [SA_03] Start Application
2026-09-09 11:31:05 DEBUG    [SA_03] INITIAL ITEM: phrase_code = pl phrase_locale = pl-PL phrase_voice = pl-PL-ZofiaNeural
2026-09-09 11:31:05 DEBUG    [SA_03] INITIAL SOURCE: language = pl locale = pl-PL voice = 
2026-09-09 11:31:06 DEBUG    [SA_03] Button: db
2026-09-09 11:31:07 INFO     [SA_03] Database sets loaded: 23
2026-09-09 11:31:07 DEBUG    [SA_03] Selected set: English A1
2026-09-09 11:31:07 DEBUG    [SA_03] Button: register
2026-09-09 11:31:11 DEBUG    [SA_03] Button: login
2026-09-09 11:31:15 INFO     [SA_03] Finish Application
2026-09-09 11:32:00 INFO     [SA_03] Start Application
2026-09-09 11:32:01 DEBUG    [SA_03] INITIAL ITEM: phrase_code = pl phrase_locale = pl-PL phrase_voice = pl-PL-ZofiaNeural
2026-09-09 11:32:01 DEBUG    [SA_03] INITIAL SOURCE: language = pl locale = pl-PL voice = 
2026-09-09 11:32:03 DEBUG    [SA_03] Button: db
2026-09-09 11:32:04 INFO     [SA_03] Database sets loaded: 23
2026-09-09 11:32:04 DEBUG    [SA_03] Selected set: English A1
2026-09-09 11:32:04 DEBUG    [SA_03] Button: login
2026-09-09 11:32:05 DEBUG    [SA_03] Button: login
2026-09-09 11:32:06 DEBUG    [SA_03] Button: register
2026-09-09 11:32:09 DEBUG    [SA_03] Button: login
2026-09-09 11:32:15 INFO     [SA_03] Finish Application
2026-09-09 11:32:49 INFO     [SA_03] Start Application
2026-09-09 11:32:50 DEBUG    [SA_03] INITIAL ITEM: phrase_code = pl phrase_locale = pl-PL phrase_voice = pl-PL-ZofiaNeural
2026-09-09 11:32:50 DEBUG    [SA_03] INITIAL SOURCE: language = pl locale = pl-PL voice = 
2026-09-09 11:32:51 DEBUG    [SA_03] Button: db
2026-09-09 11:32:52 INFO     [SA_03] Database sets loaded: 23
2026-09-09 11:32:52 DEBUG    [SA_03] Selected set: English A1
2026-09-09 11:32:53 DEBUG    [SA_03] Button: login
2026-09-09 11:32:55 DEBUG    [SA_03] Button: register
2026-09-09 11:33:02 INFO     [SA_03] Finish Application
2026-09-09 11:33:30 INFO     [SA_03] Start Application
2026-09-09 11:33:31 DEBUG    [SA_03] INITIAL ITEM: phrase_code = pl phrase_locale = pl-PL phrase_voice = pl-PL-ZofiaNeural
2026-09-09 11:33:31 DEBUG    [SA_03] INITIAL SOURCE: language = pl locale = pl-PL voice = 
2026-09-09 11:33:32 DEBUG    [SA_03] Button: db
2026-09-09 11:33:33 INFO     [SA_03] Database sets loaded: 23
2026-09-09 11:33:33 DEBUG    [SA_03] Selected set: English A1
2026-09-09 11:33:33 DEBUG    [SA_03] Button: register
2026-09-09 11:33:36 DEBUG    [SA_03] Button: login
2026-09-09 11:33:51 INFO     [SA_03] Finish Application
2026-09-09 11:34:41 INFO     [SA_03] Start Application
2026-09-09 11:34:43 DEBUG    [SA_03] INITIAL ITEM: phrase_code = pl phrase_locale = pl-PL phrase_voice = pl-PL-ZofiaNeural
2026-09-09 11:34:43 DEBUG    [SA_03] INITIAL SOURCE: language = pl locale = pl-PL voice = 
2026-09-09 11:34:47 INFO     [SA_03] Finish Application
2026-09-09 11:34:50 INFO     [SA_03] Start Application
2026-09-09 11:34:57 DEBUG    [SA_03] INITIAL ITEM: phrase_code = pl phrase_locale = pl-PL phrase_voice = pl-PL-ZofiaNeural
2026-09-09 11:34:57 DEBUG    [SA_03] INITIAL SOURCE: language = pl locale = pl-PL voice = 
2026-09-09 11:36:30 DEBUG    [SA_03] Button: settings
2026-09-09 11:36:30 DEBUG    [SA_03] INITIAL ITEM: phrase_code = pl phrase_locale = pl-PL phrase_voice = pl-PL-ZofiaNeural
2026-09-09 11:36:30 DEBUG    [SA_03] INITIAL SOURCE: language = pl locale = pl-PL voice = 
2026-09-09 11:36:31 DEBUG    [SA_03] Target language: en
2026-09-09 11:36:31 DEBUG    [SA_03] Target locale: en-US
2026-09-09 11:36:34 DEBUG    [SA_03] Button: db
2026-09-09 11:36:35 INFO     [SA_03] Database sets loaded: 23
2026-09-09 11:36:35 DEBUG    [SA_03] Selected set: English A1
2026-09-09 15:10:02 INFO     [SA_03] Start Application
2026-09-09 15:10:11 DEBUG    [SA_03] INITIAL ITEM: phrase_code = pl phrase_locale = pl-PL phrase_voice = pl-PL-ZofiaNeural
2026-09-09 15:10:11 DEBUG    [SA_03] INITIAL SOURCE: language = pl locale = pl-PL voice = 
2026-09-09 15:10:25 DEBUG    [SA_03] Button: play
2026-09-09 15:10:25 DEBUG    [SA_03] PREPARE_ITEM #0
2026-09-09 15:10:25 DEBUG    [SA_03] ACTION: {'action': 'SHOW', 'target': 'top', 'content': 'phrase_text'}
2026-09-09 15:10:25 DEBUG    [SA_03] ACTION: {'action': 'PLAY', 'source': 'phrase_text'}
2026-09-09 15:10:25 DEBUG    [SA_03] AudioProvider: CACHE HIT
2026-09-09 15:10:25 DEBUG    [SA_03] TEXT PLAY
2026-09-09 15:10:26 DEBUG    [SA_03] Button: last
2026-09-09 15:10:26 DEBUG    [SA_03] PREPARE_ITEM #44
2026-09-09 15:10:26 DEBUG    [SA_03] ACTION: {'action': 'SHOW', 'target': 'top', 'content': 'phrase_text'}
2026-09-09 15:10:26 DEBUG    [SA_03] ACTION: {'action': 'PLAY', 'source': 'phrase_text'}
2026-09-09 15:10:26 DEBUG    [SA_03] AudioProvider: CACHE MISS
2026-09-09 15:10:26 DEBUG    [SA_03] Button: last
2026-09-09 15:10:26 DEBUG    [SA_03] PREPARE_ITEM #44
2026-09-09 15:10:26 DEBUG    [SA_03] ACTION: {'action': 'SHOW', 'target': 'top', 'content': 'phrase_text'}
2026-09-09 15:10:26 DEBUG    [SA_03] ACTION: {'action': 'PLAY', 'source': 'phrase_text'}
2026-09-09 15:10:26 DEBUG    [SA_03] AudioProvider: CACHE MISS
2026-09-09 15:10:26 DEBUG    [SA_03] Button: last
2026-09-09 15:10:26 DEBUG    [SA_03] PREPARE_ITEM #44
2026-09-09 15:10:26 DEBUG    [SA_03] ACTION: {'action': 'SHOW', 'target': 'top', 'content': 'phrase_text'}
2026-09-09 15:10:26 DEBUG    [SA_03] ACTION: {'action': 'PLAY', 'source': 'phrase_text'}
2026-09-09 15:10:26 DEBUG    [SA_03] AudioProvider: CACHE MISS
2026-09-09 15:10:27 DEBUG    [SA_03] Button: last
2026-09-09 15:10:27 DEBUG    [SA_03] PREPARE_ITEM #44
2026-09-09 15:10:27 DEBUG    [SA_03] ACTION: {'action': 'SHOW', 'target': 'top', 'content': 'phrase_text'}
2026-09-09 15:10:27 DEBUG    [SA_03] ACTION: {'action': 'PLAY', 'source': 'phrase_text'}
2026-09-09 15:10:27 DEBUG    [SA_03] AudioProvider: CACHE MISS
2026-09-09 15:10:27 DEBUG    [SA_03] TEXT PLAY
2026-09-09 15:10:31 DEBUG    [SA_03] TEXT_END
2026-09-09 15:10:31 DEBUG    [SA_03] ACTION: {'action': 'WAIT', 'source': 'pause_before_translation'}
2026-09-09 15:10:34 DEBUG    [SA_03] Slider: voice_speed = 0.7538888888888888
2026-09-09 15:10:36 DEBUG    [SA_03] PAUSE_END
2026-09-09 15:10:36 DEBUG    [SA_03] ACTION: {'action': 'SHOW', 'target': 'bottom', 'content': 'translate_text'}
2026-09-09 15:10:36 DEBUG    [SA_03] ACTION: {'action': 'PLAY', 'source': 'translate_text'}
2026-09-09 15:10:36 DEBUG    [SA_03] AudioProvider: CACHE MISS
2026-09-09 15:10:38 DEBUG    [SA_03] TRANSLATION PLAY
2026-09-09 15:10:44 DEBUG    [SA_03] TRANSLATION_END
2026-09-09 15:10:44 DEBUG    [SA_03] ACTION: {'action': 'WAIT', 'source': 'pause_between_sentences'}
2026-09-09 15:10:46 DEBUG    [SA_03] PAUSE_END
2026-09-09 15:10:46 DEBUG    [SA_03] ACTION: {'action': 'HIDE', 'target': 'top'}
2026-09-09 15:10:46 DEBUG    [SA_03] ACTION: {'action': 'HIDE', 'target': 'bottom'}
2026-09-09 15:10:46 INFO     [SA_03] SCENARIO FINISHED
2026-09-09 15:10:46 DEBUG    [SA_03] FINISH_ITEM: repeat 1/2
2026-09-09 15:10:46 DEBUG    [SA_03] ACTION: {'action': 'SHOW', 'target': 'top', 'content': 'phrase_text'}
2026-09-09 15:10:46 DEBUG    [SA_03] ACTION: {'action': 'PLAY', 'source': 'phrase_text'}
2026-09-09 15:10:46 DEBUG    [SA_03] AudioProvider: CACHE MISS
2026-09-09 15:10:47 DEBUG    [SA_03] TEXT PLAY
2026-09-09 15:10:53 DEBUG    [SA_03] TEXT_END
2026-09-09 15:10:53 DEBUG    [SA_03] ACTION: {'action': 'WAIT', 'source': 'pause_before_translation'}
2026-09-09 15:10:58 DEBUG    [SA_03] PAUSE_END
2026-09-09 15:10:58 DEBUG    [SA_03] ACTION: {'action': 'SHOW', 'target': 'bottom', 'content': 'translate_text'}
2026-09-09 15:10:58 DEBUG    [SA_03] ACTION: {'action': 'PLAY', 'source': 'translate_text'}
2026-09-09 15:10:58 DEBUG    [SA_03] AudioProvider: CACHE HIT
2026-09-09 15:10:58 DEBUG    [SA_03] TRANSLATION PLAY
2026-09-09 15:11:04 DEBUG    [SA_03] TRANSLATION_END
2026-09-09 15:11:04 DEBUG    [SA_03] ACTION: {'action': 'WAIT', 'source': 'pause_between_sentences'}
2026-09-09 15:11:06 DEBUG    [SA_03] PAUSE_END
2026-09-09 15:11:06 DEBUG    [SA_03] ACTION: {'action': 'HIDE', 'target': 'top'}
2026-09-09 15:11:06 DEBUG    [SA_03] ACTION: {'action': 'HIDE', 'target': 'bottom'}
2026-09-09 15:11:06 INFO     [SA_03] SCENARIO FINISHED
2026-09-09 15:11:06 DEBUG    [SA_03] FINISH_ITEM: repeat 2/2
2026-09-09 15:11:06 DEBUG    [SA_03] PLAYBACK_FINISHED
2026-09-09 15:11:07 DEBUG    [SA_03] Checkbox: loop = True
2026-09-09 15:11:11 DEBUG    [SA_03] Button: prev
2026-09-09 15:11:12 DEBUG    [SA_03] Button: prev
2026-09-09 15:11:12 DEBUG    [SA_03] Button: prev
2026-09-09 15:11:12 DEBUG    [SA_03] Button: prev
2026-09-09 15:11:12 DEBUG    [SA_03] Button: prev
2026-09-09 15:11:12 DEBUG    [SA_03] Button: prev
2026-09-09 15:11:13 DEBUG    [SA_03] Button: prev
2026-09-09 15:11:13 DEBUG    [SA_03] Button: prev
2026-09-09 15:11:13 DEBUG    [SA_03] Button: play
2026-09-09 15:11:13 DEBUG    [SA_03] PREPARE_ITEM #36
2026-09-09 15:11:13 DEBUG    [SA_03] ACTION: {'action': 'SHOW', 'target': 'top', 'content': 'phrase_text'}
2026-09-09 15:11:13 DEBUG    [SA_03] ACTION: {'action': 'PLAY', 'source': 'phrase_text'}
2026-09-09 15:11:13 DEBUG    [SA_03] AudioProvider: CACHE MISS
2026-09-09 15:11:14 DEBUG    [SA_03] TEXT PLAY
2026-09-09 15:11:16 DEBUG    [SA_03] TEXT_END
2026-09-09 15:11:16 DEBUG    [SA_03] ACTION: {'action': 'WAIT', 'source': 'pause_before_translation'}
2026-09-09 15:11:18 DEBUG    [SA_03] Button: last
2026-09-09 15:11:18 DEBUG    [SA_03] PREPARE_ITEM #44
2026-09-09 15:11:18 DEBUG    [SA_03] ACTION: {'action': 'SHOW', 'target': 'top', 'content': 'phrase_text'}
2026-09-09 15:11:18 DEBUG    [SA_03] ACTION: {'action': 'PLAY', 'source': 'phrase_text'}
2026-09-09 15:11:18 DEBUG    [SA_03] AudioProvider: CACHE HIT
2026-09-09 15:11:18 DEBUG    [SA_03] TEXT PLAY
2026-09-09 15:11:18 DEBUG    [SA_03] Button: last
2026-09-09 15:11:18 DEBUG    [SA_03] PREPARE_ITEM #44
2026-09-09 15:11:18 DEBUG    [SA_03] ACTION: {'action': 'SHOW', 'target': 'top', 'content': 'phrase_text'}
2026-09-09 15:11:18 DEBUG    [SA_03] ACTION: {'action': 'PLAY', 'source': 'phrase_text'}
2026-09-09 15:11:18 DEBUG    [SA_03] AudioProvider: CACHE HIT
2026-09-09 15:11:18 DEBUG    [SA_03] TEXT PLAY
2026-09-09 15:11:18 DEBUG    [SA_03] Button: last
2026-09-09 15:11:18 DEBUG    [SA_03] PREPARE_ITEM #44
2026-09-09 15:11:18 DEBUG    [SA_03] ACTION: {'action': 'SHOW', 'target': 'top', 'content': 'phrase_text'}
2026-09-09 15:11:18 DEBUG    [SA_03] ACTION: {'action': 'PLAY', 'source': 'phrase_text'}
2026-09-09 15:11:18 DEBUG    [SA_03] AudioProvider: CACHE HIT
2026-09-09 15:11:18 DEBUG    [SA_03] TEXT PLAY
2026-09-09 15:11:18 DEBUG    [SA_03] Button: last
2026-09-09 15:11:18 DEBUG    [SA_03] PREPARE_ITEM #44
2026-09-09 15:11:18 DEBUG    [SA_03] ACTION: {'action': 'SHOW', 'target': 'top', 'content': 'phrase_text'}
2026-09-09 15:11:18 DEBUG    [SA_03] ACTION: {'action': 'PLAY', 'source': 'phrase_text'}
2026-09-09 15:11:18 DEBUG    [SA_03] AudioProvider: CACHE HIT
2026-09-09 15:11:18 DEBUG    [SA_03] TEXT PLAY
2026-09-09 15:11:18 DEBUG    [SA_03] Button: last
2026-09-09 15:11:18 DEBUG    [SA_03] PREPARE_ITEM #44
2026-09-09 15:11:18 DEBUG    [SA_03] ACTION: {'action': 'SHOW', 'target': 'top', 'content': 'phrase_text'}
2026-09-09 15:11:19 DEBUG    [SA_03] ACTION: {'action': 'PLAY', 'source': 'phrase_text'}
2026-09-09 15:11:19 DEBUG    [SA_03] AudioProvider: CACHE HIT
2026-09-09 15:11:19 DEBUG    [SA_03] TEXT PLAY
2026-09-09 15:11:19 DEBUG    [SA_03] Button: last
2026-09-09 15:11:19 DEBUG    [SA_03] PREPARE_ITEM #44
2026-09-09 15:11:19 DEBUG    [SA_03] ACTION: {'action': 'SHOW', 'target': 'top', 'content': 'phrase_text'}
2026-09-09 15:11:19 DEBUG    [SA_03] ACTION: {'action': 'PLAY', 'source': 'phrase_text'}
2026-09-09 15:11:19 DEBUG    [SA_03] AudioProvider: CACHE HIT
2026-09-09 15:11:19 DEBUG    [SA_03] TEXT PLAY
2026-09-09 15:11:19 DEBUG    [SA_03] Button: last
2026-09-09 15:11:19 DEBUG    [SA_03] PREPARE_ITEM #44
2026-09-09 15:11:19 DEBUG    [SA_03] ACTION: {'action': 'SHOW', 'target': 'top', 'content': 'phrase_text'}
2026-09-09 15:11:19 DEBUG    [SA_03] ACTION: {'action': 'PLAY', 'source': 'phrase_text'}
2026-09-09 15:11:19 DEBUG    [SA_03] AudioProvider: CACHE HIT
2026-09-09 15:11:19 DEBUG    [SA_03] TEXT PLAY
2026-09-09 15:11:20 DEBUG    [SA_03] Button: last
2026-09-09 15:11:20 DEBUG    [SA_03] PREPARE_ITEM #44
2026-09-09 15:11:20 DEBUG    [SA_03] ACTION: {'action': 'SHOW', 'target': 'top', 'content': 'phrase_text'}
2026-09-09 15:11:20 DEBUG    [SA_03] ACTION: {'action': 'PLAY', 'source': 'phrase_text'}
2026-09-09 15:11:20 DEBUG    [SA_03] AudioProvider: CACHE HIT
2026-09-09 15:11:20 DEBUG    [SA_03] TEXT PLAY
2026-09-09 15:11:21 DEBUG    [SA_03] Button: last
2026-09-09 15:11:21 DEBUG    [SA_03] PREPARE_ITEM #44
2026-09-09 15:11:21 DEBUG    [SA_03] ACTION: {'action': 'SHOW', 'target': 'top', 'content': 'phrase_text'}
2026-09-09 15:11:21 DEBUG    [SA_03] ACTION: {'action': 'PLAY', 'source': 'phrase_text'}
2026-09-09 15:11:21 DEBUG    [SA_03] AudioProvider: CACHE HIT
2026-09-09 15:11:21 DEBUG    [SA_03] TEXT PLAY
2026-09-09 15:11:22 DEBUG    [SA_03] Button: last
2026-09-09 15:11:22 DEBUG    [SA_03] PREPARE_ITEM #44
2026-09-09 15:11:22 DEBUG    [SA_03] ACTION: {'action': 'SHOW', 'target': 'top', 'content': 'phrase_text'}
2026-09-09 15:11:22 DEBUG    [SA_03] ACTION: {'action': 'PLAY', 'source': 'phrase_text'}
2026-09-09 15:11:22 DEBUG    [SA_03] AudioProvider: CACHE HIT
2026-09-09 15:11:22 DEBUG    [SA_03] TEXT PLAY
2026-09-09 15:11:22 DEBUG    [SA_03] Button: last
2026-09-09 15:11:22 DEBUG    [SA_03] PREPARE_ITEM #44
2026-09-09 15:11:22 DEBUG    [SA_03] ACTION: {'action': 'SHOW', 'target': 'top', 'content': 'phrase_text'}
2026-09-09 15:11:22 DEBUG    [SA_03] ACTION: {'action': 'PLAY', 'source': 'phrase_text'}
2026-09-09 15:11:22 DEBUG    [SA_03] AudioProvider: CACHE HIT
2026-09-09 15:11:22 DEBUG    [SA_03] TEXT PLAY
2026-09-09 15:11:22 DEBUG    [SA_03] Button: last
2026-09-09 15:11:22 DEBUG    [SA_03] PREPARE_ITEM #44
2026-09-09 15:11:22 DEBUG    [SA_03] ACTION: {'action': 'SHOW', 'target': 'top', 'content': 'phrase_text'}
2026-09-09 15:11:22 DEBUG    [SA_03] ACTION: {'action': 'PLAY', 'source': 'phrase_text'}
2026-09-09 15:11:22 DEBUG    [SA_03] AudioProvider: CACHE HIT
2026-09-09 15:11:22 DEBUG    [SA_03] TEXT PLAY
2026-09-09 15:11:23 DEBUG    [SA_03] Button: last
2026-09-09 15:11:23 DEBUG    [SA_03] PREPARE_ITEM #44
2026-09-09 15:11:23 DEBUG    [SA_03] ACTION: {'action': 'SHOW', 'target': 'top', 'content': 'phrase_text'}
2026-09-09 15:11:23 DEBUG    [SA_03] ACTION: {'action': 'PLAY', 'source': 'phrase_text'}
2026-09-09 15:11:23 DEBUG    [SA_03] AudioProvider: CACHE HIT
2026-09-09 15:11:23 DEBUG    [SA_03] TEXT PLAY
2026-09-09 15:11:25 DEBUG    [SA_03] Checkbox: loop = False
2026-09-09 15:11:27 DEBUG    [SA_03] Button: last
2026-09-09 15:11:27 DEBUG    [SA_03] PREPARE_ITEM #44
2026-09-09 15:11:27 DEBUG    [SA_03] ACTION: {'action': 'SHOW', 'target': 'top', 'content': 'phrase_text'}
2026-09-09 15:11:27 DEBUG    [SA_03] ACTION: {'action': 'PLAY', 'source': 'phrase_text'}
2026-09-09 15:11:27 DEBUG    [SA_03] AudioProvider: CACHE HIT
2026-09-09 15:11:27 DEBUG    [SA_03] TEXT PLAY
2026-09-09 15:11:27 DEBUG    [SA_03] Button: last
2026-09-09 15:11:27 DEBUG    [SA_03] PREPARE_ITEM #44
2026-09-09 15:11:27 DEBUG    [SA_03] ACTION: {'action': 'SHOW', 'target': 'top', 'content': 'phrase_text'}
2026-09-09 15:11:27 DEBUG    [SA_03] ACTION: {'action': 'PLAY', 'source': 'phrase_text'}
2026-09-09 15:11:27 DEBUG    [SA_03] AudioProvider: CACHE HIT
2026-09-09 15:11:27 DEBUG    [SA_03] TEXT PLAY
2026-09-09 15:11:27 DEBUG    [SA_03] Button: last
2026-09-09 15:11:27 DEBUG    [SA_03] PREPARE_ITEM #44
2026-09-09 15:11:27 DEBUG    [SA_03] ACTION: {'action': 'SHOW', 'target': 'top', 'content': 'phrase_text'}
2026-09-09 15:11:27 DEBUG    [SA_03] ACTION: {'action': 'PLAY', 'source': 'phrase_text'}
2026-09-09 15:11:27 DEBUG    [SA_03] AudioProvider: CACHE HIT
2026-09-09 15:11:27 DEBUG    [SA_03] TEXT PLAY
2026-09-09 15:11:27 DEBUG    [SA_03] Button: last
2026-09-09 15:11:27 DEBUG    [SA_03] PREPARE_ITEM #44
2026-09-09 15:11:27 DEBUG    [SA_03] ACTION: {'action': 'SHOW', 'target': 'top', 'content': 'phrase_text'}
2026-09-09 15:11:27 DEBUG    [SA_03] ACTION: {'action': 'PLAY', 'source': 'phrase_text'}
2026-09-09 15:11:27 DEBUG    [SA_03] AudioProvider: CACHE HIT
2026-09-09 15:11:27 DEBUG    [SA_03] TEXT PLAY
2026-09-09 15:11:28 DEBUG    [SA_03] Button: last
2026-09-09 15:11:28 DEBUG    [SA_03] PREPARE_ITEM #44
2026-09-09 15:11:28 DEBUG    [SA_03] ACTION: {'action': 'SHOW', 'target': 'top', 'content': 'phrase_text'}
2026-09-09 15:11:28 DEBUG    [SA_03] ACTION: {'action': 'PLAY', 'source': 'phrase_text'}
2026-09-09 15:11:28 DEBUG    [SA_03] AudioProvider: CACHE HIT
2026-09-09 15:11:28 DEBUG    [SA_03] TEXT PLAY
2026-09-09 15:11:30 DEBUG    [SA_03] Button: play
2026-09-09 15:11:30 DEBUG    [SA_03] PREPARE_ITEM #44
2026-09-09 15:11:30 DEBUG    [SA_03] ACTION: {'action': 'SHOW', 'target': 'top', 'content': 'phrase_text'}
2026-09-09 15:11:30 DEBUG    [SA_03] ACTION: {'action': 'PLAY', 'source': 'phrase_text'}
2026-09-09 15:11:30 DEBUG    [SA_03] AudioProvider: CACHE HIT
2026-09-09 15:11:30 DEBUG    [SA_03] TEXT PLAY
2026-09-09 15:11:31 DEBUG    [SA_03] Button: last
2026-09-09 15:11:31 DEBUG    [SA_03] PREPARE_ITEM #44
2026-09-09 15:11:31 DEBUG    [SA_03] ACTION: {'action': 'SHOW', 'target': 'top', 'content': 'phrase_text'}
2026-09-09 15:11:31 DEBUG    [SA_03] ACTION: {'action': 'PLAY', 'source': 'phrase_text'}
2026-09-09 15:11:31 DEBUG    [SA_03] AudioProvider: CACHE HIT
2026-09-09 15:11:31 DEBUG    [SA_03] TEXT PLAY
2026-09-09 15:11:32 DEBUG    [SA_03] Button: last
2026-09-09 15:11:32 DEBUG    [SA_03] PREPARE_ITEM #44
2026-09-09 15:11:32 DEBUG    [SA_03] ACTION: {'action': 'SHOW', 'target': 'top', 'content': 'phrase_text'}
2026-09-09 15:11:32 DEBUG    [SA_03] ACTION: {'action': 'PLAY', 'source': 'phrase_text'}
2026-09-09 15:11:32 DEBUG    [SA_03] AudioProvider: CACHE HIT
2026-09-09 15:11:32 DEBUG    [SA_03] TEXT PLAY
2026-09-09 15:11:37 DEBUG    [SA_03] TEXT_END
2026-09-09 15:11:37 DEBUG    [SA_03] ACTION: {'action': 'WAIT', 'source': 'pause_before_translation'}
2026-09-09 15:11:37 DEBUG    [SA_03] Button: last
2026-09-09 15:11:37 DEBUG    [SA_03] PREPARE_ITEM #44
2026-09-09 15:11:38 DEBUG    [SA_03] ACTION: {'action': 'SHOW', 'target': 'top', 'content': 'phrase_text'}
2026-09-09 15:11:38 DEBUG    [SA_03] ACTION: {'action': 'PLAY', 'source': 'phrase_text'}
2026-09-09 15:11:38 DEBUG    [SA_03] AudioProvider: CACHE HIT
2026-09-09 15:11:38 DEBUG    [SA_03] TEXT PLAY
2026-09-09 15:11:38 DEBUG    [SA_03] Button: last
2026-09-09 15:11:38 DEBUG    [SA_03] PREPARE_ITEM #44
2026-09-09 15:11:38 DEBUG    [SA_03] ACTION: {'action': 'SHOW', 'target': 'top', 'content': 'phrase_text'}
2026-09-09 15:11:38 DEBUG    [SA_03] ACTION: {'action': 'PLAY', 'source': 'phrase_text'}
2026-09-09 15:11:38 DEBUG    [SA_03] AudioProvider: CACHE HIT
2026-09-09 15:11:38 DEBUG    [SA_03] TEXT PLAY
2026-09-09 15:11:41 DEBUG    [SA_03] Button: first
2026-09-09 15:11:41 DEBUG    [SA_03] PREPARE_ITEM #0
2026-09-09 15:11:41 DEBUG    [SA_03] ACTION: {'action': 'SHOW', 'target': 'top', 'content': 'phrase_text'}
2026-09-09 15:11:41 DEBUG    [SA_03] ACTION: {'action': 'PLAY', 'source': 'phrase_text'}
2026-09-09 15:11:41 DEBUG    [SA_03] AudioProvider: CACHE MISS
2026-09-09 15:11:42 DEBUG    [SA_03] TEXT PLAY
2026-09-09 15:11:43 DEBUG    [SA_03] Button: last
2026-09-09 15:11:43 DEBUG    [SA_03] PREPARE_ITEM #44
2026-09-09 15:11:43 DEBUG    [SA_03] ACTION: {'action': 'SHOW', 'target': 'top', 'content': 'phrase_text'}
2026-09-09 15:11:43 DEBUG    [SA_03] ACTION: {'action': 'PLAY', 'source': 'phrase_text'}
2026-09-09 15:11:43 DEBUG    [SA_03] AudioProvider: CACHE HIT
2026-09-09 15:11:43 DEBUG    [SA_03] TEXT PLAY
2026-09-09 15:11:43 DEBUG    [SA_03] Button: last
2026-09-09 15:11:43 DEBUG    [SA_03] PREPARE_ITEM #44
2026-09-09 15:11:43 DEBUG    [SA_03] ACTION: {'action': 'SHOW', 'target': 'top', 'content': 'phrase_text'}
2026-09-09 15:11:43 DEBUG    [SA_03] ACTION: {'action': 'PLAY', 'source': 'phrase_text'}
2026-09-09 15:11:43 DEBUG    [SA_03] AudioProvider: CACHE HIT
2026-09-09 15:11:43 DEBUG    [SA_03] TEXT PLAY
2026-09-09 15:11:49 DEBUG    [SA_03] TEXT_END
2026-09-09 15:11:49 DEBUG    [SA_03] ACTION: {'action': 'WAIT', 'source': 'pause_before_translation'}
2026-09-09 15:11:50 DEBUG    [SA_03] Button: next
2026-09-09 15:11:50 DEBUG    [SA_03] PREPARE_ITEM #44
2026-09-09 15:11:50 DEBUG    [SA_03] ACTION: {'action': 'SHOW', 'target': 'top', 'content': 'phrase_text'}
2026-09-09 15:11:50 DEBUG    [SA_03] ACTION: {'action': 'PLAY', 'source': 'phrase_text'}
2026-09-09 15:11:50 DEBUG    [SA_03] AudioProvider: CACHE HIT
2026-09-09 15:11:50 DEBUG    [SA_03] TEXT PLAY
2026-09-09 15:11:52 DEBUG    [SA_03] Button: prev
2026-09-09 15:11:52 DEBUG    [SA_03] PREPARE_ITEM #43
2026-09-09 15:11:52 DEBUG    [SA_03] ACTION: {'action': 'SHOW', 'target': 'top', 'content': 'phrase_text'}
2026-09-09 15:11:52 DEBUG    [SA_03] ACTION: {'action': 'PLAY', 'source': 'phrase_text'}
2026-09-09 15:11:52 DEBUG    [SA_03] AudioProvider: CACHE MISS
2026-09-09 15:11:53 DEBUG    [SA_03] Button: prev
2026-09-09 15:11:53 DEBUG    [SA_03] PREPARE_ITEM #42
2026-09-09 15:11:53 DEBUG    [SA_03] ACTION: {'action': 'SHOW', 'target': 'top', 'content': 'phrase_text'}
2026-09-09 15:11:53 DEBUG    [SA_03] ACTION: {'action': 'PLAY', 'source': 'phrase_text'}
2026-09-09 15:11:53 DEBUG    [SA_03] AudioProvider: CACHE MISS
2026-09-09 15:11:53 DEBUG    [SA_03] Button: prev
2026-09-09 15:11:53 DEBUG    [SA_03] PREPARE_ITEM #41
2026-09-09 15:11:53 DEBUG    [SA_03] ACTION: {'action': 'SHOW', 'target': 'top', 'content': 'phrase_text'}
2026-09-09 15:11:53 DEBUG    [SA_03] ACTION: {'action': 'PLAY', 'source': 'phrase_text'}
2026-09-09 15:11:53 DEBUG    [SA_03] AudioProvider: CACHE MISS
2026-09-09 15:11:53 DEBUG    [SA_03] Button: prev
2026-09-09 15:11:53 DEBUG    [SA_03] PREPARE_ITEM #40
2026-09-09 15:11:53 DEBUG    [SA_03] ACTION: {'action': 'SHOW', 'target': 'top', 'content': 'phrase_text'}
2026-09-09 15:11:53 DEBUG    [SA_03] ACTION: {'action': 'PLAY', 'source': 'phrase_text'}
2026-09-09 15:11:53 DEBUG    [SA_03] AudioProvider: CACHE MISS
2026-09-09 15:11:53 DEBUG    [SA_03] Button: prev
2026-09-09 15:11:53 DEBUG    [SA_03] PREPARE_ITEM #39
2026-09-09 15:11:53 DEBUG    [SA_03] ACTION: {'action': 'SHOW', 'target': 'top', 'content': 'phrase_text'}
2026-09-09 15:11:54 DEBUG    [SA_03] ACTION: {'action': 'PLAY', 'source': 'phrase_text'}
2026-09-09 15:11:54 DEBUG    [SA_03] AudioProvider: CACHE MISS
2026-09-09 15:11:54 DEBUG    [SA_03] Button: prev
2026-09-09 15:11:54 DEBUG    [SA_03] PREPARE_ITEM #38
2026-09-09 15:11:54 DEBUG    [SA_03] ACTION: {'action': 'SHOW', 'target': 'top', 'content': 'phrase_text'}
2026-09-09 15:11:54 DEBUG    [SA_03] ACTION: {'action': 'PLAY', 'source': 'phrase_text'}
2026-09-09 15:11:54 DEBUG    [SA_03] AudioProvider: CACHE MISS
2026-09-09 15:11:54 DEBUG    [SA_03] Button: prev
2026-09-09 15:11:54 DEBUG    [SA_03] PREPARE_ITEM #37
2026-09-09 15:11:54 DEBUG    [SA_03] ACTION: {'action': 'SHOW', 'target': 'top', 'content': 'phrase_text'}
2026-09-09 15:11:54 DEBUG    [SA_03] ACTION: {'action': 'PLAY', 'source': 'phrase_text'}
2026-09-09 15:11:54 DEBUG    [SA_03] AudioProvider: CACHE MISS
2026-09-09 15:11:54 DEBUG    [SA_03] Button: prev
2026-09-09 15:11:54 DEBUG    [SA_03] PREPARE_ITEM #36
2026-09-09 15:11:54 DEBUG    [SA_03] ACTION: {'action': 'SHOW', 'target': 'top', 'content': 'phrase_text'}
2026-09-09 15:11:54 DEBUG    [SA_03] ACTION: {'action': 'PLAY', 'source': 'phrase_text'}
2026-09-09 15:11:54 DEBUG    [SA_03] AudioProvider: CACHE HIT
2026-09-09 15:11:54 DEBUG    [SA_03] TEXT PLAY
2026-09-09 15:11:54 DEBUG    [SA_03] Button: prev
2026-09-09 15:11:54 DEBUG    [SA_03] PREPARE_ITEM #35
2026-09-09 15:11:54 DEBUG    [SA_03] ACTION: {'action': 'SHOW', 'target': 'top', 'content': 'phrase_text'}
2026-09-09 15:11:54 DEBUG    [SA_03] ACTION: {'action': 'PLAY', 'source': 'phrase_text'}
2026-09-09 15:11:54 DEBUG    [SA_03] AudioProvider: CACHE MISS
2026-09-09 15:11:55 DEBUG    [SA_03] Button: next
2026-09-09 15:11:55 DEBUG    [SA_03] PREPARE_ITEM #36
2026-09-09 15:11:55 DEBUG    [SA_03] ACTION: {'action': 'SHOW', 'target': 'top', 'content': 'phrase_text'}
2026-09-09 15:11:55 DEBUG    [SA_03] ACTION: {'action': 'PLAY', 'source': 'phrase_text'}
2026-09-09 15:11:55 DEBUG    [SA_03] AudioProvider: CACHE HIT
2026-09-09 15:11:55 DEBUG    [SA_03] TEXT PLAY
2026-09-09 15:11:55 DEBUG    [SA_03] Button: next
2026-09-09 15:11:55 DEBUG    [SA_03] PREPARE_ITEM #37
2026-09-09 15:11:55 DEBUG    [SA_03] ACTION: {'action': 'SHOW', 'target': 'top', 'content': 'phrase_text'}
2026-09-09 15:11:55 DEBUG    [SA_03] ACTION: {'action': 'PLAY', 'source': 'phrase_text'}
2026-09-09 15:11:55 DEBUG    [SA_03] AudioProvider: CACHE MISS
2026-09-09 15:11:56 DEBUG    [SA_03] Button: next
2026-09-09 15:11:56 DEBUG    [SA_03] PREPARE_ITEM #38
2026-09-09 15:11:56 DEBUG    [SA_03] ACTION: {'action': 'SHOW', 'target': 'top', 'content': 'phrase_text'}
2026-09-09 15:11:56 DEBUG    [SA_03] ACTION: {'action': 'PLAY', 'source': 'phrase_text'}
2026-09-09 15:11:56 DEBUG    [SA_03] AudioProvider: CACHE MISS
2026-09-09 15:11:56 DEBUG    [SA_03] Button: next
2026-09-09 15:11:56 DEBUG    [SA_03] PREPARE_ITEM #39
2026-09-09 15:11:56 DEBUG    [SA_03] ACTION: {'action': 'SHOW', 'target': 'top', 'content': 'phrase_text'}
2026-09-09 15:11:56 DEBUG    [SA_03] ACTION: {'action': 'PLAY', 'source': 'phrase_text'}
2026-09-09 15:11:56 DEBUG    [SA_03] AudioProvider: CACHE MISS
2026-09-09 15:11:56 DEBUG    [SA_03] Button: next
2026-09-09 15:11:56 DEBUG    [SA_03] PREPARE_ITEM #40
2026-09-09 15:11:56 DEBUG    [SA_03] ACTION: {'action': 'SHOW', 'target': 'top', 'content': 'phrase_text'}
2026-09-09 15:11:56 DEBUG    [SA_03] ACTION: {'action': 'PLAY', 'source': 'phrase_text'}
2026-09-09 15:11:56 DEBUG    [SA_03] AudioProvider: CACHE MISS
2026-09-09 15:11:56 DEBUG    [SA_03] Button: next
2026-09-09 15:11:56 DEBUG    [SA_03] PREPARE_ITEM #41
2026-09-09 15:11:56 DEBUG    [SA_03] ACTION: {'action': 'SHOW', 'target': 'top', 'content': 'phrase_text'}
2026-09-09 15:11:56 DEBUG    [SA_03] ACTION: {'action': 'PLAY', 'source': 'phrase_text'}
2026-09-09 15:11:56 DEBUG    [SA_03] AudioProvider: CACHE MISS
2026-09-09 15:11:57 DEBUG    [SA_03] Button: next
2026-09-09 15:11:57 DEBUG    [SA_03] PREPARE_ITEM #42
2026-09-09 15:11:57 DEBUG    [SA_03] ACTION: {'action': 'SHOW', 'target': 'top', 'content': 'phrase_text'}
2026-09-09 15:11:57 DEBUG    [SA_03] ACTION: {'action': 'PLAY', 'source': 'phrase_text'}
2026-09-09 15:11:57 DEBUG    [SA_03] AudioProvider: CACHE MISS
2026-09-09 15:11:57 DEBUG    [SA_03] Button: next
2026-09-09 15:11:57 DEBUG    [SA_03] PREPARE_ITEM #43
2026-09-09 15:11:57 DEBUG    [SA_03] ACTION: {'action': 'SHOW', 'target': 'top', 'content': 'phrase_text'}
2026-09-09 15:11:57 DEBUG    [SA_03] ACTION: {'action': 'PLAY', 'source': 'phrase_text'}
2026-09-09 15:11:57 DEBUG    [SA_03] AudioProvider: CACHE MISS
2026-09-09 15:11:57 DEBUG    [SA_03] Button: next
2026-09-09 15:11:57 DEBUG    [SA_03] PREPARE_ITEM #44
2026-09-09 15:11:57 DEBUG    [SA_03] ACTION: {'action': 'SHOW', 'target': 'top', 'content': 'phrase_text'}
2026-09-09 15:11:57 DEBUG    [SA_03] ACTION: {'action': 'PLAY', 'source': 'phrase_text'}
2026-09-09 15:11:57 DEBUG    [SA_03] AudioProvider: CACHE HIT
2026-09-09 15:11:57 DEBUG    [SA_03] TEXT PLAY
2026-09-09 15:11:58 DEBUG    [SA_03] Button: next
2026-09-09 15:11:58 DEBUG    [SA_03] PREPARE_ITEM #44
2026-09-09 15:11:58 DEBUG    [SA_03] ACTION: {'action': 'SHOW', 'target': 'top', 'content': 'phrase_text'}
2026-09-09 15:11:58 DEBUG    [SA_03] ACTION: {'action': 'PLAY', 'source': 'phrase_text'}
2026-09-09 15:11:58 DEBUG    [SA_03] AudioProvider: CACHE HIT
2026-09-09 15:11:58 DEBUG    [SA_03] TEXT PLAY
2026-09-09 15:12:00 DEBUG    [SA_03] Button: prev
2026-09-09 15:12:00 DEBUG    [SA_03] PREPARE_ITEM #43
2026-09-09 15:12:00 DEBUG    [SA_03] ACTION: {'action': 'SHOW', 'target': 'top', 'content': 'phrase_text'}
2026-09-09 15:12:00 DEBUG    [SA_03] ACTION: {'action': 'PLAY', 'source': 'phrase_text'}
2026-09-09 15:12:00 DEBUG    [SA_03] AudioProvider: CACHE MISS
2026-09-09 15:12:00 DEBUG    [SA_03] Button: prev
2026-09-09 15:12:00 DEBUG    [SA_03] PREPARE_ITEM #42
2026-09-09 15:12:00 DEBUG    [SA_03] ACTION: {'action': 'SHOW', 'target': 'top', 'content': 'phrase_text'}
2026-09-09 15:12:00 DEBUG    [SA_03] ACTION: {'action': 'PLAY', 'source': 'phrase_text'}
2026-09-09 15:12:00 DEBUG    [SA_03] AudioProvider: CACHE MISS
2026-09-09 15:12:00 DEBUG    [SA_03] Button: prev
2026-09-09 15:12:00 DEBUG    [SA_03] PREPARE_ITEM #41
2026-09-09 15:12:00 DEBUG    [SA_03] ACTION: {'action': 'SHOW', 'target': 'top', 'content': 'phrase_text'}
2026-09-09 15:12:00 DEBUG    [SA_03] ACTION: {'action': 'PLAY', 'source': 'phrase_text'}
2026-09-09 15:12:00 DEBUG    [SA_03] AudioProvider: CACHE MISS
2026-09-09 15:12:00 DEBUG    [SA_03] Button: prev
2026-09-09 15:12:00 DEBUG    [SA_03] PREPARE_ITEM #40
2026-09-09 15:12:00 DEBUG    [SA_03] ACTION: {'action': 'SHOW', 'target': 'top', 'content': 'phrase_text'}
2026-09-09 15:12:00 DEBUG    [SA_03] ACTION: {'action': 'PLAY', 'source': 'phrase_text'}
2026-09-09 15:12:00 DEBUG    [SA_03] AudioProvider: CACHE MISS
2026-09-09 15:12:00 DEBUG    [SA_03] Button: prev
2026-09-09 15:12:00 DEBUG    [SA_03] PREPARE_ITEM #39
2026-09-09 15:12:00 DEBUG    [SA_03] ACTION: {'action': 'SHOW', 'target': 'top', 'content': 'phrase_text'}
2026-09-09 15:12:00 DEBUG    [SA_03] ACTION: {'action': 'PLAY', 'source': 'phrase_text'}
2026-09-09 15:12:00 DEBUG    [SA_03] AudioProvider: CACHE MISS
2026-09-09 15:12:01 DEBUG    [SA_03] Button: prev
2026-09-09 15:12:01 DEBUG    [SA_03] PREPARE_ITEM #38
2026-09-09 15:12:01 DEBUG    [SA_03] ACTION: {'action': 'SHOW', 'target': 'top', 'content': 'phrase_text'}
2026-09-09 15:12:01 DEBUG    [SA_03] ACTION: {'action': 'PLAY', 'source': 'phrase_text'}
2026-09-09 15:12:01 DEBUG    [SA_03] AudioProvider: CACHE MISS
2026-09-09 15:12:01 DEBUG    [SA_03] Button: prev
2026-09-09 15:12:01 DEBUG    [SA_03] PREPARE_ITEM #37
2026-09-09 15:12:01 DEBUG    [SA_03] ACTION: {'action': 'SHOW', 'target': 'top', 'content': 'phrase_text'}
2026-09-09 15:12:01 DEBUG    [SA_03] ACTION: {'action': 'PLAY', 'source': 'phrase_text'}
2026-09-09 15:12:01 DEBUG    [SA_03] AudioProvider: CACHE MISS
2026-09-09 15:12:01 DEBUG    [SA_03] Button: prev
2026-09-09 15:12:01 DEBUG    [SA_03] PREPARE_ITEM #36
2026-09-09 15:12:01 DEBUG    [SA_03] ACTION: {'action': 'SHOW', 'target': 'top', 'content': 'phrase_text'}
2026-09-09 15:12:01 DEBUG    [SA_03] ACTION: {'action': 'PLAY', 'source': 'phrase_text'}
2026-09-09 15:12:01 DEBUG    [SA_03] AudioProvider: CACHE HIT
2026-09-09 15:12:01 DEBUG    [SA_03] TEXT PLAY
2026-09-09 15:12:01 DEBUG    [SA_03] Button: prev
2026-09-09 15:12:01 DEBUG    [SA_03] PREPARE_ITEM #35
2026-09-09 15:12:01 DEBUG    [SA_03] ACTION: {'action': 'SHOW', 'target': 'top', 'content': 'phrase_text'}
2026-09-09 15:12:01 DEBUG    [SA_03] ACTION: {'action': 'PLAY', 'source': 'phrase_text'}
2026-09-09 15:12:01 DEBUG    [SA_03] AudioProvider: CACHE MISS
2026-09-09 15:12:01 DEBUG    [SA_03] Button: prev
2026-09-09 15:12:01 DEBUG    [SA_03] PREPARE_ITEM #34
2026-09-09 15:12:01 DEBUG    [SA_03] ACTION: {'action': 'SHOW', 'target': 'top', 'content': 'phrase_text'}
2026-09-09 15:12:01 DEBUG    [SA_03] ACTION: {'action': 'PLAY', 'source': 'phrase_text'}
2026-09-09 15:12:01 DEBUG    [SA_03] AudioProvider: CACHE MISS
2026-09-09 15:12:02 DEBUG    [SA_03] Button: prev
2026-09-09 15:12:02 DEBUG    [SA_03] PREPARE_ITEM #33
2026-09-09 15:12:02 DEBUG    [SA_03] ACTION: {'action': 'SHOW', 'target': 'top', 'content': 'phrase_text'}
2026-09-09 15:12:02 DEBUG    [SA_03] ACTION: {'action': 'PLAY', 'source': 'phrase_text'}
2026-09-09 15:12:02 DEBUG    [SA_03] AudioProvider: CACHE MISS
2026-09-09 15:12:02 DEBUG    [SA_03] Button: prev
2026-09-09 15:12:02 DEBUG    [SA_03] PREPARE_ITEM #32
2026-09-09 15:12:02 DEBUG    [SA_03] ACTION: {'action': 'SHOW', 'target': 'top', 'content': 'phrase_text'}
2026-09-09 15:12:02 DEBUG    [SA_03] ACTION: {'action': 'PLAY', 'source': 'phrase_text'}
2026-09-09 15:12:02 DEBUG    [SA_03] AudioProvider: CACHE MISS
2026-09-09 15:12:02 DEBUG    [SA_03] Button: prev
2026-09-09 15:12:02 DEBUG    [SA_03] PREPARE_ITEM #31
2026-09-09 15:12:02 DEBUG    [SA_03] ACTION: {'action': 'SHOW', 'target': 'top', 'content': 'phrase_text'}
2026-09-09 15:12:02 DEBUG    [SA_03] ACTION: {'action': 'PLAY', 'source': 'phrase_text'}
2026-09-09 15:12:02 DEBUG    [SA_03] AudioProvider: CACHE MISS
2026-09-09 15:12:02 DEBUG    [SA_03] Button: prev
2026-09-09 15:12:02 DEBUG    [SA_03] PREPARE_ITEM #30
2026-09-09 15:12:02 DEBUG    [SA_03] ACTION: {'action': 'SHOW', 'target': 'top', 'content': 'phrase_text'}
2026-09-09 15:12:02 DEBUG    [SA_03] ACTION: {'action': 'PLAY', 'source': 'phrase_text'}
2026-09-09 15:12:02 DEBUG    [SA_03] AudioProvider: CACHE MISS
2026-09-09 15:12:02 DEBUG    [SA_03] Button: prev
2026-09-09 15:12:02 DEBUG    [SA_03] PREPARE_ITEM #29
2026-09-09 15:12:02 DEBUG    [SA_03] ACTION: {'action': 'SHOW', 'target': 'top', 'content': 'phrase_text'}
2026-09-09 15:12:02 DEBUG    [SA_03] ACTION: {'action': 'PLAY', 'source': 'phrase_text'}
2026-09-09 15:12:02 DEBUG    [SA_03] AudioProvider: CACHE MISS
2026-09-09 15:12:03 DEBUG    [SA_03] Button: prev
2026-09-09 15:12:03 DEBUG    [SA_03] PREPARE_ITEM #28
2026-09-09 15:12:03 DEBUG    [SA_03] ACTION: {'action': 'SHOW', 'target': 'top', 'content': 'phrase_text'}
2026-09-09 15:12:03 DEBUG    [SA_03] ACTION: {'action': 'PLAY', 'source': 'phrase_text'}
2026-09-09 15:12:03 DEBUG    [SA_03] AudioProvider: CACHE MISS
2026-09-09 15:12:03 DEBUG    [SA_03] Button: prev
2026-09-09 15:12:03 DEBUG    [SA_03] PREPARE_ITEM #27
2026-09-09 15:12:03 DEBUG    [SA_03] ACTION: {'action': 'SHOW', 'target': 'top', 'content': 'phrase_text'}
2026-09-09 15:12:03 DEBUG    [SA_03] ACTION: {'action': 'PLAY', 'source': 'phrase_text'}
2026-09-09 15:12:03 DEBUG    [SA_03] AudioProvider: CACHE MISS
2026-09-09 15:12:03 DEBUG    [SA_03] Button: prev
2026-09-09 15:12:03 DEBUG    [SA_03] PREPARE_ITEM #26
2026-09-09 15:12:03 DEBUG    [SA_03] ACTION: {'action': 'SHOW', 'target': 'top', 'content': 'phrase_text'}
2026-09-09 15:12:03 DEBUG    [SA_03] ACTION: {'action': 'PLAY', 'source': 'phrase_text'}
2026-09-09 15:12:03 DEBUG    [SA_03] AudioProvider: CACHE MISS
2026-09-09 15:12:03 DEBUG    [SA_03] Button: prev
2026-09-09 15:12:03 DEBUG    [SA_03] PREPARE_ITEM #25
2026-09-09 15:12:03 DEBUG    [SA_03] ACTION: {'action': 'SHOW', 'target': 'top', 'content': 'phrase_text'}
2026-09-09 15:12:03 DEBUG    [SA_03] ACTION: {'action': 'PLAY', 'source': 'phrase_text'}
2026-09-09 15:12:03 DEBUG    [SA_03] AudioProvider: CACHE MISS
2026-09-09 15:12:04 DEBUG    [SA_03] Button: prev
2026-09-09 15:12:04 DEBUG    [SA_03] PREPARE_ITEM #24
2026-09-09 15:12:04 DEBUG    [SA_03] ACTION: {'action': 'SHOW', 'target': 'top', 'content': 'phrase_text'}
2026-09-09 15:12:04 DEBUG    [SA_03] ACTION: {'action': 'PLAY', 'source': 'phrase_text'}
2026-09-09 15:12:04 DEBUG    [SA_03] AudioProvider: CACHE MISS
2026-09-09 15:12:04 DEBUG    [SA_03] TEXT PLAY
2026-09-09 15:12:09 DEBUG    [SA_03] TEXT_END
2026-09-09 15:12:09 DEBUG    [SA_03] ACTION: {'action': 'WAIT', 'source': 'pause_before_translation'}
2026-09-09 15:12:14 DEBUG    [SA_03] PAUSE_END
2026-09-09 15:12:14 DEBUG    [SA_03] ACTION: {'action': 'SHOW', 'target': 'bottom', 'content': 'translate_text'}
2026-09-09 15:12:14 DEBUG    [SA_03] ACTION: {'action': 'PLAY', 'source': 'translate_text'}
2026-09-09 15:12:14 DEBUG    [SA_03] AudioProvider: CACHE MISS
2026-09-09 15:12:15 DEBUG    [SA_03] TRANSLATION PLAY
2026-09-09 15:12:21 DEBUG    [SA_03] TRANSLATION_END
2026-09-09 15:12:21 DEBUG    [SA_03] ACTION: {'action': 'WAIT', 'source': 'pause_between_sentences'}
2026-09-09 15:12:23 DEBUG    [SA_03] PAUSE_END
2026-09-09 15:12:23 DEBUG    [SA_03] ACTION: {'action': 'HIDE', 'target': 'top'}
2026-09-09 15:12:23 DEBUG    [SA_03] ACTION: {'action': 'HIDE', 'target': 'bottom'}
2026-09-09 15:12:23 INFO     [SA_03] SCENARIO FINISHED
2026-09-09 15:12:23 DEBUG    [SA_03] FINISH_ITEM: repeat 1/2
2026-09-09 15:12:23 DEBUG    [SA_03] ACTION: {'action': 'SHOW', 'target': 'top', 'content': 'phrase_text'}
2026-09-09 15:12:23 DEBUG    [SA_03] ACTION: {'action': 'PLAY', 'source': 'phrase_text'}
2026-09-09 15:12:23 DEBUG    [SA_03] AudioProvider: CACHE HIT
2026-09-09 15:12:23 DEBUG    [SA_03] TEXT PLAY
2026-09-09 15:12:28 DEBUG    [SA_03] TEXT_END
2026-09-09 15:12:28 DEBUG    [SA_03] ACTION: {'action': 'WAIT', 'source': 'pause_before_translation'}
2026-09-09 15:12:33 DEBUG    [SA_03] PAUSE_END
2026-09-09 15:12:33 DEBUG    [SA_03] ACTION: {'action': 'SHOW', 'target': 'bottom', 'content': 'translate_text'}
2026-09-09 15:12:33 DEBUG    [SA_03] ACTION: {'action': 'PLAY', 'source': 'translate_text'}
2026-09-09 15:12:33 DEBUG    [SA_03] AudioProvider: CACHE HIT
2026-09-09 15:12:33 DEBUG    [SA_03] TRANSLATION PLAY
2026-09-09 15:12:39 DEBUG    [SA_03] TRANSLATION_END
2026-09-09 15:12:39 DEBUG    [SA_03] ACTION: {'action': 'WAIT', 'source': 'pause_between_sentences'}
2026-09-09 15:12:41 DEBUG    [SA_03] PAUSE_END
2026-09-09 15:12:41 DEBUG    [SA_03] ACTION: {'action': 'HIDE', 'target': 'top'}
2026-09-09 15:12:41 DEBUG    [SA_03] ACTION: {'action': 'HIDE', 'target': 'bottom'}
2026-09-09 15:12:41 INFO     [SA_03] SCENARIO FINISHED
2026-09-09 15:12:41 DEBUG    [SA_03] FINISH_ITEM: repeat 2/2
2026-09-09 15:12:41 DEBUG    [SA_03] PREPARE_ITEM #25
2026-09-09 15:12:41 DEBUG    [SA_03] ACTION: {'action': 'SHOW', 'target': 'top', 'content': 'phrase_text'}
2026-09-09 15:12:41 DEBUG    [SA_03] ACTION: {'action': 'PLAY', 'source': 'phrase_text'}
2026-09-09 15:12:41 DEBUG    [SA_03] AudioProvider: CACHE MISS
2026-09-09 15:12:42 DEBUG    [SA_03] TEXT PLAY
2026-09-09 15:12:48 DEBUG    [SA_03] TEXT_END
2026-09-09 15:12:48 DEBUG    [SA_03] ACTION: {'action': 'WAIT', 'source': 'pause_before_translation'}
2026-09-09 15:12:53 DEBUG    [SA_03] PAUSE_END
2026-09-09 15:12:53 DEBUG    [SA_03] ACTION: {'action': 'SHOW', 'target': 'bottom', 'content': 'translate_text'}
2026-09-09 15:12:53 DEBUG    [SA_03] ACTION: {'action': 'PLAY', 'source': 'translate_text'}
2026-09-09 15:12:53 DEBUG    [SA_03] AudioProvider: CACHE MISS
2026-09-09 15:12:54 DEBUG    [SA_03] TRANSLATION PLAY
2026-09-09 15:13:00 DEBUG    [SA_03] TRANSLATION_END
2026-09-09 15:13:00 DEBUG    [SA_03] ACTION: {'action': 'WAIT', 'source': 'pause_between_sentences'}
2026-09-09 15:13:02 DEBUG    [SA_03] PAUSE_END
2026-09-09 15:13:02 DEBUG    [SA_03] ACTION: {'action': 'HIDE', 'target': 'top'}
2026-09-09 15:13:02 DEBUG    [SA_03] ACTION: {'action': 'HIDE', 'target': 'bottom'}
2026-09-09 15:13:02 INFO     [SA_03] SCENARIO FINISHED
2026-09-09 15:13:02 DEBUG    [SA_03] FINISH_ITEM: repeat 1/2
2026-09-09 15:13:02 DEBUG    [SA_03] ACTION: {'action': 'SHOW', 'target': 'top', 'content': 'phrase_text'}
2026-09-09 15:13:02 DEBUG    [SA_03] ACTION: {'action': 'PLAY', 'source': 'phrase_text'}
2026-09-09 15:13:02 DEBUG    [SA_03] AudioProvider: CACHE HIT
2026-09-09 15:13:02 DEBUG    [SA_03] TEXT PLAY
2026-09-09 15:13:06 DEBUG    [SA_03] Checkbox: loop = True
2026-09-09 15:13:08 DEBUG    [SA_03] TEXT_END
2026-09-09 15:13:08 DEBUG    [SA_03] ACTION: {'action': 'WAIT', 'source': 'pause_before_translation'}
2026-09-09 15:13:13 DEBUG    [SA_03] PAUSE_END
2026-09-09 15:13:13 DEBUG    [SA_03] ACTION: {'action': 'SHOW', 'target': 'bottom', 'content': 'translate_text'}
2026-09-09 15:13:13 DEBUG    [SA_03] ACTION: {'action': 'PLAY', 'source': 'translate_text'}
2026-09-09 15:13:13 DEBUG    [SA_03] AudioProvider: CACHE HIT
2026-09-09 15:13:13 DEBUG    [SA_03] TRANSLATION PLAY
2026-09-09 15:13:19 DEBUG    [SA_03] TRANSLATION_END
2026-09-09 15:13:19 DEBUG    [SA_03] ACTION: {'action': 'WAIT', 'source': 'pause_between_sentences'}
2026-09-09 15:13:21 DEBUG    [SA_03] PAUSE_END
2026-09-09 15:13:21 DEBUG    [SA_03] ACTION: {'action': 'HIDE', 'target': 'top'}
2026-09-09 15:13:21 DEBUG    [SA_03] ACTION: {'action': 'HIDE', 'target': 'bottom'}
2026-09-09 15:13:21 INFO     [SA_03] SCENARIO FINISHED
2026-09-09 15:13:21 DEBUG    [SA_03] LOOP: repeat current item
2026-09-09 15:13:22 DEBUG    [SA_03] ACTION: {'action': 'SHOW', 'target': 'top', 'content': 'phrase_text'}
2026-09-09 15:13:22 DEBUG    [SA_03] ACTION: {'action': 'PLAY', 'source': 'phrase_text'}
2026-09-09 15:13:22 DEBUG    [SA_03] AudioProvider: CACHE HIT
2026-09-09 15:13:22 DEBUG    [SA_03] TEXT PLAY
2026-09-09 15:13:27 DEBUG    [SA_03] TEXT_END
2026-09-09 15:13:27 DEBUG    [SA_03] ACTION: {'action': 'WAIT', 'source': 'pause_before_translation'}
2026-09-09 15:13:32 DEBUG    [SA_03] PAUSE_END
2026-09-09 15:13:32 DEBUG    [SA_03] ACTION: {'action': 'SHOW', 'target': 'bottom', 'content': 'translate_text'}
2026-09-09 15:13:32 DEBUG    [SA_03] ACTION: {'action': 'PLAY', 'source': 'translate_text'}
2026-09-09 15:13:32 DEBUG    [SA_03] AudioProvider: CACHE HIT
2026-09-09 15:13:32 DEBUG    [SA_03] TRANSLATION PLAY
2026-09-09 15:13:39 DEBUG    [SA_03] TRANSLATION_END
2026-09-09 15:13:39 DEBUG    [SA_03] ACTION: {'action': 'WAIT', 'source': 'pause_between_sentences'}
2026-09-09 15:13:41 DEBUG    [SA_03] PAUSE_END
2026-09-09 15:13:41 DEBUG    [SA_03] ACTION: {'action': 'HIDE', 'target': 'top'}
2026-09-09 15:13:41 DEBUG    [SA_03] ACTION: {'action': 'HIDE', 'target': 'bottom'}
2026-09-09 15:13:41 INFO     [SA_03] SCENARIO FINISHED
2026-09-09 15:13:41 DEBUG    [SA_03] LOOP: repeat current item
2026-09-09 15:13:41 DEBUG    [SA_03] ACTION: {'action': 'SHOW', 'target': 'top', 'content': 'phrase_text'}
2026-09-09 15:13:41 DEBUG    [SA_03] ACTION: {'action': 'PLAY', 'source': 'phrase_text'}
2026-09-09 15:13:41 DEBUG    [SA_03] AudioProvider: CACHE HIT
2026-09-09 15:13:41 DEBUG    [SA_03] TEXT PLAY
2026-09-09 15:13:47 DEBUG    [SA_03] TEXT_END
2026-09-09 15:13:47 DEBUG    [SA_03] ACTION: {'action': 'WAIT', 'source': 'pause_before_translation'}
2026-09-09 15:13:52 DEBUG    [SA_03] PAUSE_END
2026-09-09 15:13:52 DEBUG    [SA_03] ACTION: {'action': 'SHOW', 'target': 'bottom', 'content': 'translate_text'}
2026-09-09 15:13:52 DEBUG    [SA_03] ACTION: {'action': 'PLAY', 'source': 'translate_text'}
2026-09-09 15:13:52 DEBUG    [SA_03] AudioProvider: CACHE HIT
2026-09-09 15:13:52 DEBUG    [SA_03] TRANSLATION PLAY
2026-09-09 15:13:58 DEBUG    [SA_03] TRANSLATION_END
2026-09-09 15:13:58 DEBUG    [SA_03] ACTION: {'action': 'WAIT', 'source': 'pause_between_sentences'}
2026-09-09 15:14:00 DEBUG    [SA_03] PAUSE_END
2026-09-09 15:14:00 DEBUG    [SA_03] ACTION: {'action': 'HIDE', 'target': 'top'}
2026-09-09 15:14:00 DEBUG    [SA_03] ACTION: {'action': 'HIDE', 'target': 'bottom'}
2026-09-09 15:14:00 INFO     [SA_03] SCENARIO FINISHED
2026-09-09 15:14:00 DEBUG    [SA_03] LOOP: repeat current item
2026-09-09 15:14:00 DEBUG    [SA_03] ACTION: {'action': 'SHOW', 'target': 'top', 'content': 'phrase_text'}
2026-09-09 15:14:00 DEBUG    [SA_03] ACTION: {'action': 'PLAY', 'source': 'phrase_text'}
2026-09-09 15:14:00 DEBUG    [SA_03] AudioProvider: CACHE HIT
2026-09-09 15:14:00 DEBUG    [SA_03] TEXT PLAY
2026-09-09 15:14:04 DEBUG    [SA_03] Slider: voice_speed = 0.6927777777777776
2026-09-09 15:14:06 DEBUG    [SA_03] TEXT_END
2026-09-09 15:14:06 DEBUG    [SA_03] ACTION: {'action': 'WAIT', 'source': 'pause_before_translation'}
2026-09-09 15:14:06 DEBUG    [SA_03] Checkbox: loop = False
2026-09-09 15:14:07 DEBUG    [SA_03] Button: next
2026-09-09 15:14:07 DEBUG    [SA_03] PREPARE_ITEM #26
2026-09-09 15:14:07 DEBUG    [SA_03] ACTION: {'action': 'SHOW', 'target': 'top', 'content': 'phrase_text'}
2026-09-09 15:14:07 DEBUG    [SA_03] ACTION: {'action': 'PLAY', 'source': 'phrase_text'}
2026-09-09 15:14:07 DEBUG    [SA_03] AudioProvider: CACHE MISS
2026-09-09 15:14:08 DEBUG    [SA_03] TEXT PLAY
2026-09-09 15:14:10 DEBUG    [SA_03] Checkbox: loop = True
2026-09-09 15:14:13 DEBUG    [SA_03] TEXT_END
2026-09-09 15:14:13 DEBUG    [SA_03] ACTION: {'action': 'WAIT', 'source': 'pause_before_translation'}
2026-09-09 15:14:18 DEBUG    [SA_03] PAUSE_END
2026-09-09 15:14:18 DEBUG    [SA_03] ACTION: {'action': 'SHOW', 'target': 'bottom', 'content': 'translate_text'}
2026-09-09 15:14:19 DEBUG    [SA_03] ACTION: {'action': 'PLAY', 'source': 'translate_text'}
2026-09-09 15:14:19 DEBUG    [SA_03] AudioProvider: CACHE MISS
2026-09-09 15:14:20 DEBUG    [SA_03] TRANSLATION PLAY
2026-09-09 15:14:25 DEBUG    [SA_03] TRANSLATION_END
2026-09-09 15:14:25 DEBUG    [SA_03] ACTION: {'action': 'WAIT', 'source': 'pause_between_sentences'}
2026-09-09 15:14:27 DEBUG    [SA_03] PAUSE_END
2026-09-09 15:14:27 DEBUG    [SA_03] ACTION: {'action': 'HIDE', 'target': 'top'}
2026-09-09 15:14:27 DEBUG    [SA_03] ACTION: {'action': 'HIDE', 'target': 'bottom'}
2026-09-09 15:14:27 INFO     [SA_03] SCENARIO FINISHED
2026-09-09 15:14:27 DEBUG    [SA_03] LOOP: repeat current item
2026-09-09 15:14:27 DEBUG    [SA_03] ACTION: {'action': 'SHOW', 'target': 'top', 'content': 'phrase_text'}
2026-09-09 15:14:27 DEBUG    [SA_03] ACTION: {'action': 'PLAY', 'source': 'phrase_text'}
2026-09-09 15:14:27 DEBUG    [SA_03] AudioProvider: CACHE HIT
2026-09-09 15:14:27 DEBUG    [SA_03] TEXT PLAY
2026-09-09 15:14:33 DEBUG    [SA_03] TEXT_END
2026-09-09 15:14:33 DEBUG    [SA_03] ACTION: {'action': 'WAIT', 'source': 'pause_before_translation'}
2026-09-09 15:14:38 DEBUG    [SA_03] PAUSE_END
2026-09-09 15:14:38 DEBUG    [SA_03] ACTION: {'action': 'SHOW', 'target': 'bottom', 'content': 'translate_text'}
2026-09-09 15:14:38 DEBUG    [SA_03] ACTION: {'action': 'PLAY', 'source': 'translate_text'}
2026-09-09 15:14:38 DEBUG    [SA_03] AudioProvider: CACHE HIT
2026-09-09 15:14:38 DEBUG    [SA_03] TRANSLATION PLAY
2026-09-09 15:14:43 DEBUG    [SA_03] TRANSLATION_END
2026-09-09 15:14:43 DEBUG    [SA_03] ACTION: {'action': 'WAIT', 'source': 'pause_between_sentences'}
2026-09-09 15:14:45 DEBUG    [SA_03] PAUSE_END
2026-09-09 15:14:45 DEBUG    [SA_03] ACTION: {'action': 'HIDE', 'target': 'top'}
2026-09-09 15:14:45 DEBUG    [SA_03] ACTION: {'action': 'HIDE', 'target': 'bottom'}
2026-09-09 15:14:45 INFO     [SA_03] SCENARIO FINISHED
2026-09-09 15:14:45 DEBUG    [SA_03] LOOP: repeat current item
2026-09-09 15:14:45 DEBUG    [SA_03] ACTION: {'action': 'SHOW', 'target': 'top', 'content': 'phrase_text'}
2026-09-09 15:14:45 DEBUG    [SA_03] ACTION: {'action': 'PLAY', 'source': 'phrase_text'}
2026-09-09 15:14:45 DEBUG    [SA_03] AudioProvider: CACHE HIT
2026-09-09 15:14:45 DEBUG    [SA_03] TEXT PLAY
2026-09-09 15:14:48 DEBUG    [SA_03] Checkbox: loop = False
2026-09-09 15:14:51 DEBUG    [SA_03] TEXT_END
2026-09-09 15:14:51 DEBUG    [SA_03] ACTION: {'action': 'WAIT', 'source': 'pause_before_translation'}
2026-09-09 15:14:56 DEBUG    [SA_03] PAUSE_END
2026-09-09 15:14:56 DEBUG    [SA_03] ACTION: {'action': 'SHOW', 'target': 'bottom', 'content': 'translate_text'}
2026-09-09 15:14:56 DEBUG    [SA_03] ACTION: {'action': 'PLAY', 'source': 'translate_text'}
2026-09-09 15:14:56 DEBUG    [SA_03] AudioProvider: CACHE HIT
2026-09-09 15:14:56 DEBUG    [SA_03] TRANSLATION PLAY
2026-09-09 15:15:01 DEBUG    [SA_03] TRANSLATION_END
2026-09-09 15:15:01 DEBUG    [SA_03] ACTION: {'action': 'WAIT', 'source': 'pause_between_sentences'}
2026-09-09 15:15:03 DEBUG    [SA_03] PAUSE_END
2026-09-09 15:15:03 DEBUG    [SA_03] ACTION: {'action': 'HIDE', 'target': 'top'}
2026-09-09 15:15:03 DEBUG    [SA_03] ACTION: {'action': 'HIDE', 'target': 'bottom'}
2026-09-09 15:15:03 INFO     [SA_03] SCENARIO FINISHED
2026-09-09 15:15:03 DEBUG    [SA_03] FINISH_ITEM: repeat 1/2
2026-09-09 15:15:03 DEBUG    [SA_03] ACTION: {'action': 'SHOW', 'target': 'top', 'content': 'phrase_text'}
2026-09-09 15:15:03 DEBUG    [SA_03] ACTION: {'action': 'PLAY', 'source': 'phrase_text'}
2026-09-09 15:15:03 DEBUG    [SA_03] AudioProvider: CACHE HIT
2026-09-09 15:15:03 DEBUG    [SA_03] TEXT PLAY
2026-09-09 15:15:09 DEBUG    [SA_03] TEXT_END
2026-09-09 15:15:09 DEBUG    [SA_03] ACTION: {'action': 'WAIT', 'source': 'pause_before_translation'}
2026-09-09 15:15:14 DEBUG    [SA_03] PAUSE_END
2026-09-09 15:15:14 DEBUG    [SA_03] ACTION: {'action': 'SHOW', 'target': 'bottom', 'content': 'translate_text'}
2026-09-09 15:15:14 DEBUG    [SA_03] ACTION: {'action': 'PLAY', 'source': 'translate_text'}
2026-09-09 15:15:14 DEBUG    [SA_03] AudioProvider: CACHE HIT
2026-09-09 15:15:14 DEBUG    [SA_03] TRANSLATION PLAY
2026-09-09 15:15:19 DEBUG    [SA_03] TRANSLATION_END
2026-09-09 15:15:19 DEBUG    [SA_03] ACTION: {'action': 'WAIT', 'source': 'pause_between_sentences'}
2026-09-09 15:15:21 DEBUG    [SA_03] PAUSE_END
2026-09-09 15:15:21 DEBUG    [SA_03] ACTION: {'action': 'HIDE', 'target': 'top'}
2026-09-09 15:15:21 DEBUG    [SA_03] ACTION: {'action': 'HIDE', 'target': 'bottom'}
2026-09-09 15:15:21 INFO     [SA_03] SCENARIO FINISHED
2026-09-09 15:15:21 DEBUG    [SA_03] FINISH_ITEM: repeat 2/2
2026-09-09 15:15:21 DEBUG    [SA_03] PREPARE_ITEM #27
2026-09-09 15:15:21 DEBUG    [SA_03] ACTION: {'action': 'SHOW', 'target': 'top', 'content': 'phrase_text'}
2026-09-09 15:15:21 DEBUG    [SA_03] ACTION: {'action': 'PLAY', 'source': 'phrase_text'}
2026-09-09 15:15:21 DEBUG    [SA_03] AudioProvider: CACHE MISS
2026-09-09 15:15:22 DEBUG    [SA_03] TEXT PLAY
2026-09-09 15:15:24 DEBUG    [SA_03] TEXT_END
2026-09-09 15:15:24 DEBUG    [SA_03] ACTION: {'action': 'WAIT', 'source': 'pause_before_translation'}
2026-09-09 15:15:27 DEBUG    [SA_03] PAUSE_END
2026-09-09 15:15:27 DEBUG    [SA_03] ACTION: {'action': 'SHOW', 'target': 'bottom', 'content': 'translate_text'}
2026-09-09 15:15:27 DEBUG    [SA_03] ACTION: {'action': 'PLAY', 'source': 'translate_text'}
2026-09-09 15:15:27 DEBUG    [SA_03] AudioProvider: CACHE MISS
2026-09-09 15:15:29 DEBUG    [SA_03] TRANSLATION PLAY
2026-09-09 15:15:32 DEBUG    [SA_03] TRANSLATION_END
2026-09-09 15:15:32 DEBUG    [SA_03] ACTION: {'action': 'WAIT', 'source': 'pause_between_sentences'}
2026-09-09 15:15:34 DEBUG    [SA_03] PAUSE_END
2026-09-09 15:15:34 DEBUG    [SA_03] ACTION: {'action': 'HIDE', 'target': 'top'}
2026-09-09 15:15:34 DEBUG    [SA_03] ACTION: {'action': 'HIDE', 'target': 'bottom'}
2026-09-09 15:15:34 INFO     [SA_03] SCENARIO FINISHED
2026-09-09 15:15:34 DEBUG    [SA_03] FINISH_ITEM: repeat 1/2
2026-09-09 15:15:34 DEBUG    [SA_03] ACTION: {'action': 'SHOW', 'target': 'top', 'content': 'phrase_text'}
2026-09-09 15:15:34 DEBUG    [SA_03] ACTION: {'action': 'PLAY', 'source': 'phrase_text'}
2026-09-09 15:15:34 DEBUG    [SA_03] AudioProvider: CACHE HIT
2026-09-09 15:15:34 DEBUG    [SA_03] TEXT PLAY
2026-09-09 15:15:36 DEBUG    [SA_03] TEXT_END
2026-09-09 15:15:36 DEBUG    [SA_03] ACTION: {'action': 'WAIT', 'source': 'pause_before_translation'}
2026-09-09 15:15:39 DEBUG    [SA_03] PAUSE_END
2026-09-09 15:15:39 DEBUG    [SA_03] ACTION: {'action': 'SHOW', 'target': 'bottom', 'content': 'translate_text'}
2026-09-09 15:15:39 DEBUG    [SA_03] ACTION: {'action': 'PLAY', 'source': 'translate_text'}
2026-09-09 15:15:39 DEBUG    [SA_03] AudioProvider: CACHE HIT
2026-09-09 15:15:39 DEBUG    [SA_03] TRANSLATION PLAY
2026-09-09 15:15:42 DEBUG    [SA_03] TRANSLATION_END
2026-09-09 15:15:42 DEBUG    [SA_03] ACTION: {'action': 'WAIT', 'source': 'pause_between_sentences'}
2026-09-09 15:15:44 DEBUG    [SA_03] PAUSE_END
2026-09-09 15:15:44 DEBUG    [SA_03] ACTION: {'action': 'HIDE', 'target': 'top'}
2026-09-09 15:15:44 DEBUG    [SA_03] ACTION: {'action': 'HIDE', 'target': 'bottom'}
2026-09-09 15:15:44 INFO     [SA_03] SCENARIO FINISHED
2026-09-09 15:15:44 DEBUG    [SA_03] FINISH_ITEM: repeat 2/2
2026-09-09 15:15:44 DEBUG    [SA_03] PREPARE_ITEM #28
2026-09-09 15:15:45 DEBUG    [SA_03] ACTION: {'action': 'SHOW', 'target': 'top', 'content': 'phrase_text'}
2026-09-09 15:15:45 DEBUG    [SA_03] ACTION: {'action': 'PLAY', 'source': 'phrase_text'}
2026-09-09 15:15:45 DEBUG    [SA_03] AudioProvider: CACHE MISS
2026-09-09 15:15:45 DEBUG    [SA_03] TEXT PLAY
2026-09-09 15:15:50 DEBUG    [SA_03] TEXT_END
2026-09-09 15:15:50 DEBUG    [SA_03] ACTION: {'action': 'WAIT', 'source': 'pause_before_translation'}
2026-09-09 15:15:55 DEBUG    [SA_03] PAUSE_END
2026-09-09 15:15:55 DEBUG    [SA_03] ACTION: {'action': 'SHOW', 'target': 'bottom', 'content': 'translate_text'}
2026-09-09 15:15:55 DEBUG    [SA_03] ACTION: {'action': 'PLAY', 'source': 'translate_text'}
2026-09-09 15:15:55 DEBUG    [SA_03] AudioProvider: CACHE MISS
2026-09-09 15:15:56 DEBUG    [SA_03] TRANSLATION PLAY
2026-09-09 15:16:00 DEBUG    [SA_03] TRANSLATION_END
2026-09-09 15:16:00 DEBUG    [SA_03] ACTION: {'action': 'WAIT', 'source': 'pause_between_sentences'}
2026-09-09 15:16:02 DEBUG    [SA_03] PAUSE_END
2026-09-09 15:16:02 DEBUG    [SA_03] ACTION: {'action': 'HIDE', 'target': 'top'}
2026-09-09 15:16:02 DEBUG    [SA_03] ACTION: {'action': 'HIDE', 'target': 'bottom'}
2026-09-09 15:16:03 INFO     [SA_03] SCENARIO FINISHED
2026-09-09 15:16:03 DEBUG    [SA_03] FINISH_ITEM: repeat 1/2
2026-09-09 15:16:03 DEBUG    [SA_03] ACTION: {'action': 'SHOW', 'target': 'top', 'content': 'phrase_text'}
2026-09-09 15:16:03 DEBUG    [SA_03] ACTION: {'action': 'PLAY', 'source': 'phrase_text'}
2026-09-09 15:16:03 DEBUG    [SA_03] AudioProvider: CACHE HIT
2026-09-09 15:16:03 DEBUG    [SA_03] TEXT PLAY
2026-09-09 15:16:03 DEBUG    [SA_03] Slider: voice_speed = 0.8088888888888889
2026-09-09 15:16:07 DEBUG    [SA_03] TEXT_END
2026-09-09 15:16:07 DEBUG    [SA_03] ACTION: {'action': 'WAIT', 'source': 'pause_before_translation'}
2026-09-09 15:16:12 DEBUG    [SA_03] PAUSE_END
2026-09-09 15:16:12 DEBUG    [SA_03] ACTION: {'action': 'SHOW', 'target': 'bottom', 'content': 'translate_text'}
2026-09-09 15:16:12 DEBUG    [SA_03] ACTION: {'action': 'PLAY', 'source': 'translate_text'}
2026-09-09 15:16:12 DEBUG    [SA_03] AudioProvider: CACHE MISS
2026-09-09 15:16:13 DEBUG    [SA_03] TRANSLATION PLAY
2026-09-09 15:16:17 DEBUG    [SA_03] TRANSLATION_END
2026-09-09 15:16:17 DEBUG    [SA_03] ACTION: {'action': 'WAIT', 'source': 'pause_between_sentences'}
2026-09-09 15:16:19 DEBUG    [SA_03] PAUSE_END
2026-09-09 15:16:19 DEBUG    [SA_03] ACTION: {'action': 'HIDE', 'target': 'top'}
2026-09-09 15:16:19 DEBUG    [SA_03] ACTION: {'action': 'HIDE', 'target': 'bottom'}
2026-09-09 15:16:19 INFO     [SA_03] SCENARIO FINISHED
2026-09-09 15:16:19 DEBUG    [SA_03] FINISH_ITEM: repeat 2/2
2026-09-09 15:16:19 DEBUG    [SA_03] PREPARE_ITEM #29
2026-09-09 15:16:19 DEBUG    [SA_03] ACTION: {'action': 'SHOW', 'target': 'top', 'content': 'phrase_text'}
2026-09-09 15:16:19 DEBUG    [SA_03] ACTION: {'action': 'PLAY', 'source': 'phrase_text'}
2026-09-09 15:16:19 DEBUG    [SA_03] AudioProvider: CACHE MISS
2026-09-09 15:16:20 DEBUG    [SA_03] TEXT PLAY
2026-09-09 15:16:25 DEBUG    [SA_03] TEXT_END
2026-09-09 15:16:25 DEBUG    [SA_03] ACTION: {'action': 'WAIT', 'source': 'pause_before_translation'}
2026-09-09 15:16:30 DEBUG    [SA_03] PAUSE_END
2026-09-09 15:16:30 DEBUG    [SA_03] ACTION: {'action': 'SHOW', 'target': 'bottom', 'content': 'translate_text'}
2026-09-09 15:16:30 DEBUG    [SA_03] ACTION: {'action': 'PLAY', 'source': 'translate_text'}
2026-09-09 15:16:30 DEBUG    [SA_03] AudioProvider: CACHE MISS
2026-09-09 15:16:31 DEBUG    [SA_03] TRANSLATION PLAY
2026-09-09 15:16:36 DEBUG    [SA_03] TRANSLATION_END
2026-09-09 15:16:36 DEBUG    [SA_03] ACTION: {'action': 'WAIT', 'source': 'pause_between_sentences'}
2026-09-09 15:16:38 DEBUG    [SA_03] PAUSE_END
2026-09-09 15:16:38 DEBUG    [SA_03] ACTION: {'action': 'HIDE', 'target': 'top'}
2026-09-09 15:16:38 DEBUG    [SA_03] ACTION: {'action': 'HIDE', 'target': 'bottom'}
2026-09-09 15:16:38 INFO     [SA_03] SCENARIO FINISHED
2026-09-09 15:16:38 DEBUG    [SA_03] FINISH_ITEM: repeat 1/2
2026-09-09 15:16:38 DEBUG    [SA_03] ACTION: {'action': 'SHOW', 'target': 'top', 'content': 'phrase_text'}
2026-09-09 15:16:38 DEBUG    [SA_03] ACTION: {'action': 'PLAY', 'source': 'phrase_text'}
2026-09-09 15:16:38 DEBUG    [SA_03] AudioProvider: CACHE HIT
2026-09-09 15:16:38 DEBUG    [SA_03] TEXT PLAY
2026-09-09 15:16:42 DEBUG    [SA_03] TEXT_END
2026-09-09 15:16:42 DEBUG    [SA_03] ACTION: {'action': 'WAIT', 'source': 'pause_before_translation'}
2026-09-09 15:16:47 DEBUG    [SA_03] PAUSE_END
2026-09-09 15:16:47 DEBUG    [SA_03] ACTION: {'action': 'SHOW', 'target': 'bottom', 'content': 'translate_text'}
2026-09-09 15:16:47 DEBUG    [SA_03] ACTION: {'action': 'PLAY', 'source': 'translate_text'}
2026-09-09 15:16:47 DEBUG    [SA_03] AudioProvider: CACHE HIT
2026-09-09 15:16:47 DEBUG    [SA_03] TRANSLATION PLAY
2026-09-09 15:16:52 DEBUG    [SA_03] TRANSLATION_END
2026-09-09 15:16:52 DEBUG    [SA_03] ACTION: {'action': 'WAIT', 'source': 'pause_between_sentences'}
2026-09-09 15:16:54 DEBUG    [SA_03] PAUSE_END
2026-09-09 15:16:54 DEBUG    [SA_03] ACTION: {'action': 'HIDE', 'target': 'top'}
2026-09-09 15:16:54 DEBUG    [SA_03] ACTION: {'action': 'HIDE', 'target': 'bottom'}
2026-09-09 15:16:54 INFO     [SA_03] SCENARIO FINISHED
2026-09-09 15:16:54 DEBUG    [SA_03] FINISH_ITEM: repeat 2/2
2026-09-09 15:16:54 DEBUG    [SA_03] PREPARE_ITEM #30
2026-09-09 15:16:54 DEBUG    [SA_03] ACTION: {'action': 'SHOW', 'target': 'top', 'content': 'phrase_text'}
2026-09-09 15:16:54 DEBUG    [SA_03] ACTION: {'action': 'PLAY', 'source': 'phrase_text'}
2026-09-09 15:16:54 DEBUG    [SA_03] AudioProvider: CACHE MISS
2026-09-09 15:16:55 DEBUG    [SA_03] TEXT PLAY
2026-09-09 15:16:59 DEBUG    [SA_03] TEXT_END
2026-09-09 15:16:59 DEBUG    [SA_03] ACTION: {'action': 'WAIT', 'source': 'pause_before_translation'}
2026-09-09 15:17:04 DEBUG    [SA_03] PAUSE_END
2026-09-09 15:17:04 DEBUG    [SA_03] ACTION: {'action': 'SHOW', 'target': 'bottom', 'content': 'translate_text'}
2026-09-09 15:17:04 DEBUG    [SA_03] ACTION: {'action': 'PLAY', 'source': 'translate_text'}
2026-09-09 15:17:04 DEBUG    [SA_03] AudioProvider: CACHE MISS
2026-09-09 15:17:05 DEBUG    [SA_03] TRANSLATION PLAY
2026-09-09 15:17:10 DEBUG    [SA_03] TRANSLATION_END
2026-09-09 15:17:10 DEBUG    [SA_03] ACTION: {'action': 'WAIT', 'source': 'pause_between_sentences'}
2026-09-09 15:17:12 DEBUG    [SA_03] PAUSE_END
2026-09-09 15:17:12 DEBUG    [SA_03] ACTION: {'action': 'HIDE', 'target': 'top'}
2026-09-09 15:17:12 DEBUG    [SA_03] ACTION: {'action': 'HIDE', 'target': 'bottom'}
2026-09-09 15:17:12 INFO     [SA_03] SCENARIO FINISHED
2026-09-09 15:17:12 DEBUG    [SA_03] FINISH_ITEM: repeat 1/2
2026-09-09 15:17:12 DEBUG    [SA_03] ACTION: {'action': 'SHOW', 'target': 'top', 'content': 'phrase_text'}
2026-09-09 15:17:12 DEBUG    [SA_03] ACTION: {'action': 'PLAY', 'source': 'phrase_text'}
2026-09-09 15:17:12 DEBUG    [SA_03] AudioProvider: CACHE HIT
2026-09-09 15:17:12 DEBUG    [SA_03] TEXT PLAY
2026-09-09 15:17:16 DEBUG    [SA_03] TEXT_END
2026-09-09 15:17:16 DEBUG    [SA_03] ACTION: {'action': 'WAIT', 'source': 'pause_before_translation'}
2026-09-09 15:17:21 DEBUG    [SA_03] PAUSE_END
2026-09-09 15:17:21 DEBUG    [SA_03] ACTION: {'action': 'SHOW', 'target': 'bottom', 'content': 'translate_text'}
2026-09-09 15:17:21 DEBUG    [SA_03] ACTION: {'action': 'PLAY', 'source': 'translate_text'}
2026-09-09 15:17:21 DEBUG    [SA_03] AudioProvider: CACHE HIT
2026-09-09 15:17:21 DEBUG    [SA_03] TRANSLATION PLAY
2026-09-09 15:17:26 DEBUG    [SA_03] TRANSLATION_END
2026-09-09 15:17:26 DEBUG    [SA_03] ACTION: {'action': 'WAIT', 'source': 'pause_between_sentences'}
2026-09-09 15:17:28 DEBUG    [SA_03] PAUSE_END
2026-09-09 15:17:28 DEBUG    [SA_03] ACTION: {'action': 'HIDE', 'target': 'top'}
2026-09-09 15:17:28 DEBUG    [SA_03] ACTION: {'action': 'HIDE', 'target': 'bottom'}
2026-09-09 15:17:28 INFO     [SA_03] SCENARIO FINISHED
2026-09-09 15:17:28 DEBUG    [SA_03] FINISH_ITEM: repeat 2/2
2026-09-09 15:17:28 DEBUG    [SA_03] PREPARE_ITEM #31
2026-09-09 15:17:28 DEBUG    [SA_03] ACTION: {'action': 'SHOW', 'target': 'top', 'content': 'phrase_text'}
2026-09-09 15:17:28 DEBUG    [SA_03] ACTION: {'action': 'PLAY', 'source': 'phrase_text'}
2026-09-09 15:17:28 DEBUG    [SA_03] AudioProvider: CACHE MISS
2026-09-09 15:17:29 DEBUG    [SA_03] TEXT PLAY
2026-09-09 15:17:34 DEBUG    [SA_03] TEXT_END
2026-09-09 15:17:34 DEBUG    [SA_03] ACTION: {'action': 'WAIT', 'source': 'pause_before_translation'}
2026-09-09 15:17:39 DEBUG    [SA_03] PAUSE_END
2026-09-09 15:17:39 DEBUG    [SA_03] ACTION: {'action': 'SHOW', 'target': 'bottom', 'content': 'translate_text'}
2026-09-09 15:17:39 DEBUG    [SA_03] ACTION: {'action': 'PLAY', 'source': 'translate_text'}
2026-09-09 15:17:39 DEBUG    [SA_03] AudioProvider: CACHE MISS
2026-09-09 15:17:40 DEBUG    [SA_03] TRANSLATION PLAY
2026-09-09 15:17:46 DEBUG    [SA_03] TRANSLATION_END
2026-09-09 15:17:46 DEBUG    [SA_03] ACTION: {'action': 'WAIT', 'source': 'pause_between_sentences'}
2026-09-09 15:17:48 DEBUG    [SA_03] PAUSE_END
2026-09-09 15:17:48 DEBUG    [SA_03] ACTION: {'action': 'HIDE', 'target': 'top'}
2026-09-09 15:17:48 DEBUG    [SA_03] ACTION: {'action': 'HIDE', 'target': 'bottom'}
2026-09-09 15:17:48 INFO     [SA_03] SCENARIO FINISHED
2026-09-09 15:17:48 DEBUG    [SA_03] FINISH_ITEM: repeat 1/2
2026-09-09 15:17:48 DEBUG    [SA_03] ACTION: {'action': 'SHOW', 'target': 'top', 'content': 'phrase_text'}
2026-09-09 15:17:48 DEBUG    [SA_03] ACTION: {'action': 'PLAY', 'source': 'phrase_text'}
2026-09-09 15:17:48 DEBUG    [SA_03] AudioProvider: CACHE HIT
2026-09-09 15:17:48 DEBUG    [SA_03] TEXT PLAY
2026-09-09 15:17:53 DEBUG    [SA_03] TEXT_END
2026-09-09 15:17:53 DEBUG    [SA_03] ACTION: {'action': 'WAIT', 'source': 'pause_before_translation'}
2026-09-09 15:17:58 DEBUG    [SA_03] PAUSE_END
2026-09-09 15:17:58 DEBUG    [SA_03] ACTION: {'action': 'SHOW', 'target': 'bottom', 'content': 'translate_text'}
2026-09-09 15:17:58 DEBUG    [SA_03] ACTION: {'action': 'PLAY', 'source': 'translate_text'}
2026-09-09 15:17:58 DEBUG    [SA_03] AudioProvider: CACHE HIT
2026-09-09 15:17:58 DEBUG    [SA_03] TRANSLATION PLAY
2026-09-09 15:18:03 DEBUG    [SA_03] TRANSLATION_END
2026-09-09 15:18:03 DEBUG    [SA_03] ACTION: {'action': 'WAIT', 'source': 'pause_between_sentences'}
2026-09-09 15:18:05 DEBUG    [SA_03] PAUSE_END
2026-09-09 15:18:05 DEBUG    [SA_03] ACTION: {'action': 'HIDE', 'target': 'top'}
2026-09-09 15:18:05 DEBUG    [SA_03] ACTION: {'action': 'HIDE', 'target': 'bottom'}
2026-09-09 15:18:05 INFO     [SA_03] SCENARIO FINISHED
2026-09-09 15:18:05 DEBUG    [SA_03] FINISH_ITEM: repeat 2/2
2026-09-09 15:18:05 DEBUG    [SA_03] PREPARE_ITEM #32
2026-09-09 15:18:05 DEBUG    [SA_03] ACTION: {'action': 'SHOW', 'target': 'top', 'content': 'phrase_text'}
2026-09-09 15:18:05 DEBUG    [SA_03] ACTION: {'action': 'PLAY', 'source': 'phrase_text'}
2026-09-09 15:18:05 DEBUG    [SA_03] AudioProvider: CACHE MISS
2026-09-09 15:18:06 DEBUG    [SA_03] TEXT PLAY
2026-09-09 15:18:10 DEBUG    [SA_03] TEXT_END
2026-09-09 15:18:10 DEBUG    [SA_03] ACTION: {'action': 'WAIT', 'source': 'pause_before_translation'}
2026-09-09 15:18:15 DEBUG    [SA_03] PAUSE_END
2026-09-09 15:18:15 DEBUG    [SA_03] ACTION: {'action': 'SHOW', 'target': 'bottom', 'content': 'translate_text'}
2026-09-09 15:18:15 DEBUG    [SA_03] ACTION: {'action': 'PLAY', 'source': 'translate_text'}
2026-09-09 15:18:15 DEBUG    [SA_03] AudioProvider: CACHE MISS
2026-09-09 15:18:16 DEBUG    [SA_03] TRANSLATION PLAY
2026-09-09 15:18:21 DEBUG    [SA_03] TRANSLATION_END
2026-09-09 15:18:21 DEBUG    [SA_03] ACTION: {'action': 'WAIT', 'source': 'pause_between_sentences'}
2026-09-09 15:18:23 DEBUG    [SA_03] PAUSE_END
2026-09-09 15:18:23 DEBUG    [SA_03] ACTION: {'action': 'HIDE', 'target': 'top'}
2026-09-09 15:18:23 DEBUG    [SA_03] ACTION: {'action': 'HIDE', 'target': 'bottom'}
2026-09-09 15:18:23 INFO     [SA_03] SCENARIO FINISHED
2026-09-09 15:18:23 DEBUG    [SA_03] FINISH_ITEM: repeat 1/2
2026-09-09 15:18:23 DEBUG    [SA_03] ACTION: {'action': 'SHOW', 'target': 'top', 'content': 'phrase_text'}
2026-09-09 15:18:23 DEBUG    [SA_03] ACTION: {'action': 'PLAY', 'source': 'phrase_text'}
2026-09-09 15:18:23 DEBUG    [SA_03] AudioProvider: CACHE HIT
2026-09-09 15:18:23 DEBUG    [SA_03] TEXT PLAY
2026-09-09 15:18:27 DEBUG    [SA_03] TEXT_END
2026-09-09 15:18:27 DEBUG    [SA_03] ACTION: {'action': 'WAIT', 'source': 'pause_before_translation'}
2026-09-09 15:18:32 DEBUG    [SA_03] PAUSE_END
2026-09-09 15:18:32 DEBUG    [SA_03] ACTION: {'action': 'SHOW', 'target': 'bottom', 'content': 'translate_text'}
2026-09-09 15:18:32 DEBUG    [SA_03] ACTION: {'action': 'PLAY', 'source': 'translate_text'}
2026-09-09 15:18:32 DEBUG    [SA_03] AudioProvider: CACHE HIT
2026-09-09 15:18:32 DEBUG    [SA_03] TRANSLATION PLAY
2026-09-09 15:18:37 DEBUG    [SA_03] TRANSLATION_END
2026-09-09 15:18:37 DEBUG    [SA_03] ACTION: {'action': 'WAIT', 'source': 'pause_between_sentences'}
2026-09-09 15:18:39 DEBUG    [SA_03] PAUSE_END
2026-09-09 15:18:39 DEBUG    [SA_03] ACTION: {'action': 'HIDE', 'target': 'top'}
2026-09-09 15:18:39 DEBUG    [SA_03] ACTION: {'action': 'HIDE', 'target': 'bottom'}
2026-09-09 15:18:39 INFO     [SA_03] SCENARIO FINISHED
2026-09-09 15:18:39 DEBUG    [SA_03] FINISH_ITEM: repeat 2/2
2026-09-09 15:18:39 DEBUG    [SA_03] PREPARE_ITEM #33
2026-09-09 15:18:39 DEBUG    [SA_03] ACTION: {'action': 'SHOW', 'target': 'top', 'content': 'phrase_text'}
2026-09-09 15:18:39 DEBUG    [SA_03] ACTION: {'action': 'PLAY', 'source': 'phrase_text'}
2026-09-09 15:18:39 DEBUG    [SA_03] AudioProvider: CACHE MISS
2026-09-09 15:18:40 DEBUG    [SA_03] TEXT PLAY
2026-09-09 15:18:46 DEBUG    [SA_03] TEXT_END
2026-09-09 15:18:46 DEBUG    [SA_03] ACTION: {'action': 'WAIT', 'source': 'pause_before_translation'}
2026-09-09 15:18:51 DEBUG    [SA_03] PAUSE_END
2026-09-09 15:18:51 DEBUG    [SA_03] ACTION: {'action': 'SHOW', 'target': 'bottom', 'content': 'translate_text'}
2026-09-09 15:18:51 DEBUG    [SA_03] ACTION: {'action': 'PLAY', 'source': 'translate_text'}
2026-09-09 15:18:51 DEBUG    [SA_03] AudioProvider: CACHE MISS
2026-09-09 15:18:54 DEBUG    [SA_03] TRANSLATION PLAY
2026-09-09 15:18:56 DEBUG    [SA_03] Checkbox: loop = True
2026-09-09 15:18:58 DEBUG    [SA_03] Checkbox: loop = False
2026-09-09 15:19:00 DEBUG    [SA_03] TRANSLATION_END
2026-09-09 15:19:00 DEBUG    [SA_03] ACTION: {'action': 'WAIT', 'source': 'pause_between_sentences'}
2026-09-09 15:19:00 DEBUG    [SA_03] Button: pause
2026-09-09 15:19:14 DEBUG    [SA_03] Button: db
2026-09-09 15:19:16 INFO     [SA_03] Database sets loaded: 23
2026-09-09 15:19:16 DEBUG    [SA_03] Selected set: English A1
2026-09-09 15:19:27 DEBUG    [SA_03] Selected set: Polish  Shadowing A1-B1
2026-09-09 15:20:44 INFO     [SA_03] Finish Application
2026-09-09 15:20:52 INFO     [SA_03] Finish Application
2026-09-09 15:59:58 INFO     [SA_03] Start Application
2026-09-09 16:00:00 DEBUG    [SA_03] INITIAL ITEM: phrase_code = pl phrase_locale = pl-PL phrase_voice = pl-PL-ZofiaNeural
2026-09-09 16:00:00 DEBUG    [SA_03] INITIAL SOURCE: language = pl locale = pl-PL voice = 
2026-09-09 16:00:01 DEBUG    [SA_03] Button: settings
2026-09-09 16:00:01 DEBUG    [SA_03] INITIAL ITEM: phrase_code = pl phrase_locale = pl-PL phrase_voice = pl-PL-ZofiaNeural
2026-09-09 16:00:01 DEBUG    [SA_03] INITIAL SOURCE: language = pl locale = pl-PL voice = 
2026-09-09 16:00:01 DEBUG    [SA_03] Target language: en
2026-09-09 16:00:01 DEBUG    [SA_03] Target locale: en-US
2026-09-09 16:00:06 DEBUG    [SA_03] Button: db
2026-09-09 16:00:07 INFO     [SA_03] Database sets loaded: 23
2026-09-09 16:00:07 DEBUG    [SA_03] Selected set: English A1
2026-09-09 16:00:11 DEBUG    [SA_03] Button: play
2026-09-09 16:00:11 DEBUG    [SA_03] PREPARE_ITEM #0
2026-09-09 16:00:11 DEBUG    [SA_03] ACTION: {'action': 'SHOW', 'target': 'top', 'content': 'phrase_text'}
2026-09-09 16:00:11 DEBUG    [SA_03] ACTION: {'action': 'PLAY', 'source': 'phrase_text'}
2026-09-09 16:00:11 DEBUG    [SA_03] AudioProvider: CACHE HIT
2026-09-09 16:00:11 DEBUG    [SA_03] TEXT PLAY
2026-09-09 16:00:12 DEBUG    [SA_03] TEXT_END
2026-09-09 16:00:12 DEBUG    [SA_03] ACTION: {'action': 'WAIT', 'source': 'pause_before_translation'}
2026-09-09 16:00:15 DEBUG    [SA_03] PAUSE_END
2026-09-09 16:00:15 DEBUG    [SA_03] ACTION: {'action': 'SHOW', 'target': 'bottom', 'content': 'translate_text'}
2026-09-09 16:00:15 DEBUG    [SA_03] ACTION: {'action': 'PLAY', 'source': 'translate_text'}
2026-09-09 16:00:15 DEBUG    [SA_03] AudioProvider: CACHE HIT
2026-09-09 16:00:15 DEBUG    [SA_03] TRANSLATION PLAY
2026-09-09 16:00:17 DEBUG    [SA_03] TRANSLATION_END
2026-09-09 16:00:17 DEBUG    [SA_03] ACTION: {'action': 'WAIT', 'source': 'pause_between_sentences'}
2026-09-09 16:00:19 DEBUG    [SA_03] PAUSE_END
2026-09-09 16:00:19 DEBUG    [SA_03] ACTION: {'action': 'HIDE', 'target': 'top'}
2026-09-09 16:00:19 DEBUG    [SA_03] ACTION: {'action': 'HIDE', 'target': 'bottom'}
2026-09-09 16:00:19 INFO     [SA_03] SCENARIO FINISHED
2026-09-09 16:00:19 DEBUG    [SA_03] FINISH_ITEM: repeat 1/2
2026-09-09 16:00:19 DEBUG    [SA_03] ACTION: {'action': 'SHOW', 'target': 'top', 'content': 'phrase_text'}
2026-09-09 16:00:19 DEBUG    [SA_03] ACTION: {'action': 'PLAY', 'source': 'phrase_text'}
2026-09-09 16:00:19 DEBUG    [SA_03] AudioProvider: CACHE HIT
2026-09-09 16:00:19 DEBUG    [SA_03] TEXT PLAY
2026-09-09 16:00:21 DEBUG    [SA_03] TEXT_END
2026-09-09 16:00:21 DEBUG    [SA_03] ACTION: {'action': 'WAIT', 'source': 'pause_before_translation'}
2026-09-09 16:00:23 INFO     [SA_03] Finish Application
2026-09-09 16:38:43 INFO     [SA_03] Start Application
2026-09-09 16:38:44 DEBUG    [SA_03] INITIAL ITEM: phrase_code = pl phrase_locale = pl-PL phrase_voice = pl-PL-ZofiaNeural
2026-09-09 16:38:44 DEBUG    [SA_03] INITIAL SOURCE: language = pl locale = pl-PL voice = 
2026-09-09 16:38:46 DEBUG    [SA_03] Button: db
2026-09-09 16:38:47 INFO     [SA_03] Database sets loaded: 23
2026-09-09 16:38:47 DEBUG    [SA_03] Selected set: English A1
2026-09-09 16:38:48 DEBUG    [SA_03] Button: login
2026-09-09 16:38:52 DEBUG    [SA_03] Button: settings
2026-09-09 16:38:52 DEBUG    [SA_03] INITIAL ITEM: phrase_code = pl phrase_locale = pl-PL phrase_voice = pl-PL-ZofiaNeural
2026-09-09 16:38:52 DEBUG    [SA_03] INITIAL SOURCE: language = pl locale = pl-PL voice = 
2026-09-09 16:38:53 DEBUG    [SA_03] Target language: en
2026-09-09 16:38:53 DEBUG    [SA_03] Target locale: en-US
2026-09-09 16:38:55 DEBUG    [SA_03] Button: play
2026-09-09 16:38:55 DEBUG    [SA_03] PREPARE_ITEM #0
2026-09-09 16:38:55 DEBUG    [SA_03] ACTION: {'action': 'SHOW', 'target': 'top', 'content': 'phrase_text'}
2026-09-09 16:38:55 DEBUG    [SA_03] ACTION: {'action': 'PLAY', 'source': 'phrase_text'}
2026-09-09 16:38:55 DEBUG    [SA_03] AudioProvider: CACHE HIT
2026-09-09 16:38:55 DEBUG    [SA_03] TEXT PLAY
2026-09-09 16:38:57 DEBUG    [SA_03] TEXT_END
2026-09-09 16:38:57 DEBUG    [SA_03] ACTION: {'action': 'WAIT', 'source': 'pause_before_translation'}
2026-09-09 16:38:58 DEBUG    [SA_03] Button: pause
2026-09-09 16:39:00 INFO     [SA_03] Finish Application
2026-09-09 17:01:45 INFO     [SA_03] Start Application
2026-09-09 17:01:46 DEBUG    [SA_03] INITIAL ITEM: phrase_code = pl phrase_locale = pl-PL phrase_voice = pl-PL-ZofiaNeural
2026-09-09 17:01:46 DEBUG    [SA_03] INITIAL SOURCE: language = pl locale = pl-PL voice = 
2026-09-09 17:01:47 DEBUG    [SA_03] Button: settings
2026-09-09 17:01:47 DEBUG    [SA_03] INITIAL ITEM: phrase_code = pl phrase_locale = pl-PL phrase_voice = pl-PL-ZofiaNeural
2026-09-09 17:01:47 DEBUG    [SA_03] INITIAL SOURCE: language = pl locale = pl-PL voice = 
2026-09-09 17:01:47 DEBUG    [SA_03] Target language: en
2026-09-09 17:01:47 DEBUG    [SA_03] Target locale: en-US
2026-09-09 17:01:49 DEBUG    [SA_03] Button: db
2026-09-09 17:01:50 INFO     [SA_03] Database sets loaded: 23
2026-09-09 17:01:50 DEBUG    [SA_03] Selected set: English A1
2026-09-09 17:01:51 DEBUG    [SA_03] Button: register
2026-09-09 17:01:54 DEBUG    [SA_03] Button: datatodb
2026-09-09 17:01:58 INFO     [SA_03] Finish Application
